"","OTU","locs","hlevel","sign_rank","Kingdom","Phylum","Class","Order","Family","Genus"
"1",41,"DOH17_vs_ILR17","AB_Genus",3,"Bacteria","Myxococcota","Myxococcia","Myxococcales","Archangiaceae","Stigmatella"
"2",138,"SAC16_vs_SAN17","AB_Family",2,"Bacteria","Spirochaetota","Spirochaetia","Spirochaetales","Borreliaceae",NA
"3",159,"NYC17_vs_TOK17","AB_Family",5,"Bacteria","Spirochaetota","Spirochaetia","Brachyspirales","Brachyspiraceae",NA
"4",192,"SAC16_vs_DEN17","AB_Family",4,"Bacteria","Pseudomonadota","Alphaproteobacteria","Rhodospirillales","Azospirillaceae",NA
"5",286,"BOG16_vs_ZRH17","AB_Genus",5,"Bacteria","Pseudomonadota","Gammaproteobacteria","Pseudomonadales","Pseudomonadaceae","Pseudomonas"
"6",316,"DOH16_vs_SAO17","AB_Order",5,"Bacteria","Pseudomonadota","Gammaproteobacteria","Pseudomonadales",NA,NA
"7",316,"DOH16_vs_ZRH17","AB_Family",5,"Bacteria","Pseudomonadota","Gammaproteobacteria","Pseudomonadales","Pseudomonadaceae",NA
"8",316,"AKL16_vs_ILR16","AB_Genus",5,"Bacteria","Pseudomonadota","Gammaproteobacteria","Pseudomonadales","Pseudomonadaceae","Stutzerimonas"
"9",316,"AKL16_vs_LIS16","AB_Genus",4,"Bacteria","Pseudomonadota","Gammaproteobacteria","Pseudomonadales","Pseudomonadaceae","Stutzerimonas"
"10",316,"BER16_vs_BOG16","AB_Genus",1,"Bacteria","Pseudomonadota","Gammaproteobacteria","Pseudomonadales","Pseudomonadaceae","Stutzerimonas"
"11",316,"BER16_vs_ILR16","AB_Genus",1,"Bacteria","Pseudomonadota","Gammaproteobacteria","Pseudomonadales","Pseudomonadaceae","Stutzerimonas"
"12",316,"BER16_vs_MIN17","AB_Genus",1,"Bacteria","Pseudomonadota","Gammaproteobacteria","Pseudomonadales","Pseudomonadaceae","Stutzerimonas"
"13",316,"BOG16_vs_SAC16","AB_Genus",1,"Bacteria","Pseudomonadota","Gammaproteobacteria","Pseudomonadales","Pseudomonadaceae","Stutzerimonas"
"14",316,"BOG16_vs_SAN17","AB_Genus",1,"Bacteria","Pseudomonadota","Gammaproteobacteria","Pseudomonadales","Pseudomonadaceae","Stutzerimonas"
"15",316,"BOG16_vs_TOK17","AB_Genus",1,"Bacteria","Pseudomonadota","Gammaproteobacteria","Pseudomonadales","Pseudomonadaceae","Stutzerimonas"
"16",316,"BOG16_vs_VIE17","AB_Genus",1,"Bacteria","Pseudomonadota","Gammaproteobacteria","Pseudomonadales","Pseudomonadaceae","Stutzerimonas"
"17",316,"DEN17_vs_ILR17","AB_Genus",4,"Bacteria","Pseudomonadota","Gammaproteobacteria","Pseudomonadales","Pseudomonadaceae","Stutzerimonas"
"18",316,"DOH16_vs_BAL17","AB_Genus",3,"Bacteria","Pseudomonadota","Gammaproteobacteria","Pseudomonadales","Pseudomonadaceae","Stutzerimonas"
"19",316,"DOH16_vs_DEN17","AB_Genus",1,"Bacteria","Pseudomonadota","Gammaproteobacteria","Pseudomonadales","Pseudomonadaceae","Stutzerimonas"
"20",316,"DOH16_vs_SAC16","AB_Genus",1,"Bacteria","Pseudomonadota","Gammaproteobacteria","Pseudomonadales","Pseudomonadaceae","Stutzerimonas"
"21",316,"DOH16_vs_SAN17","AB_Genus",2,"Bacteria","Pseudomonadota","Gammaproteobacteria","Pseudomonadales","Pseudomonadaceae","Stutzerimonas"
"22",316,"DOH16_vs_TOK17","AB_Genus",1,"Bacteria","Pseudomonadota","Gammaproteobacteria","Pseudomonadales","Pseudomonadaceae","Stutzerimonas"
"23",316,"DOH16_vs_VIE17","AB_Genus",1,"Bacteria","Pseudomonadota","Gammaproteobacteria","Pseudomonadales","Pseudomonadaceae","Stutzerimonas"
"24",316,"DOH17_vs_TOK17","AB_Genus",1,"Bacteria","Pseudomonadota","Gammaproteobacteria","Pseudomonadales","Pseudomonadaceae","Stutzerimonas"
"25",316,"DOH17_vs_VIE17","AB_Genus",4,"Bacteria","Pseudomonadota","Gammaproteobacteria","Pseudomonadales","Pseudomonadaceae","Stutzerimonas"
"26",316,"ILR16_vs_TOK17","AB_Genus",3,"Bacteria","Pseudomonadota","Gammaproteobacteria","Pseudomonadales","Pseudomonadaceae","Stutzerimonas"
"27",316,"ILR17_vs_TOK17","AB_Genus",1,"Bacteria","Pseudomonadota","Gammaproteobacteria","Pseudomonadales","Pseudomonadaceae","Stutzerimonas"
"28",316,"ILR17_vs_VIE17","AB_Genus",5,"Bacteria","Pseudomonadota","Gammaproteobacteria","Pseudomonadales","Pseudomonadaceae","Stutzerimonas"
"29",316,"LIS16_vs_TOK17","AB_Genus",3,"Bacteria","Pseudomonadota","Gammaproteobacteria","Pseudomonadales","Pseudomonadaceae","Stutzerimonas"
"30",316,"NYC16_vs_SAC16","AB_Genus",1,"Bacteria","Pseudomonadota","Gammaproteobacteria","Pseudomonadales","Pseudomonadaceae","Stutzerimonas"
"31",316,"NYC16_vs_TOK17","AB_Genus",3,"Bacteria","Pseudomonadota","Gammaproteobacteria","Pseudomonadales","Pseudomonadaceae","Stutzerimonas"
"32",316,"NYC16_vs_VIE17","AB_Genus",3,"Bacteria","Pseudomonadota","Gammaproteobacteria","Pseudomonadales","Pseudomonadaceae","Stutzerimonas"
"33",316,"SAC16_vs_TOK16","AB_Genus",1,"Bacteria","Pseudomonadota","Gammaproteobacteria","Pseudomonadales","Pseudomonadaceae","Stutzerimonas"
"34",316,"TOK16_vs_BAL17","AB_Genus",5,"Bacteria","Pseudomonadota","Gammaproteobacteria","Pseudomonadales","Pseudomonadaceae","Stutzerimonas"
"35",316,"TOK16_vs_SAN17","AB_Genus",3,"Bacteria","Pseudomonadota","Gammaproteobacteria","Pseudomonadales","Pseudomonadaceae","Stutzerimonas"
"36",316,"TOK16_vs_TOK17","AB_Genus",2,"Bacteria","Pseudomonadota","Gammaproteobacteria","Pseudomonadales","Pseudomonadaceae","Stutzerimonas"
"37",316,"TOK16_vs_VIE17","AB_Genus",4,"Bacteria","Pseudomonadota","Gammaproteobacteria","Pseudomonadales","Pseudomonadaceae","Stutzerimonas"
"38",316,"TOK17_vs_ZRH17","AB_Genus",1,"Bacteria","Pseudomonadota","Gammaproteobacteria","Pseudomonadales","Pseudomonadaceae","Stutzerimonas"
"39",408,"MIN17_vs_VIE17","AB_Genus",5,"Bacteria","Pseudomonadota","Alphaproteobacteria","Hyphomicrobiales","Methylobacteriaceae","Methylorubrum"
"40",490,"BER16_vs_SAC16","AB_Genus",1,"Bacteria","Pseudomonadota","Betaproteobacteria","Neisseriales","Neisseriaceae","Neisseria"
"41",490,"SAC16_vs_NYC17","AB_Genus",5,"Bacteria","Pseudomonadota","Betaproteobacteria","Neisseriales","Neisseriaceae","Neisseria"
"42",522,"BER16_vs_SAN17","AB_Genus",5,"Bacteria","Pseudomonadota","Alphaproteobacteria","Rhodospirillales","Acetobacteraceae","Acidiphilium"
"43",549,"LIS16_vs_MIN17","AB_Order",1,"Bacteria","Pseudomonadota","Gammaproteobacteria","Enterobacterales",NA,NA
"44",549,"DEN16_vs_NYC16","AB_Genus",2,"Bacteria","Pseudomonadota","Gammaproteobacteria","Enterobacterales","Erwiniaceae","Pantoea"
"45",549,"DEN17_vs_DOH17","AB_Genus",3,"Bacteria","Pseudomonadota","Gammaproteobacteria","Enterobacterales","Erwiniaceae","Pantoea"
"46",549,"ILR16_vs_MIN17","AB_Genus",3,"Bacteria","Pseudomonadota","Gammaproteobacteria","Enterobacterales","Erwiniaceae","Pantoea"
"47",549,"NYC16_vs_DEN17","AB_Genus",4,"Bacteria","Pseudomonadota","Gammaproteobacteria","Enterobacterales","Erwiniaceae","Pantoea"
"48",549,"NYC16_vs_SAN17","AB_Genus",2,"Bacteria","Pseudomonadota","Gammaproteobacteria","Enterobacterales","Erwiniaceae","Pantoea"
"49",550,"TOK17_vs_ZRH17","AB_Genus",2,"Bacteria","Pseudomonadota","Gammaproteobacteria","Enterobacterales","Enterobacteriaceae","Enterobacter"
"50",550,"VIE17_vs_ZRH17","AB_Genus",2,"Bacteria","Pseudomonadota","Gammaproteobacteria","Enterobacterales","Enterobacteriaceae","Enterobacter"
"51",566,"BER16_vs_NYC16","AB_Genus",2,"Bacteria","Pseudomonadota","Gammaproteobacteria","Enterobacterales","Enterobacteriaceae","Pseudescherichia"
"52",584,"SAC16_vs_VIE17","AB_Family",4,"Bacteria","Pseudomonadota","Gammaproteobacteria","Enterobacterales","Morganellaceae",NA
"53",584,"BOG16_vs_SAC16","AB_Genus",4,"Bacteria","Pseudomonadota","Gammaproteobacteria","Enterobacterales","Morganellaceae","Proteus"
"54",747,"DEN16_vs_ILR16","AB_Genus",3,"Bacteria","Pseudomonadota","Gammaproteobacteria","Pasteurellales","Pasteurellaceae","Pasteurella"
"55",779,"BAL17_vs_DOH17","AB_Family",1,"Bacteria","Pseudomonadota","Alphaproteobacteria","Rickettsiales","Anaplasmataceae",NA
"56",779,"BAL17_vs_ILR17","AB_Family",5,"Bacteria","Pseudomonadota","Alphaproteobacteria","Rickettsiales","Anaplasmataceae",NA
"57",779,"BAL17_vs_MIN17","AB_Family",3,"Bacteria","Pseudomonadota","Alphaproteobacteria","Rickettsiales","Anaplasmataceae",NA
"58",779,"BAL17_vs_SAO17","AB_Family",5,"Bacteria","Pseudomonadota","Alphaproteobacteria","Rickettsiales","Anaplasmataceae",NA
"59",1019,"DOH17_vs_TOK17","AB_Family",5,"Bacteria","Bacteroidota","Flavobacteriia","Flavobacteriales","Flavobacteriaceae",NA
"60",1019,"TOK17_vs_VIE17","AB_Family",1,"Bacteria","Bacteroidota","Flavobacteriia","Flavobacteriales","Flavobacteriaceae",NA
"61",1164,"DEN16_vs_NYC16","AB_Genus",1,"Bacteria","Cyanobacteriota","Cyanophyceae","Nostocales","Nostocaceae","Trichormus"
"62",1270,"AKL16_vs_BER16","AB_Family",5,"Bacteria","Actinomycetota","Actinomycetes","Micrococcales","Micrococcaceae",NA
"63",1270,"AKL16_vs_DEN17","AB_Family",4,"Bacteria","Actinomycetota","Actinomycetes","Micrococcales","Micrococcaceae",NA
"64",1270,"AKL16_vs_DOH16","AB_Family",2,"Bacteria","Actinomycetota","Actinomycetes","Micrococcales","Micrococcaceae",NA
"65",1270,"AKL16_vs_DOH17","AB_Family",2,"Bacteria","Actinomycetota","Actinomycetes","Micrococcales","Micrococcaceae",NA
"66",1270,"AKL16_vs_ILR17","AB_Family",5,"Bacteria","Actinomycetota","Actinomycetes","Micrococcales","Micrococcaceae",NA
"67",1270,"AKL16_vs_NYC16","AB_Family",3,"Bacteria","Actinomycetota","Actinomycetes","Micrococcales","Micrococcaceae",NA
"68",1270,"AKL16_vs_NYC17","AB_Family",3,"Bacteria","Actinomycetota","Actinomycetes","Micrococcales","Micrococcaceae",NA
"69",1270,"AKL16_vs_SAC16","AB_Family",3,"Bacteria","Actinomycetota","Actinomycetes","Micrococcales","Micrococcaceae",NA
"70",1270,"AKL16_vs_VIE17","AB_Family",3,"Bacteria","Actinomycetota","Actinomycetes","Micrococcales","Micrococcaceae",NA
"71",1270,"AKL16_vs_ZRH17","AB_Family",3,"Bacteria","Actinomycetota","Actinomycetes","Micrococcales","Micrococcaceae",NA
"72",1270,"BAL17_vs_SAN17","AB_Genus",2,"Bacteria","Actinomycetota","Actinomycetes","Micrococcales","Micrococcaceae","Micrococcus"
"73",1270,"DOH16_vs_ILR16","AB_Genus",4,"Bacteria","Actinomycetota","Actinomycetes","Micrococcales","Micrococcaceae","Micrococcus"
"74",1270,"DOH16_vs_SAN17","AB_Genus",3,"Bacteria","Actinomycetota","Actinomycetes","Micrococcales","Micrococcaceae","Micrococcus"
"75",1270,"SAN17_vs_VIE17","AB_Genus",3,"Bacteria","Actinomycetota","Actinomycetes","Micrococcales","Micrococcaceae","Micrococcus"
"76",1270,"SAN17_vs_ZRH17","AB_Genus",2,"Bacteria","Actinomycetota","Actinomycetes","Micrococcales","Micrococcaceae","Micrococcus"
"77",1274,"AKL16_vs_LIS16","AB_Genus",3,"Bacteria","Actinomycetota","Actinomycetes","Micrococcales","Dermacoccaceae","Dermacoccus"
"78",1274,"BER16_vs_TOK16","AB_Genus",2,"Bacteria","Actinomycetota","Actinomycetes","Micrococcales","Dermacoccaceae","Dermacoccus"
"79",1274,"ILR16_vs_LIS16","AB_Genus",3,"Bacteria","Actinomycetota","Actinomycetes","Micrococcales","Dermacoccaceae","Dermacoccus"
"80",1274,"ILR17_vs_NYC17","AB_Genus",5,"Bacteria","Actinomycetota","Actinomycetes","Micrococcales","Dermacoccaceae","Dermacoccus"
"81",1274,"MIN17_vs_NYC17","AB_Genus",4,"Bacteria","Actinomycetota","Actinomycetes","Micrococcales","Dermacoccaceae","Dermacoccus"
"82",1274,"NYC17_vs_VIE17","AB_Genus",4,"Bacteria","Actinomycetota","Actinomycetes","Micrococcales","Dermacoccaceae","Dermacoccus"
"83",1274,"TOK16_vs_ILR17","AB_Genus",5,"Bacteria","Actinomycetota","Actinomycetes","Micrococcales","Dermacoccaceae","Dermacoccus"
"84",1275,"AKL16_vs_BOG16","AB_Genus",4,"Bacteria","Actinomycetota","Actinomycetes","Micrococcales","Micrococcaceae","Kocuria"
"85",1275,"AKL16_vs_ILR17","AB_Genus",2,"Bacteria","Actinomycetota","Actinomycetes","Micrococcales","Micrococcaceae","Kocuria"
"86",1275,"AKL16_vs_NYC16","AB_Genus",2,"Bacteria","Actinomycetota","Actinomycetes","Micrococcales","Micrococcaceae","Kocuria"
"87",1275,"AKL16_vs_NYC17","AB_Genus",4,"Bacteria","Actinomycetota","Actinomycetes","Micrococcales","Micrococcaceae","Kocuria"
"88",1275,"AKL16_vs_SAC16","AB_Genus",4,"Bacteria","Actinomycetota","Actinomycetes","Micrococcales","Micrococcaceae","Kocuria"
"89",1275,"AKL16_vs_ZRH17","AB_Genus",4,"Bacteria","Actinomycetota","Actinomycetes","Micrococcales","Micrococcaceae","Kocuria"
"90",1275,"BOG16_vs_TOK16","AB_Genus",1,"Bacteria","Actinomycetota","Actinomycetes","Micrococcales","Micrococcaceae","Kocuria"
"91",1275,"TOK16_vs_DOH17","AB_Genus",1,"Bacteria","Actinomycetota","Actinomycetes","Micrococcales","Micrococcaceae","Kocuria"
"92",1282,"LIS16_vs_MIN17","AB_Phylum",4,"Bacteria","Bacillota",NA,NA,NA,NA
"93",1282,"BER16_vs_SAO17","AB_Order",3,"Bacteria","Bacillota","Bacilli","Bacillales",NA,NA
"94",1282,"BER16_vs_ZRH17","AB_Order",4,"Bacteria","Bacillota","Bacilli","Bacillales",NA,NA
"95",1282,"DEN16_vs_BAL17","AB_Order",4,"Bacteria","Bacillota","Bacilli","Bacillales",NA,NA
"96",1282,"DOH16_vs_SAO17","AB_Order",4,"Bacteria","Bacillota","Bacilli","Bacillales",NA,NA
"97",1282,"ILR16_vs_DOH17","AB_Order",2,"Bacteria","Bacillota","Bacilli","Bacillales",NA,NA
"98",1282,"TOK16_vs_SAO17","AB_Order",3,"Bacteria","Bacillota","Bacilli","Bacillales",NA,NA
"99",1282,"TOK16_vs_ZRH17","AB_Order",3,"Bacteria","Bacillota","Bacilli","Bacillales",NA,NA
"100",1282,"DEN16_vs_SAN17","AB_Family",3,"Bacteria","Bacillota","Bacilli","Bacillales","Staphylococcaceae",NA
"101",1282,"DOH16_vs_DOH17","AB_Family",5,"Bacteria","Bacillota","Bacilli","Bacillales","Staphylococcaceae",NA
"102",1282,"AKL16_vs_DEN16","AB_Genus",1,"Bacteria","Bacillota","Bacilli","Bacillales","Staphylococcaceae","Staphylococcus"
"103",1282,"BER16_vs_DEN17","AB_Genus",3,"Bacteria","Bacillota","Bacilli","Bacillales","Staphylococcaceae","Staphylococcus"
"104",1282,"BER16_vs_DOH17","AB_Genus",2,"Bacteria","Bacillota","Bacilli","Bacillales","Staphylococcaceae","Staphylococcus"
"105",1282,"BER16_vs_ILR17","AB_Genus",3,"Bacteria","Bacillota","Bacilli","Bacillales","Staphylococcaceae","Staphylococcus"
"106",1282,"BER16_vs_MIN17","AB_Genus",4,"Bacteria","Bacillota","Bacilli","Bacillales","Staphylococcaceae","Staphylococcus"
"107",1282,"BER16_vs_NYC17","AB_Genus",1,"Bacteria","Bacillota","Bacilli","Bacillales","Staphylococcaceae","Staphylococcus"
"108",1282,"BER16_vs_SAN17","AB_Genus",3,"Bacteria","Bacillota","Bacilli","Bacillales","Staphylococcaceae","Staphylococcus"
"109",1282,"BER16_vs_VIE17","AB_Genus",2,"Bacteria","Bacillota","Bacilli","Bacillales","Staphylococcaceae","Staphylococcus"
"110",1282,"BOG16_vs_NYC17","AB_Genus",1,"Bacteria","Bacillota","Bacilli","Bacillales","Staphylococcaceae","Staphylococcus"
"111",1282,"DEN16_vs_DEN17","AB_Genus",1,"Bacteria","Bacillota","Bacilli","Bacillales","Staphylococcaceae","Staphylococcus"
"112",1282,"DEN16_vs_DOH17","AB_Genus",3,"Bacteria","Bacillota","Bacilli","Bacillales","Staphylococcaceae","Staphylococcus"
"113",1282,"DEN16_vs_ILR17","AB_Genus",3,"Bacteria","Bacillota","Bacilli","Bacillales","Staphylococcaceae","Staphylococcus"
"114",1282,"DEN16_vs_MIN17","AB_Genus",3,"Bacteria","Bacillota","Bacilli","Bacillales","Staphylococcaceae","Staphylococcus"
"115",1282,"DEN16_vs_NYC17","AB_Genus",1,"Bacteria","Bacillota","Bacilli","Bacillales","Staphylococcaceae","Staphylococcus"
"116",1282,"DEN16_vs_SAO17","AB_Genus",3,"Bacteria","Bacillota","Bacilli","Bacillales","Staphylococcaceae","Staphylococcus"
"117",1282,"DEN16_vs_VIE17","AB_Genus",2,"Bacteria","Bacillota","Bacilli","Bacillales","Staphylococcaceae","Staphylococcus"
"118",1282,"DEN16_vs_ZRH17","AB_Genus",3,"Bacteria","Bacillota","Bacilli","Bacillales","Staphylococcaceae","Staphylococcus"
"119",1282,"DOH16_vs_DEN17","AB_Genus",3,"Bacteria","Bacillota","Bacilli","Bacillales","Staphylococcaceae","Staphylococcus"
"120",1282,"DOH16_vs_ILR17","AB_Genus",4,"Bacteria","Bacillota","Bacilli","Bacillales","Staphylococcaceae","Staphylococcus"
"121",1282,"DOH16_vs_MIN17","AB_Genus",1,"Bacteria","Bacillota","Bacilli","Bacillales","Staphylococcaceae","Staphylococcus"
"122",1282,"DOH16_vs_NYC17","AB_Genus",2,"Bacteria","Bacillota","Bacilli","Bacillales","Staphylococcaceae","Staphylococcus"
"123",1282,"DOH16_vs_VIE17","AB_Genus",5,"Bacteria","Bacillota","Bacilli","Bacillales","Staphylococcaceae","Staphylococcus"
"124",1282,"MIN17_vs_ZRH17","AB_Genus",5,"Bacteria","Bacillota","Bacilli","Bacillales","Staphylococcaceae","Staphylococcus"
"125",1282,"NYC16_vs_MIN17","AB_Genus",5,"Bacteria","Bacillota","Bacilli","Bacillales","Staphylococcaceae","Staphylococcus"
"126",1282,"NYC16_vs_NYC17","AB_Genus",1,"Bacteria","Bacillota","Bacilli","Bacillales","Staphylococcaceae","Staphylococcus"
"127",1282,"NYC16_vs_VIE17","AB_Genus",5,"Bacteria","Bacillota","Bacilli","Bacillales","Staphylococcaceae","Staphylococcus"
"128",1282,"TOK16_vs_DEN17","AB_Genus",1,"Bacteria","Bacillota","Bacilli","Bacillales","Staphylococcaceae","Staphylococcus"
"129",1282,"TOK16_vs_DOH17","AB_Genus",3,"Bacteria","Bacillota","Bacilli","Bacillales","Staphylococcaceae","Staphylococcus"
"130",1282,"TOK16_vs_ILR17","AB_Genus",3,"Bacteria","Bacillota","Bacilli","Bacillales","Staphylococcaceae","Staphylococcus"
"131",1282,"TOK16_vs_MIN17","AB_Genus",5,"Bacteria","Bacillota","Bacilli","Bacillales","Staphylococcaceae","Staphylococcus"
"132",1282,"TOK16_vs_NYC17","AB_Genus",1,"Bacteria","Bacillota","Bacilli","Bacillales","Staphylococcaceae","Staphylococcus"
"133",1282,"TOK16_vs_SAN17","AB_Genus",2,"Bacteria","Bacillota","Bacilli","Bacillales","Staphylococcaceae","Staphylococcus"
"134",1282,"TOK16_vs_VIE17","AB_Genus",2,"Bacteria","Bacillota","Bacilli","Bacillales","Staphylococcaceae","Staphylococcus"
"135",1382,"BAL17_vs_DEN17","AB_Genus",4,"Bacteria","Actinomycetota","Coriobacteriia","Coriobacteriales","Atopobiaceae","Lancefieldella"
"136",1382,"BER16_vs_DEN17","AB_Genus",2,"Bacteria","Actinomycetota","Coriobacteriia","Coriobacteriales","Atopobiaceae","Lancefieldella"
"137",1382,"DEN17_vs_NYC17","AB_Genus",1,"Bacteria","Actinomycetota","Coriobacteriia","Coriobacteriales","Atopobiaceae","Lancefieldella"
"138",1382,"DEN17_vs_SAO17","AB_Genus",4,"Bacteria","Actinomycetota","Coriobacteriia","Coriobacteriales","Atopobiaceae","Lancefieldella"
"139",1382,"DEN17_vs_ZRH17","AB_Genus",1,"Bacteria","Actinomycetota","Coriobacteriia","Coriobacteriales","Atopobiaceae","Lancefieldella"
"140",1382,"TOK16_vs_DEN17","AB_Genus",3,"Bacteria","Actinomycetota","Coriobacteriia","Coriobacteriales","Atopobiaceae","Lancefieldella"
"141",1397,"ILR16_vs_BAL17","AB_Family",5,"Bacteria","Bacillota","Bacilli","Bacillales","Bacillaceae",NA
"142",1397,"ILR16_vs_DOH17","AB_Family",1,"Bacteria","Bacillota","Bacilli","Bacillales","Bacillaceae",NA
"143",1397,"ILR16_vs_ILR17","AB_Family",2,"Bacteria","Bacillota","Bacilli","Bacillales","Bacillaceae",NA
"144",1397,"ILR16_vs_ZRH17","AB_Family",1,"Bacteria","Bacillota","Bacilli","Bacillales","Bacillaceae",NA
"145",1397,"AKL16_vs_ILR16","AB_Genus",4,"Bacteria","Bacillota","Bacilli","Bacillales","Bacillaceae","Niallia"
"146",1397,"AKL16_vs_LIS16","AB_Genus",5,"Bacteria","Bacillota","Bacilli","Bacillales","Bacillaceae","Niallia"
"147",1397,"BOG16_vs_ILR16","AB_Genus",2,"Bacteria","Bacillota","Bacilli","Bacillales","Bacillaceae","Niallia"
"148",1397,"DEN16_vs_ILR16","AB_Genus",1,"Bacteria","Bacillota","Bacilli","Bacillales","Bacillaceae","Niallia"
"149",1397,"ILR16_vs_NYC17","AB_Genus",1,"Bacteria","Bacillota","Bacilli","Bacillales","Bacillaceae","Niallia"
"150",1397,"ILR16_vs_TOK17","AB_Genus",4,"Bacteria","Bacillota","Bacilli","Bacillales","Bacillaceae","Niallia"
"151",1511,"BOG16_vs_NYC17","AB_Genus",3,"Bacteria","Bacillota","Clostridia","Eubacteriales","Peptostreptococcaceae","Acetoanaerobium"
"152",1747,"BER16_vs_ILR16","AB_Order",5,"Bacteria","Actinomycetota","Actinomycetes","Propionibacteriales",NA,NA
"153",1747,"BER16_vs_LIS16","AB_Order",1,"Bacteria","Actinomycetota","Actinomycetes","Propionibacteriales",NA,NA
"154",1747,"BOG16_vs_LIS16","AB_Order",4,"Bacteria","Actinomycetota","Actinomycetes","Propionibacteriales",NA,NA
"155",1747,"LIS16_vs_ILR17","AB_Order",3,"Bacteria","Actinomycetota","Actinomycetes","Propionibacteriales",NA,NA
"156",1747,"LIS16_vs_SAC16","AB_Order",1,"Bacteria","Actinomycetota","Actinomycetes","Propionibacteriales",NA,NA
"157",1747,"LIS16_vs_SAO17","AB_Order",5,"Bacteria","Actinomycetota","Actinomycetes","Propionibacteriales",NA,NA
"158",1747,"LIS16_vs_TOK17","AB_Order",5,"Bacteria","Actinomycetota","Actinomycetes","Propionibacteriales",NA,NA
"159",1747,"DEN16_vs_LIS16","AB_Family",5,"Bacteria","Actinomycetota","Actinomycetes","Propionibacteriales","Propionibacteriaceae",NA
"160",1747,"DOH16_vs_LIS16","AB_Family",2,"Bacteria","Actinomycetota","Actinomycetes","Propionibacteriales","Propionibacteriaceae",NA
"161",1747,"LIS16_vs_BAL17","AB_Family",4,"Bacteria","Actinomycetota","Actinomycetes","Propionibacteriales","Propionibacteriaceae",NA
"162",1747,"LIS16_vs_DEN17","AB_Family",3,"Bacteria","Actinomycetota","Actinomycetes","Propionibacteriales","Propionibacteriaceae",NA
"163",1747,"LIS16_vs_DOH17","AB_Family",2,"Bacteria","Actinomycetota","Actinomycetes","Propionibacteriales","Propionibacteriaceae",NA
"164",1747,"LIS16_vs_NYC16","AB_Family",2,"Bacteria","Actinomycetota","Actinomycetes","Propionibacteriales","Propionibacteriaceae",NA
"165",1747,"LIS16_vs_NYC17","AB_Family",3,"Bacteria","Actinomycetota","Actinomycetes","Propionibacteriales","Propionibacteriaceae",NA
"166",1747,"LIS16_vs_SAN17","AB_Family",4,"Bacteria","Actinomycetota","Actinomycetes","Propionibacteriales","Propionibacteriaceae",NA
"167",1747,"LIS16_vs_TOK16","AB_Family",5,"Bacteria","Actinomycetota","Actinomycetes","Propionibacteriales","Propionibacteriaceae",NA
"168",1747,"LIS16_vs_VIE17","AB_Family",2,"Bacteria","Actinomycetota","Actinomycetes","Propionibacteriales","Propionibacteriaceae",NA
"169",1747,"LIS16_vs_ZRH17","AB_Family",2,"Bacteria","Actinomycetota","Actinomycetes","Propionibacteriales","Propionibacteriaceae",NA
"170",1747,"AKL16_vs_BAL17","AB_Genus",3,"Bacteria","Actinomycetota","Actinomycetes","Propionibacteriales","Propionibacteriaceae","Cutibacterium"
"171",1747,"AKL16_vs_BER16","AB_Genus",3,"Bacteria","Actinomycetota","Actinomycetes","Propionibacteriales","Propionibacteriaceae","Cutibacterium"
"172",1747,"AKL16_vs_DEN16","AB_Genus",3,"Bacteria","Actinomycetota","Actinomycetes","Propionibacteriales","Propionibacteriaceae","Cutibacterium"
"173",1747,"AKL16_vs_DEN17","AB_Genus",2,"Bacteria","Actinomycetota","Actinomycetes","Propionibacteriales","Propionibacteriaceae","Cutibacterium"
"174",1747,"AKL16_vs_DOH16","AB_Genus",3,"Bacteria","Actinomycetota","Actinomycetes","Propionibacteriales","Propionibacteriaceae","Cutibacterium"
"175",1747,"AKL16_vs_DOH17","AB_Genus",1,"Bacteria","Actinomycetota","Actinomycetes","Propionibacteriales","Propionibacteriaceae","Cutibacterium"
"176",1747,"AKL16_vs_MIN17","AB_Genus",5,"Bacteria","Actinomycetota","Actinomycetes","Propionibacteriales","Propionibacteriaceae","Cutibacterium"
"177",1747,"AKL16_vs_NYC16","AB_Genus",5,"Bacteria","Actinomycetota","Actinomycetes","Propionibacteriales","Propionibacteriaceae","Cutibacterium"
"178",1747,"AKL16_vs_NYC17","AB_Genus",2,"Bacteria","Actinomycetota","Actinomycetes","Propionibacteriales","Propionibacteriaceae","Cutibacterium"
"179",1747,"AKL16_vs_SAN17","AB_Genus",3,"Bacteria","Actinomycetota","Actinomycetes","Propionibacteriales","Propionibacteriaceae","Cutibacterium"
"180",1747,"AKL16_vs_TOK16","AB_Genus",3,"Bacteria","Actinomycetota","Actinomycetes","Propionibacteriales","Propionibacteriaceae","Cutibacterium"
"181",1747,"AKL16_vs_TOK17","AB_Genus",4,"Bacteria","Actinomycetota","Actinomycetes","Propionibacteriales","Propionibacteriaceae","Cutibacterium"
"182",1747,"AKL16_vs_VIE17","AB_Genus",2,"Bacteria","Actinomycetota","Actinomycetes","Propionibacteriales","Propionibacteriaceae","Cutibacterium"
"183",1747,"AKL16_vs_ZRH17","AB_Genus",2,"Bacteria","Actinomycetota","Actinomycetes","Propionibacteriales","Propionibacteriaceae","Cutibacterium"
"184",1747,"DEN16_vs_ILR16","AB_Genus",2,"Bacteria","Actinomycetota","Actinomycetes","Propionibacteriales","Propionibacteriaceae","Cutibacterium"
"185",1747,"DOH16_vs_ILR16","AB_Genus",1,"Bacteria","Actinomycetota","Actinomycetes","Propionibacteriales","Propionibacteriaceae","Cutibacterium"
"186",1747,"ILR16_vs_DEN17","AB_Genus",3,"Bacteria","Actinomycetota","Actinomycetes","Propionibacteriales","Propionibacteriaceae","Cutibacterium"
"187",1747,"ILR16_vs_NYC16","AB_Genus",2,"Bacteria","Actinomycetota","Actinomycetes","Propionibacteriales","Propionibacteriaceae","Cutibacterium"
"188",1747,"ILR16_vs_NYC17","AB_Genus",2,"Bacteria","Actinomycetota","Actinomycetes","Propionibacteriales","Propionibacteriaceae","Cutibacterium"
"189",1747,"ILR16_vs_TOK16","AB_Genus",2,"Bacteria","Actinomycetota","Actinomycetes","Propionibacteriales","Propionibacteriaceae","Cutibacterium"
"190",1747,"ILR16_vs_VIE17","AB_Genus",2,"Bacteria","Actinomycetota","Actinomycetes","Propionibacteriales","Propionibacteriaceae","Cutibacterium"
"191",1747,"ILR16_vs_ZRH17","AB_Genus",3,"Bacteria","Actinomycetota","Actinomycetes","Propionibacteriales","Propionibacteriaceae","Cutibacterium"
"192",1828,"BOG16_vs_ILR16","AB_Family",4,"Bacteria","Actinomycetota","Actinomycetes","Mycobacteriales","Nocardiaceae",NA
"193",1828,"ILR16_vs_SAN17","AB_Family",2,"Bacteria","Actinomycetota","Actinomycetes","Mycobacteriales","Nocardiaceae",NA
"194",1873,"LIS16_vs_SAC16","AB_Family",4,"Bacteria","Actinomycetota","Actinomycetes","Micromonosporales","Micromonosporaceae",NA
"195",2053,"BER16_vs_ILR17","AB_Family",5,"Bacteria","Actinomycetota","Actinomycetes","Mycobacteriales","Gordoniaceae",NA
"196",2053,"DEN17_vs_ILR17","AB_Genus",2,"Bacteria","Actinomycetota","Actinomycetes","Mycobacteriales","Gordoniaceae","Gordonia"
"197",2053,"ILR17_vs_VIE17","AB_Genus",4,"Bacteria","Actinomycetota","Actinomycetes","Mycobacteriales","Gordoniaceae","Gordonia"
"198",2132,"BAL17_vs_DOH17","AB_Order",3,"Bacteria","Mycoplasmatota","Mollicutes","Entomoplasmatales",NA,NA
"199",2263,"TOK17_vs_ZRH17","AB_Genus",3,"Archaea","Euryarchaeota","Thermococci","Thermococcales","Thermococcaceae","Thermococcus"
"200",28037,"BER16_vs_SAN17","AB_Genus",2,"Bacteria","Bacillota","Bacilli","Lactobacillales","Streptococcaceae","Streptococcus"
"201",28037,"BOG16_vs_SAN17","AB_Genus",2,"Bacteria","Bacillota","Bacilli","Lactobacillales","Streptococcaceae","Streptococcus"
"202",28090,"BOG16_vs_SAN17","AB_Order",5,"Bacteria","Pseudomonadota","Gammaproteobacteria","Moraxellales",NA,NA
"203",28090,"TOK16_vs_SAN17","AB_Order",5,"Bacteria","Pseudomonadota","Gammaproteobacteria","Moraxellales",NA,NA
"204",28090,"DOH16_vs_MIN17","AB_Family",4,"Bacteria","Pseudomonadota","Gammaproteobacteria","Moraxellales","Moraxellaceae",NA
"205",28090,"MIN17_vs_NYC17","AB_Family",3,"Bacteria","Pseudomonadota","Gammaproteobacteria","Moraxellales","Moraxellaceae",NA
"206",28090,"MIN17_vs_TOK17","AB_Family",3,"Bacteria","Pseudomonadota","Gammaproteobacteria","Moraxellales","Moraxellaceae",NA
"207",28090,"MIN17_vs_VIE17","AB_Family",4,"Bacteria","Pseudomonadota","Gammaproteobacteria","Moraxellales","Moraxellaceae",NA
"208",28090,"NYC16_vs_MIN17","AB_Family",3,"Bacteria","Pseudomonadota","Gammaproteobacteria","Moraxellales","Moraxellaceae",NA
"209",28090,"NYC16_vs_SAN17","AB_Family",4,"Bacteria","Pseudomonadota","Gammaproteobacteria","Moraxellales","Moraxellaceae",NA
"210",28090,"AKL16_vs_ILR16","AB_Genus",2,"Bacteria","Pseudomonadota","Gammaproteobacteria","Moraxellales","Moraxellaceae","Acinetobacter"
"211",28090,"BOG16_vs_MIN17","AB_Genus",3,"Bacteria","Pseudomonadota","Gammaproteobacteria","Moraxellales","Moraxellaceae","Acinetobacter"
"212",28090,"ILR16_vs_LIS16","AB_Genus",1,"Bacteria","Pseudomonadota","Gammaproteobacteria","Moraxellales","Moraxellaceae","Acinetobacter"
"213",28090,"ILR16_vs_MIN17","AB_Genus",2,"Bacteria","Pseudomonadota","Gammaproteobacteria","Moraxellales","Moraxellaceae","Acinetobacter"
"214",28090,"MIN17_vs_ZRH17","AB_Genus",4,"Bacteria","Pseudomonadota","Gammaproteobacteria","Moraxellales","Moraxellaceae","Acinetobacter"
"215",28198,"ILR17_vs_ZRH17","AB_Family",5,"Bacteria","Campylobacterota","Epsilonproteobacteria","Campylobacterales","Arcobacteraceae",NA
"216",28447,"SAC16_vs_TOK16","AB_Genus",5,"Bacteria","Actinomycetota","Actinomycetes","Micrococcales","Microbacteriaceae","Clavibacter"
"217",28447,"SAC16_vs_TOK17","AB_Genus",3,"Bacteria","Actinomycetota","Actinomycetes","Micrococcales","Microbacteriaceae","Clavibacter"
"218",28454,"TOK17_vs_VIE17","AB_Family",4,"Bacteria","Bacteroidota","Sphingobacteriia","Sphingobacteriales","Sphingobacteriaceae",NA
"219",33038,"BAL17_vs_DOH17","AB_Genus",4,"Bacteria","Bacillota","Clostridia","Eubacteriales","Lachnospiraceae","Mediterraneibacter"
"220",33038,"BAL17_vs_ZRH17","AB_Genus",1,"Bacteria","Bacillota","Clostridia","Eubacteriales","Lachnospiraceae","Mediterraneibacter"
"221",33038,"DEN17_vs_DOH17","AB_Genus",4,"Bacteria","Bacillota","Clostridia","Eubacteriales","Lachnospiraceae","Mediterraneibacter"
"222",33038,"DEN17_vs_ZRH17","AB_Genus",2,"Bacteria","Bacillota","Clostridia","Eubacteriales","Lachnospiraceae","Mediterraneibacter"
"223",34062,"AKL16_vs_BER16","AB_Genus",4,"Bacteria","Pseudomonadota","Gammaproteobacteria","Moraxellales","Moraxellaceae","Moraxella"
"224",34062,"AKL16_vs_BOG16","AB_Genus",5,"Bacteria","Pseudomonadota","Gammaproteobacteria","Moraxellales","Moraxellaceae","Moraxella"
"225",34062,"AKL16_vs_DOH16","AB_Genus",4,"Bacteria","Pseudomonadota","Gammaproteobacteria","Moraxellales","Moraxellaceae","Moraxella"
"226",34062,"AKL16_vs_NYC16","AB_Genus",4,"Bacteria","Pseudomonadota","Gammaproteobacteria","Moraxellales","Moraxellaceae","Moraxella"
"227",34062,"AKL16_vs_TOK16","AB_Genus",2,"Bacteria","Pseudomonadota","Gammaproteobacteria","Moraxellales","Moraxellaceae","Moraxella"
"228",34062,"MIN17_vs_NYC17","AB_Genus",1,"Bacteria","Pseudomonadota","Gammaproteobacteria","Moraxellales","Moraxellaceae","Moraxella"
"229",34062,"MIN17_vs_TOK17","AB_Genus",1,"Bacteria","Pseudomonadota","Gammaproteobacteria","Moraxellales","Moraxellaceae","Moraxella"
"230",34062,"MIN17_vs_ZRH17","AB_Genus",3,"Bacteria","Pseudomonadota","Gammaproteobacteria","Moraxellales","Moraxellaceae","Moraxella"
"231",34073,"AKL16_vs_SAN17","AB_Genus",2,"Bacteria","Pseudomonadota","Betaproteobacteria","Burkholderiales","Comamonadaceae","Variovorax"
"232",34073,"BOG16_vs_DOH16","AB_Genus",2,"Bacteria","Pseudomonadota","Betaproteobacteria","Burkholderiales","Comamonadaceae","Variovorax"
"233",34073,"DOH16_vs_NYC16","AB_Genus",4,"Bacteria","Pseudomonadota","Betaproteobacteria","Burkholderiales","Comamonadaceae","Variovorax"
"234",34073,"DOH16_vs_SAN17","AB_Genus",1,"Bacteria","Pseudomonadota","Betaproteobacteria","Burkholderiales","Comamonadaceae","Variovorax"
"235",34073,"SAN17_vs_ZRH17","AB_Genus",5,"Bacteria","Pseudomonadota","Betaproteobacteria","Burkholderiales","Comamonadaceae","Variovorax"
"236",37921,"AKL16_vs_SAC16","AB_Genus",2,"Bacteria","Actinomycetota","Actinomycetes","Micrococcales","Micrococcaceae","Arthrobacter"
"237",37921,"ILR16_vs_NYC16","AB_Genus",1,"Bacteria","Actinomycetota","Actinomycetes","Micrococcales","Micrococcaceae","Arthrobacter"
"238",37921,"ILR16_vs_SAC16","AB_Genus",2,"Bacteria","Actinomycetota","Actinomycetes","Micrococcales","Micrococcaceae","Arthrobacter"
"239",37921,"NYC16_vs_TOK16","AB_Genus",2,"Bacteria","Actinomycetota","Actinomycetes","Micrococcales","Micrococcaceae","Arthrobacter"
"240",37921,"SAC16_vs_DEN17","AB_Genus",3,"Bacteria","Actinomycetota","Actinomycetes","Micrococcales","Micrococcaceae","Arthrobacter"
"241",37921,"SAC16_vs_SAO17","AB_Genus",4,"Bacteria","Actinomycetota","Actinomycetes","Micrococcales","Micrococcaceae","Arthrobacter"
"242",37921,"SAC16_vs_TOK16","AB_Genus",2,"Bacteria","Actinomycetota","Actinomycetes","Micrococcales","Micrococcaceae","Arthrobacter"
"243",38304,"BER16_vs_ILR16","AB_Order",2,"Bacteria","Actinomycetota","Actinomycetes","Mycobacteriales",NA,NA
"244",38304,"BOG16_vs_ILR16","AB_Order",3,"Bacteria","Actinomycetota","Actinomycetes","Mycobacteriales",NA,NA
"245",38304,"BOG16_vs_LIS16","AB_Order",5,"Bacteria","Actinomycetota","Actinomycetes","Mycobacteriales",NA,NA
"246",38304,"ILR16_vs_ILR17","AB_Order",1,"Bacteria","Actinomycetota","Actinomycetes","Mycobacteriales",NA,NA
"247",38304,"ILR16_vs_VIE17","AB_Order",3,"Bacteria","Actinomycetota","Actinomycetes","Mycobacteriales",NA,NA
"248",38304,"ILR16_vs_ZRH17","AB_Order",2,"Bacteria","Actinomycetota","Actinomycetes","Mycobacteriales",NA,NA
"249",38304,"LIS16_vs_DOH17","AB_Order",4,"Bacteria","Actinomycetota","Actinomycetes","Mycobacteriales",NA,NA
"250",38304,"LIS16_vs_ILR17","AB_Order",5,"Bacteria","Actinomycetota","Actinomycetes","Mycobacteriales",NA,NA
"251",38304,"LIS16_vs_SAN17","AB_Order",5,"Bacteria","Actinomycetota","Actinomycetes","Mycobacteriales",NA,NA
"252",38304,"LIS16_vs_ZRH17","AB_Order",3,"Bacteria","Actinomycetota","Actinomycetes","Mycobacteriales",NA,NA
"253",38304,"AKL16_vs_NYC17","AB_Family",5,"Bacteria","Actinomycetota","Actinomycetes","Mycobacteriales","Corynebacteriaceae",NA
"254",38304,"LIS16_vs_BAL17","AB_Family",5,"Bacteria","Actinomycetota","Actinomycetes","Mycobacteriales","Corynebacteriaceae",NA
"255",38304,"SAN17_vs_VIE17","AB_Family",5,"Bacteria","Actinomycetota","Actinomycetes","Mycobacteriales","Corynebacteriaceae",NA
"256",38304,"AKL16_vs_TOK16","AB_Genus",5,"Bacteria","Actinomycetota","Actinomycetes","Mycobacteriales","Corynebacteriaceae","Corynebacterium"
"257",38304,"BER16_vs_LIS16","AB_Genus",5,"Bacteria","Actinomycetota","Actinomycetes","Mycobacteriales","Corynebacteriaceae","Corynebacterium"
"258",38304,"DOH16_vs_LIS16","AB_Genus",4,"Bacteria","Actinomycetota","Actinomycetes","Mycobacteriales","Corynebacteriaceae","Corynebacterium"
"259",38304,"ILR16_vs_NYC17","AB_Genus",4,"Bacteria","Actinomycetota","Actinomycetes","Mycobacteriales","Corynebacteriaceae","Corynebacterium"
"260",38304,"ILR16_vs_TOK16","AB_Genus",3,"Bacteria","Actinomycetota","Actinomycetes","Mycobacteriales","Corynebacteriaceae","Corynebacterium"
"261",38304,"LIS16_vs_NYC17","AB_Genus",4,"Bacteria","Actinomycetota","Actinomycetes","Mycobacteriales","Corynebacteriaceae","Corynebacterium"
"262",38304,"LIS16_vs_TOK16","AB_Genus",3,"Bacteria","Actinomycetota","Actinomycetes","Mycobacteriales","Corynebacteriaceae","Corynebacterium"
"263",39485,"BER16_vs_SAO17","AB_Genus",2,"Bacteria","Bacillota","Clostridia","Eubacteriales","Lachnospiraceae","Lachnospira"
"264",39485,"ILR16_vs_SAO17","AB_Genus",5,"Bacteria","Bacillota","Clostridia","Eubacteriales","Lachnospiraceae","Lachnospira"
"265",40566,"SAC16_vs_NYC17","AB_Genus",4,"Bacteria","Actinomycetota","Actinomycetes","Pseudonocardiales","Pseudonocardiaceae","Actinosynnema"
"266",47770,"MIN17_vs_SAN17","AB_Genus",2,"Bacteria","Bacillota","Bacilli","Lactobacillales","Lactobacillaceae","Lactobacillus"
"267",47770,"SAN17_vs_SAO17","AB_Genus",2,"Bacteria","Bacillota","Bacilli","Lactobacillales","Lactobacillaceae","Lactobacillus"
"268",49319,"DEN17_vs_SAO17","AB_Family",5,"Bacteria","Actinomycetota","Rubrobacteria","Rubrobacterales","Rubrobacteraceae",NA
"269",49319,"BAL17_vs_SAO17","AB_Genus",4,"Bacteria","Actinomycetota","Rubrobacteria","Rubrobacterales","Rubrobacteraceae","Rubrobacter"
"270",49319,"DOH17_vs_SAO17","AB_Genus",3,"Bacteria","Actinomycetota","Rubrobacteria","Rubrobacterales","Rubrobacteraceae","Rubrobacter"
"271",49319,"NYC17_vs_SAO17","AB_Genus",2,"Bacteria","Actinomycetota","Rubrobacteria","Rubrobacterales","Rubrobacteraceae","Rubrobacter"
"272",49319,"SAN17_vs_SAO17","AB_Genus",4,"Bacteria","Actinomycetota","Rubrobacteria","Rubrobacterales","Rubrobacteraceae","Rubrobacter"
"273",49319,"SAO17_vs_TOK17","AB_Genus",4,"Bacteria","Actinomycetota","Rubrobacteria","Rubrobacterales","Rubrobacteraceae","Rubrobacter"
"274",49319,"SAO17_vs_VIE17","AB_Genus",3,"Bacteria","Actinomycetota","Rubrobacteria","Rubrobacterales","Rubrobacteraceae","Rubrobacter"
"275",49319,"SAO17_vs_ZRH17","AB_Genus",2,"Bacteria","Actinomycetota","Rubrobacteria","Rubrobacterales","Rubrobacteraceae","Rubrobacter"
"276",59779,"BAL17_vs_ILR17","AB_Genus",1,"Bacteria","Pseudomonadota","Alphaproteobacteria","Rhodobacterales","Paracoccaceae","Paracoccus"
"277",59779,"BAL17_vs_MIN17","AB_Genus",2,"Bacteria","Pseudomonadota","Alphaproteobacteria","Rhodobacterales","Paracoccaceae","Paracoccus"
"278",59779,"BAL17_vs_TOK17","AB_Genus",5,"Bacteria","Pseudomonadota","Alphaproteobacteria","Rhodobacterales","Paracoccaceae","Paracoccus"
"279",59779,"BAL17_vs_VIE17","AB_Genus",1,"Bacteria","Pseudomonadota","Alphaproteobacteria","Rhodobacterales","Paracoccaceae","Paracoccus"
"280",59779,"BAL17_vs_ZRH17","AB_Genus",4,"Bacteria","Pseudomonadota","Alphaproteobacteria","Rhodobacterales","Paracoccaceae","Paracoccus"
"281",59779,"BER16_vs_DEN16","AB_Genus",3,"Bacteria","Pseudomonadota","Alphaproteobacteria","Rhodobacterales","Paracoccaceae","Paracoccus"
"282",59779,"BOG16_vs_BAL17","AB_Genus",1,"Bacteria","Pseudomonadota","Alphaproteobacteria","Rhodobacterales","Paracoccaceae","Paracoccus"
"283",59779,"BOG16_vs_DEN16","AB_Genus",1,"Bacteria","Pseudomonadota","Alphaproteobacteria","Rhodobacterales","Paracoccaceae","Paracoccus"
"284",59779,"BOG16_vs_LIS16","AB_Genus",2,"Bacteria","Pseudomonadota","Alphaproteobacteria","Rhodobacterales","Paracoccaceae","Paracoccus"
"285",59779,"DEN16_vs_DOH16","AB_Genus",3,"Bacteria","Pseudomonadota","Alphaproteobacteria","Rhodobacterales","Paracoccaceae","Paracoccus"
"286",59779,"DEN16_vs_ILR17","AB_Genus",4,"Bacteria","Pseudomonadota","Alphaproteobacteria","Rhodobacterales","Paracoccaceae","Paracoccus"
"287",59779,"DEN16_vs_TOK16","AB_Genus",1,"Bacteria","Pseudomonadota","Alphaproteobacteria","Rhodobacterales","Paracoccaceae","Paracoccus"
"288",59779,"ILR16_vs_ILR17","AB_Genus",5,"Bacteria","Pseudomonadota","Alphaproteobacteria","Rhodobacterales","Paracoccaceae","Paracoccus"
"289",59779,"LIS16_vs_ILR17","AB_Genus",2,"Bacteria","Pseudomonadota","Alphaproteobacteria","Rhodobacterales","Paracoccaceae","Paracoccus"
"290",59779,"LIS16_vs_NYC16","AB_Genus",3,"Bacteria","Pseudomonadota","Alphaproteobacteria","Rhodobacterales","Paracoccaceae","Paracoccus"
"291",59779,"LIS16_vs_VIE17","AB_Genus",3,"Bacteria","Pseudomonadota","Alphaproteobacteria","Rhodobacterales","Paracoccaceae","Paracoccus"
"292",62322,"DEN16_vs_BAL17","AB_Order",5,"Bacteria","Pseudomonadota","Gammaproteobacteria","Alteromonadales",NA,NA
"293",62322,"DEN16_vs_DOH16","AB_Order",2,"Bacteria","Pseudomonadota","Gammaproteobacteria","Alteromonadales",NA,NA
"294",62322,"AKL16_vs_DEN16","AB_Genus",5,"Bacteria","Pseudomonadota","Gammaproteobacteria","Alteromonadales","Shewanellaceae","Shewanella"
"295",62322,"DEN16_vs_LIS16","AB_Genus",4,"Bacteria","Pseudomonadota","Gammaproteobacteria","Alteromonadales","Shewanellaceae","Shewanella"
"296",76853,"ILR16_vs_LIS16","AB_Family",5,"Bacteria","Bacillota","Bacilli","Bacillales","Planococcaceae",NA
"297",76853,"AKL16_vs_DOH16","AB_Genus",1,"Bacteria","Bacillota","Bacilli","Bacillales","Planococcaceae","Solibacillus"
"298",76853,"BOG16_vs_DOH16","AB_Genus",1,"Bacteria","Bacillota","Bacilli","Bacillales","Planococcaceae","Solibacillus"
"299",76853,"DEN16_vs_DOH16","AB_Genus",1,"Bacteria","Bacillota","Bacilli","Bacillales","Planococcaceae","Solibacillus"
"300",76853,"DOH16_vs_BAL17","AB_Genus",4,"Bacteria","Bacillota","Bacilli","Bacillales","Planococcaceae","Solibacillus"
"301",76853,"DOH16_vs_ILR17","AB_Genus",1,"Bacteria","Bacillota","Bacilli","Bacillales","Planococcaceae","Solibacillus"
"302",76853,"DOH16_vs_NYC17","AB_Genus",1,"Bacteria","Bacillota","Bacilli","Bacillales","Planococcaceae","Solibacillus"
"303",76853,"DOH16_vs_VIE17","AB_Genus",2,"Bacteria","Bacillota","Bacilli","Bacillales","Planococcaceae","Solibacillus"
"304",76853,"DOH16_vs_ZRH17","AB_Genus",3,"Bacteria","Bacillota","Bacilli","Bacillales","Planococcaceae","Solibacillus"
"305",83451,"DOH17_vs_ILR17","AB_Family",1,"Bacteria","Myxococcota","Myxococcia","Myxococcales","Archangiaceae",NA
"306",83451,"VIE17_vs_ZRH17","AB_Family",3,"Bacteria","Myxococcota","Myxococcia","Myxococcales","Archangiaceae",NA
"307",88431,"BAL17_vs_TOK17","AB_Genus",4,"Bacteria","Bacillota","Clostridia","Eubacteriales","Lachnospiraceae","Dorea"
"308",88688,"BAL17_vs_MIN17","AB_Genus",4,"Bacteria","Pseudomonadota","Alphaproteobacteria","Caulobacterales","Caulobacteraceae","Caulobacter"
"309",88688,"DEN17_vs_MIN17","AB_Genus",2,"Bacteria","Pseudomonadota","Alphaproteobacteria","Caulobacterales","Caulobacteraceae","Caulobacter"
"310",88688,"MIN17_vs_TOK17","AB_Genus",4,"Bacteria","Pseudomonadota","Alphaproteobacteria","Caulobacterales","Caulobacteraceae","Caulobacter"
"311",90736,"BOG16_vs_ZRH17","AB_Genus",3,"Bacteria","Pseudomonadota","Gammaproteobacteria","Alteromonadales","Moritellaceae","Moritella"
"312",90736,"ILR17_vs_ZRH17","AB_Genus",4,"Bacteria","Pseudomonadota","Gammaproteobacteria","Alteromonadales","Moritellaceae","Moritella"
"313",90736,"NYC16_vs_ZRH17","AB_Genus",4,"Bacteria","Pseudomonadota","Gammaproteobacteria","Alteromonadales","Moritellaceae","Moritella"
"314",100225,"DOH16_vs_TOK16","AB_Genus",2,"Bacteria","Actinomycetota","Actinomycetes","Micrococcales","Dermatophilaceae","Austwickia"
"315",109266,"NYC16_vs_SAC16","AB_Genus",2,"Bacteria","Cyanobacteriota","Cyanophyceae","Nostocales","Aphanizomenonaceae","Anabaenopsis"
"316",114527,"BER16_vs_VIE17","AB_Genus",4,"Bacteria","Bacillota","Clostridia","Eubacteriales","Eubacteriales Family XIII. Incertae Sedis","Mogibacterium"
"317",119219,"DEN16_vs_SAO17","AB_Order",5,"Bacteria","Pseudomonadota","Betaproteobacteria","Burkholderiales",NA,NA
"318",119219,"DEN16_vs_TOK17","AB_Family",4,"Bacteria","Pseudomonadota","Betaproteobacteria","Burkholderiales","Burkholderiaceae",NA
"319",119219,"BER16_vs_TOK17","AB_Genus",5,"Bacteria","Pseudomonadota","Betaproteobacteria","Burkholderiales","Burkholderiaceae","Cupriavidus"
"320",119219,"BOG16_vs_SAO17","AB_Genus",2,"Bacteria","Pseudomonadota","Betaproteobacteria","Burkholderiales","Burkholderiaceae","Cupriavidus"
"321",119219,"DOH16_vs_BAL17","AB_Genus",5,"Bacteria","Pseudomonadota","Betaproteobacteria","Burkholderiales","Burkholderiaceae","Cupriavidus"
"322",119219,"DOH16_vs_DOH17","AB_Genus",4,"Bacteria","Pseudomonadota","Betaproteobacteria","Burkholderiales","Burkholderiaceae","Cupriavidus"
"323",119219,"DOH16_vs_SAO17","AB_Genus",3,"Bacteria","Pseudomonadota","Betaproteobacteria","Burkholderiales","Burkholderiaceae","Cupriavidus"
"324",119219,"DOH16_vs_TOK17","AB_Genus",4,"Bacteria","Pseudomonadota","Betaproteobacteria","Burkholderiales","Burkholderiaceae","Cupriavidus"
"325",119219,"SAC16_vs_SAO17","AB_Genus",5,"Bacteria","Pseudomonadota","Betaproteobacteria","Burkholderiales","Burkholderiaceae","Cupriavidus"
"326",119219,"TOK16_vs_SAO17","AB_Genus",5,"Bacteria","Pseudomonadota","Betaproteobacteria","Burkholderiales","Burkholderiaceae","Cupriavidus"
"327",119219,"TOK16_vs_TOK17","AB_Genus",5,"Bacteria","Pseudomonadota","Betaproteobacteria","Burkholderiales","Burkholderiaceae","Cupriavidus"
"328",119532,"SAC16_vs_VIE17","AB_Phylum",5,"Bacteria","Cyanobacteriota",NA,NA,NA,NA
"329",119532,"DEN16_vs_DOH16","AB_Class",4,"Bacteria","Cyanobacteriota","Cyanophyceae",NA,NA,NA
"330",119532,"DEN16_vs_ILR16","AB_Class",5,"Bacteria","Cyanobacteriota","Cyanophyceae",NA,NA,NA
"331",119532,"DEN16_vs_LIS16","AB_Class",3,"Bacteria","Cyanobacteriota","Cyanophyceae",NA,NA,NA
"332",119532,"BER16_vs_NYC16","AB_Family",5,"Bacteria","Cyanobacteriota","Cyanophyceae","Oscillatoriales","Microcoleaceae",NA
"333",126673,"ILR16_vs_SAC16","AB_Family",3,"Bacteria","Actinomycetota","Actinomycetes","Mycobacteriales","Mycobacteriaceae",NA
"334",131568,"BER16_vs_SAC16","AB_Genus",5,"Bacteria","Actinomycetota","Actinomycetes","Kineosporiales","Kineosporiaceae","Kineococcus"
"335",131568,"NYC16_vs_SAC16","AB_Genus",5,"Bacteria","Actinomycetota","Actinomycetes","Kineosporiales","Kineosporiaceae","Kineococcus"
"336",147322,"DEN16_vs_NYC16","AB_Family",5,"Bacteria","Cyanobacteriota","Cyanophyceae","Oscillatoriales","Sirenicapillariaceae",NA
"337",153496,"TOK17_vs_ZRH17","AB_Genus",5,"Bacteria","Pseudomonadota","Alphaproteobacteria","Rhodospirillales","Acetobacteraceae","Kozakia"
"338",155894,"NYC16_vs_TOK16","AB_Family",5,"Bacteria","Cyanobacteriota","Cyanophyceae","Chroococcidiopsidales","Chroococcidiopsidaceae",NA
"339",157779,"AKL16_vs_BAL17","AB_Genus",4,"Bacteria","Pseudomonadota","Gammaproteobacteria","Oceanospirillales","Halomonadaceae","Kushneria"
"340",157779,"AKL16_vs_BER16","AB_Genus",2,"Bacteria","Pseudomonadota","Gammaproteobacteria","Oceanospirillales","Halomonadaceae","Kushneria"
"341",157779,"AKL16_vs_BOG16","AB_Genus",1,"Bacteria","Pseudomonadota","Gammaproteobacteria","Oceanospirillales","Halomonadaceae","Kushneria"
"342",157779,"AKL16_vs_DEN17","AB_Genus",1,"Bacteria","Pseudomonadota","Gammaproteobacteria","Oceanospirillales","Halomonadaceae","Kushneria"
"343",157779,"AKL16_vs_DOH16","AB_Genus",5,"Bacteria","Pseudomonadota","Gammaproteobacteria","Oceanospirillales","Halomonadaceae","Kushneria"
"344",157779,"AKL16_vs_ILR16","AB_Genus",3,"Bacteria","Pseudomonadota","Gammaproteobacteria","Oceanospirillales","Halomonadaceae","Kushneria"
"345",157779,"AKL16_vs_ILR17","AB_Genus",1,"Bacteria","Pseudomonadota","Gammaproteobacteria","Oceanospirillales","Halomonadaceae","Kushneria"
"346",157779,"AKL16_vs_LIS16","AB_Genus",1,"Bacteria","Pseudomonadota","Gammaproteobacteria","Oceanospirillales","Halomonadaceae","Kushneria"
"347",157779,"AKL16_vs_MIN17","AB_Genus",2,"Bacteria","Pseudomonadota","Gammaproteobacteria","Oceanospirillales","Halomonadaceae","Kushneria"
"348",157779,"AKL16_vs_NYC16","AB_Genus",1,"Bacteria","Pseudomonadota","Gammaproteobacteria","Oceanospirillales","Halomonadaceae","Kushneria"
"349",157779,"AKL16_vs_NYC17","AB_Genus",1,"Bacteria","Pseudomonadota","Gammaproteobacteria","Oceanospirillales","Halomonadaceae","Kushneria"
"350",157779,"AKL16_vs_SAC16","AB_Genus",1,"Bacteria","Pseudomonadota","Gammaproteobacteria","Oceanospirillales","Halomonadaceae","Kushneria"
"351",157779,"AKL16_vs_SAN17","AB_Genus",1,"Bacteria","Pseudomonadota","Gammaproteobacteria","Oceanospirillales","Halomonadaceae","Kushneria"
"352",157779,"AKL16_vs_TOK16","AB_Genus",1,"Bacteria","Pseudomonadota","Gammaproteobacteria","Oceanospirillales","Halomonadaceae","Kushneria"
"353",157779,"AKL16_vs_TOK17","AB_Genus",1,"Bacteria","Pseudomonadota","Gammaproteobacteria","Oceanospirillales","Halomonadaceae","Kushneria"
"354",157779,"AKL16_vs_VIE17","AB_Genus",1,"Bacteria","Pseudomonadota","Gammaproteobacteria","Oceanospirillales","Halomonadaceae","Kushneria"
"355",157779,"AKL16_vs_ZRH17","AB_Genus",1,"Bacteria","Pseudomonadota","Gammaproteobacteria","Oceanospirillales","Halomonadaceae","Kushneria"
"356",158500,"DEN17_vs_SAN17","AB_Genus",2,"Bacteria","Pseudomonadota","Alphaproteobacteria","Sphingomonadales","Sphingomonadaceae","Novosphingobium"
"357",163604,"MIN17_vs_SAN17","AB_Family",5,"Bacteria","Actinomycetota","Actinomycetes","Streptosporangiales","Nocardiopsaceae",NA
"358",165179,"BER16_vs_DOH16","AB_Order",5,"Bacteria","Bacteroidota","Bacteroidia","Bacteroidales",NA,NA
"359",165697,"BAL17_vs_SAN17","AB_Genus",3,"Bacteria","Pseudomonadota","Alphaproteobacteria","Sphingomonadales","Sphingomonadaceae","Sphingopyxis"
"360",165697,"DEN17_vs_SAN17","AB_Genus",1,"Bacteria","Pseudomonadota","Alphaproteobacteria","Sphingomonadales","Sphingomonadaceae","Sphingopyxis"
"361",166486,"BAL17_vs_NYC17","AB_Genus",1,"Bacteria","Bacillota","Clostridia","Eubacteriales","Lachnospiraceae","Roseburia"
"362",166486,"BAL17_vs_TOK17","AB_Genus",2,"Bacteria","Bacillota","Clostridia","Eubacteriales","Lachnospiraceae","Roseburia"
"363",166486,"BAL17_vs_ZRH17","AB_Genus",3,"Bacteria","Bacillota","Clostridia","Eubacteriales","Lachnospiraceae","Roseburia"
"364",166486,"BER16_vs_BAL17","AB_Genus",3,"Bacteria","Bacillota","Clostridia","Eubacteriales","Lachnospiraceae","Roseburia"
"365",185951,"DEN17_vs_SAN17","AB_Order",5,"Bacteria","Pseudomonadota","Alphaproteobacteria","Sphingomonadales",NA,NA
"366",185951,"DEN16_vs_SAN17","AB_Genus",2,"Bacteria","Pseudomonadota","Alphaproteobacteria","Sphingomonadales","Sphingomonadaceae","Sphingomonas"
"367",185951,"DOH16_vs_SAN17","AB_Genus",5,"Bacteria","Pseudomonadota","Alphaproteobacteria","Sphingomonadales","Sphingomonadaceae","Sphingomonas"
"368",185951,"SAN17_vs_ZRH17","AB_Genus",4,"Bacteria","Pseudomonadota","Alphaproteobacteria","Sphingomonadales","Sphingomonadaceae","Sphingomonas"
"369",189426,"AKL16_vs_DOH17","AB_Genus",3,"Bacteria","Bacillota","Bacilli","Bacillales","Paenibacillaceae","Paenibacillus"
"370",189426,"AKL16_vs_ILR17","AB_Genus",3,"Bacteria","Bacillota","Bacilli","Bacillales","Paenibacillaceae","Paenibacillus"
"371",189426,"AKL16_vs_SAC16","AB_Genus",5,"Bacteria","Bacillota","Bacilli","Bacillales","Paenibacillaceae","Paenibacillus"
"372",189426,"AKL16_vs_SAO17","AB_Genus",4,"Bacteria","Bacillota","Bacilli","Bacillales","Paenibacillaceae","Paenibacillus"
"373",189426,"AKL16_vs_VIE17","AB_Genus",4,"Bacteria","Bacillota","Bacilli","Bacillales","Paenibacillaceae","Paenibacillus"
"374",189426,"ILR16_vs_DOH17","AB_Genus",4,"Bacteria","Bacillota","Bacilli","Bacillales","Paenibacillaceae","Paenibacillus"
"375",189426,"ILR16_vs_VIE17","AB_Genus",4,"Bacteria","Bacillota","Bacilli","Bacillales","Paenibacillaceae","Paenibacillus"
"376",207340,"BER16_vs_TOK16","AB_Genus",4,"Bacteria","Pseudomonadota","Alphaproteobacteria","Rhodospirillales","Acetobacteraceae","Roseomonas"
"377",207340,"DOH16_vs_TOK16","AB_Genus",3,"Bacteria","Pseudomonadota","Alphaproteobacteria","Rhodospirillales","Acetobacteraceae","Roseomonas"
"378",262209,"AKL16_vs_BOG16","AB_Family",3,"Bacteria","Actinomycetota","Actinomycetes","Micrococcales","Intrasporangiaceae",NA
"379",262209,"BER16_vs_DEN16","AB_Family",5,"Bacteria","Actinomycetota","Actinomycetes","Micrococcales","Intrasporangiaceae",NA
"380",262209,"BOG16_vs_DEN16","AB_Family",3,"Bacteria","Actinomycetota","Actinomycetes","Micrococcales","Intrasporangiaceae",NA
"381",262209,"BOG16_vs_ILR16","AB_Family",1,"Bacteria","Actinomycetota","Actinomycetes","Micrococcales","Intrasporangiaceae",NA
"382",262209,"BER16_vs_BOG16","AB_Genus",5,"Bacteria","Actinomycetota","Actinomycetes","Micrococcales","Intrasporangiaceae","Janibacter"
"383",262209,"BOG16_vs_DEN17","AB_Genus",3,"Bacteria","Actinomycetota","Actinomycetes","Micrococcales","Intrasporangiaceae","Janibacter"
"384",262209,"DEN17_vs_ILR17","AB_Genus",1,"Bacteria","Actinomycetota","Actinomycetes","Micrococcales","Intrasporangiaceae","Janibacter"
"385",288000,"BER16_vs_DEN17","AB_Order",1,"Bacteria","Pseudomonadota","Alphaproteobacteria","Hyphomicrobiales",NA,NA
"386",288000,"DEN17_vs_MIN17","AB_Order",1,"Bacteria","Pseudomonadota","Alphaproteobacteria","Hyphomicrobiales",NA,NA
"387",288000,"AKL16_vs_BAL17","AB_Genus",1,"Bacteria","Pseudomonadota","Alphaproteobacteria","Hyphomicrobiales","Nitrobacteraceae","Bradyrhizobium"
"388",288000,"AKL16_vs_DEN17","AB_Genus",3,"Bacteria","Pseudomonadota","Alphaproteobacteria","Hyphomicrobiales","Nitrobacteraceae","Bradyrhizobium"
"389",288000,"AKL16_vs_DOH17","AB_Genus",5,"Bacteria","Pseudomonadota","Alphaproteobacteria","Hyphomicrobiales","Nitrobacteraceae","Bradyrhizobium"
"390",288000,"AKL16_vs_MIN17","AB_Genus",4,"Bacteria","Pseudomonadota","Alphaproteobacteria","Hyphomicrobiales","Nitrobacteraceae","Bradyrhizobium"
"391",288000,"AKL16_vs_SAO17","AB_Genus",2,"Bacteria","Pseudomonadota","Alphaproteobacteria","Hyphomicrobiales","Nitrobacteraceae","Bradyrhizobium"
"392",288000,"AKL16_vs_TOK17","AB_Genus",2,"Bacteria","Pseudomonadota","Alphaproteobacteria","Hyphomicrobiales","Nitrobacteraceae","Bradyrhizobium"
"393",288000,"AKL16_vs_ZRH17","AB_Genus",5,"Bacteria","Pseudomonadota","Alphaproteobacteria","Hyphomicrobiales","Nitrobacteraceae","Bradyrhizobium"
"394",288000,"BAL17_vs_DEN17","AB_Genus",3,"Bacteria","Pseudomonadota","Alphaproteobacteria","Hyphomicrobiales","Nitrobacteraceae","Bradyrhizobium"
"395",288000,"BAL17_vs_SAO17","AB_Genus",2,"Bacteria","Pseudomonadota","Alphaproteobacteria","Hyphomicrobiales","Nitrobacteraceae","Bradyrhizobium"
"396",288000,"BER16_vs_BAL17","AB_Genus",1,"Bacteria","Pseudomonadota","Alphaproteobacteria","Hyphomicrobiales","Nitrobacteraceae","Bradyrhizobium"
"397",288000,"BER16_vs_DOH17","AB_Genus",5,"Bacteria","Pseudomonadota","Alphaproteobacteria","Hyphomicrobiales","Nitrobacteraceae","Bradyrhizobium"
"398",288000,"BER16_vs_SAO17","AB_Genus",4,"Bacteria","Pseudomonadota","Alphaproteobacteria","Hyphomicrobiales","Nitrobacteraceae","Bradyrhizobium"
"399",288000,"BER16_vs_TOK17","AB_Genus",1,"Bacteria","Pseudomonadota","Alphaproteobacteria","Hyphomicrobiales","Nitrobacteraceae","Bradyrhizobium"
"400",288000,"BER16_vs_VIE17","AB_Genus",5,"Bacteria","Pseudomonadota","Alphaproteobacteria","Hyphomicrobiales","Nitrobacteraceae","Bradyrhizobium"
"401",288000,"BER16_vs_ZRH17","AB_Genus",5,"Bacteria","Pseudomonadota","Alphaproteobacteria","Hyphomicrobiales","Nitrobacteraceae","Bradyrhizobium"
"402",288000,"BOG16_vs_BAL17","AB_Genus",4,"Bacteria","Pseudomonadota","Alphaproteobacteria","Hyphomicrobiales","Nitrobacteraceae","Bradyrhizobium"
"403",288000,"BOG16_vs_DEN17","AB_Genus",2,"Bacteria","Pseudomonadota","Alphaproteobacteria","Hyphomicrobiales","Nitrobacteraceae","Bradyrhizobium"
"404",288000,"BOG16_vs_MIN17","AB_Genus",4,"Bacteria","Pseudomonadota","Alphaproteobacteria","Hyphomicrobiales","Nitrobacteraceae","Bradyrhizobium"
"405",288000,"BOG16_vs_TOK17","AB_Genus",2,"Bacteria","Pseudomonadota","Alphaproteobacteria","Hyphomicrobiales","Nitrobacteraceae","Bradyrhizobium"
"406",288000,"DEN16_vs_BAL17","AB_Genus",1,"Bacteria","Pseudomonadota","Alphaproteobacteria","Hyphomicrobiales","Nitrobacteraceae","Bradyrhizobium"
"407",288000,"DEN16_vs_DEN17","AB_Genus",5,"Bacteria","Pseudomonadota","Alphaproteobacteria","Hyphomicrobiales","Nitrobacteraceae","Bradyrhizobium"
"408",288000,"DEN16_vs_SAO17","AB_Genus",4,"Bacteria","Pseudomonadota","Alphaproteobacteria","Hyphomicrobiales","Nitrobacteraceae","Bradyrhizobium"
"409",288000,"DEN16_vs_TOK17","AB_Genus",1,"Bacteria","Pseudomonadota","Alphaproteobacteria","Hyphomicrobiales","Nitrobacteraceae","Bradyrhizobium"
"410",288000,"DEN16_vs_ZRH17","AB_Genus",5,"Bacteria","Pseudomonadota","Alphaproteobacteria","Hyphomicrobiales","Nitrobacteraceae","Bradyrhizobium"
"411",288000,"DEN17_vs_SAO17","AB_Genus",3,"Bacteria","Pseudomonadota","Alphaproteobacteria","Hyphomicrobiales","Nitrobacteraceae","Bradyrhizobium"
"412",288000,"DEN17_vs_TOK17","AB_Genus",2,"Bacteria","Pseudomonadota","Alphaproteobacteria","Hyphomicrobiales","Nitrobacteraceae","Bradyrhizobium"
"413",288000,"DOH16_vs_BAL17","AB_Genus",1,"Bacteria","Pseudomonadota","Alphaproteobacteria","Hyphomicrobiales","Nitrobacteraceae","Bradyrhizobium"
"414",288000,"DOH16_vs_DEN17","AB_Genus",2,"Bacteria","Pseudomonadota","Alphaproteobacteria","Hyphomicrobiales","Nitrobacteraceae","Bradyrhizobium"
"415",288000,"DOH16_vs_DOH17","AB_Genus",2,"Bacteria","Pseudomonadota","Alphaproteobacteria","Hyphomicrobiales","Nitrobacteraceae","Bradyrhizobium"
"416",288000,"DOH16_vs_ILR17","AB_Genus",5,"Bacteria","Pseudomonadota","Alphaproteobacteria","Hyphomicrobiales","Nitrobacteraceae","Bradyrhizobium"
"417",288000,"DOH16_vs_SAO17","AB_Genus",1,"Bacteria","Pseudomonadota","Alphaproteobacteria","Hyphomicrobiales","Nitrobacteraceae","Bradyrhizobium"
"418",288000,"DOH16_vs_TOK17","AB_Genus",2,"Bacteria","Pseudomonadota","Alphaproteobacteria","Hyphomicrobiales","Nitrobacteraceae","Bradyrhizobium"
"419",288000,"DOH16_vs_VIE17","AB_Genus",3,"Bacteria","Pseudomonadota","Alphaproteobacteria","Hyphomicrobiales","Nitrobacteraceae","Bradyrhizobium"
"420",288000,"DOH16_vs_ZRH17","AB_Genus",1,"Bacteria","Pseudomonadota","Alphaproteobacteria","Hyphomicrobiales","Nitrobacteraceae","Bradyrhizobium"
"421",288000,"ILR16_vs_BAL17","AB_Genus",3,"Bacteria","Pseudomonadota","Alphaproteobacteria","Hyphomicrobiales","Nitrobacteraceae","Bradyrhizobium"
"422",288000,"ILR16_vs_DEN17","AB_Genus",2,"Bacteria","Pseudomonadota","Alphaproteobacteria","Hyphomicrobiales","Nitrobacteraceae","Bradyrhizobium"
"423",288000,"ILR16_vs_DOH17","AB_Genus",3,"Bacteria","Pseudomonadota","Alphaproteobacteria","Hyphomicrobiales","Nitrobacteraceae","Bradyrhizobium"
"424",288000,"ILR16_vs_MIN17","AB_Genus",5,"Bacteria","Pseudomonadota","Alphaproteobacteria","Hyphomicrobiales","Nitrobacteraceae","Bradyrhizobium"
"425",288000,"ILR16_vs_SAO17","AB_Genus",3,"Bacteria","Pseudomonadota","Alphaproteobacteria","Hyphomicrobiales","Nitrobacteraceae","Bradyrhizobium"
"426",288000,"ILR16_vs_TOK17","AB_Genus",1,"Bacteria","Pseudomonadota","Alphaproteobacteria","Hyphomicrobiales","Nitrobacteraceae","Bradyrhizobium"
"427",288000,"ILR16_vs_ZRH17","AB_Genus",5,"Bacteria","Pseudomonadota","Alphaproteobacteria","Hyphomicrobiales","Nitrobacteraceae","Bradyrhizobium"
"428",288000,"LIS16_vs_BAL17","AB_Genus",2,"Bacteria","Pseudomonadota","Alphaproteobacteria","Hyphomicrobiales","Nitrobacteraceae","Bradyrhizobium"
"429",288000,"LIS16_vs_DEN17","AB_Genus",4,"Bacteria","Pseudomonadota","Alphaproteobacteria","Hyphomicrobiales","Nitrobacteraceae","Bradyrhizobium"
"430",288000,"LIS16_vs_DOH17","AB_Genus",5,"Bacteria","Pseudomonadota","Alphaproteobacteria","Hyphomicrobiales","Nitrobacteraceae","Bradyrhizobium"
"431",288000,"LIS16_vs_MIN17","AB_Genus",2,"Bacteria","Pseudomonadota","Alphaproteobacteria","Hyphomicrobiales","Nitrobacteraceae","Bradyrhizobium"
"432",288000,"LIS16_vs_SAO17","AB_Genus",4,"Bacteria","Pseudomonadota","Alphaproteobacteria","Hyphomicrobiales","Nitrobacteraceae","Bradyrhizobium"
"433",288000,"LIS16_vs_TOK17","AB_Genus",2,"Bacteria","Pseudomonadota","Alphaproteobacteria","Hyphomicrobiales","Nitrobacteraceae","Bradyrhizobium"
"434",288000,"LIS16_vs_ZRH17","AB_Genus",5,"Bacteria","Pseudomonadota","Alphaproteobacteria","Hyphomicrobiales","Nitrobacteraceae","Bradyrhizobium"
"435",288000,"MIN17_vs_SAO17","AB_Genus",2,"Bacteria","Pseudomonadota","Alphaproteobacteria","Hyphomicrobiales","Nitrobacteraceae","Bradyrhizobium"
"436",288000,"NYC16_vs_BAL17","AB_Genus",1,"Bacteria","Pseudomonadota","Alphaproteobacteria","Hyphomicrobiales","Nitrobacteraceae","Bradyrhizobium"
"437",288000,"NYC16_vs_DEN17","AB_Genus",2,"Bacteria","Pseudomonadota","Alphaproteobacteria","Hyphomicrobiales","Nitrobacteraceae","Bradyrhizobium"
"438",288000,"NYC16_vs_DOH17","AB_Genus",1,"Bacteria","Pseudomonadota","Alphaproteobacteria","Hyphomicrobiales","Nitrobacteraceae","Bradyrhizobium"
"439",288000,"NYC16_vs_ILR17","AB_Genus",3,"Bacteria","Pseudomonadota","Alphaproteobacteria","Hyphomicrobiales","Nitrobacteraceae","Bradyrhizobium"
"440",288000,"NYC16_vs_MIN17","AB_Genus",1,"Bacteria","Pseudomonadota","Alphaproteobacteria","Hyphomicrobiales","Nitrobacteraceae","Bradyrhizobium"
"441",288000,"NYC16_vs_NYC17","AB_Genus",3,"Bacteria","Pseudomonadota","Alphaproteobacteria","Hyphomicrobiales","Nitrobacteraceae","Bradyrhizobium"
"442",288000,"NYC16_vs_SAO17","AB_Genus",1,"Bacteria","Pseudomonadota","Alphaproteobacteria","Hyphomicrobiales","Nitrobacteraceae","Bradyrhizobium"
"443",288000,"NYC16_vs_TOK17","AB_Genus",1,"Bacteria","Pseudomonadota","Alphaproteobacteria","Hyphomicrobiales","Nitrobacteraceae","Bradyrhizobium"
"444",288000,"NYC16_vs_VIE17","AB_Genus",1,"Bacteria","Pseudomonadota","Alphaproteobacteria","Hyphomicrobiales","Nitrobacteraceae","Bradyrhizobium"
"445",288000,"NYC16_vs_ZRH17","AB_Genus",1,"Bacteria","Pseudomonadota","Alphaproteobacteria","Hyphomicrobiales","Nitrobacteraceae","Bradyrhizobium"
"446",288000,"SAC16_vs_BAL17","AB_Genus",1,"Bacteria","Pseudomonadota","Alphaproteobacteria","Hyphomicrobiales","Nitrobacteraceae","Bradyrhizobium"
"447",288000,"SAC16_vs_DEN17","AB_Genus",2,"Bacteria","Pseudomonadota","Alphaproteobacteria","Hyphomicrobiales","Nitrobacteraceae","Bradyrhizobium"
"448",288000,"SAC16_vs_MIN17","AB_Genus",1,"Bacteria","Pseudomonadota","Alphaproteobacteria","Hyphomicrobiales","Nitrobacteraceae","Bradyrhizobium"
"449",288000,"SAC16_vs_SAN17","AB_Genus",3,"Bacteria","Pseudomonadota","Alphaproteobacteria","Hyphomicrobiales","Nitrobacteraceae","Bradyrhizobium"
"450",288000,"SAC16_vs_SAO17","AB_Genus",2,"Bacteria","Pseudomonadota","Alphaproteobacteria","Hyphomicrobiales","Nitrobacteraceae","Bradyrhizobium"
"451",288000,"SAC16_vs_TOK17","AB_Genus",1,"Bacteria","Pseudomonadota","Alphaproteobacteria","Hyphomicrobiales","Nitrobacteraceae","Bradyrhizobium"
"452",288000,"SAC16_vs_VIE17","AB_Genus",1,"Bacteria","Pseudomonadota","Alphaproteobacteria","Hyphomicrobiales","Nitrobacteraceae","Bradyrhizobium"
"453",288000,"SAC16_vs_ZRH17","AB_Genus",2,"Bacteria","Pseudomonadota","Alphaproteobacteria","Hyphomicrobiales","Nitrobacteraceae","Bradyrhizobium"
"454",288000,"SAO17_vs_TOK17","AB_Genus",2,"Bacteria","Pseudomonadota","Alphaproteobacteria","Hyphomicrobiales","Nitrobacteraceae","Bradyrhizobium"
"455",288000,"TOK16_vs_BAL17","AB_Genus",1,"Bacteria","Pseudomonadota","Alphaproteobacteria","Hyphomicrobiales","Nitrobacteraceae","Bradyrhizobium"
"456",288000,"TOK16_vs_DOH17","AB_Genus",5,"Bacteria","Pseudomonadota","Alphaproteobacteria","Hyphomicrobiales","Nitrobacteraceae","Bradyrhizobium"
"457",288000,"TOK16_vs_SAO17","AB_Genus",1,"Bacteria","Pseudomonadota","Alphaproteobacteria","Hyphomicrobiales","Nitrobacteraceae","Bradyrhizobium"
"458",288000,"TOK16_vs_TOK17","AB_Genus",1,"Bacteria","Pseudomonadota","Alphaproteobacteria","Hyphomicrobiales","Nitrobacteraceae","Bradyrhizobium"
"459",288000,"TOK16_vs_VIE17","AB_Genus",5,"Bacteria","Pseudomonadota","Alphaproteobacteria","Hyphomicrobiales","Nitrobacteraceae","Bradyrhizobium"
"460",288000,"TOK16_vs_ZRH17","AB_Genus",4,"Bacteria","Pseudomonadota","Alphaproteobacteria","Hyphomicrobiales","Nitrobacteraceae","Bradyrhizobium"
"461",289435,"NYC16_vs_SAN17","AB_Genus",5,"Bacteria","Cyanobacteriota","Cyanophyceae","Nostocales","Aphanizomenonaceae","Sphaerospermopsis"
"462",289435,"SAN17_vs_TOK17","AB_Genus",5,"Bacteria","Cyanobacteriota","Cyanophyceae","Nostocales","Aphanizomenonaceae","Sphaerospermopsis"
"463",289435,"SAN17_vs_VIE17","AB_Genus",4,"Bacteria","Cyanobacteriota","Cyanophyceae","Nostocales","Aphanizomenonaceae","Sphaerospermopsis"
"464",298654,"NYC17_vs_SAN17","AB_Genus",2,"Bacteria","Actinomycetota","Actinomycetes","Frankiales","Frankiaceae","Frankia"
"465",298654,"SAN17_vs_TOK17","AB_Genus",2,"Bacteria","Actinomycetota","Actinomycetes","Frankiales","Frankiaceae","Frankia"
"466",322509,"BER16_vs_BOG16","AB_Genus",3,"Bacteria","Actinomycetota","Actinomycetes","Mycobacteriales","Dietziaceae","Dietzia"
"467",322509,"BER16_vs_NYC16","AB_Genus",3,"Bacteria","Actinomycetota","Actinomycetes","Mycobacteriales","Dietziaceae","Dietzia"
"468",322509,"BOG16_vs_SAC16","AB_Genus",3,"Bacteria","Actinomycetota","Actinomycetes","Mycobacteriales","Dietziaceae","Dietzia"
"469",322509,"BOG16_vs_VIE17","AB_Genus",3,"Bacteria","Actinomycetota","Actinomycetes","Mycobacteriales","Dietziaceae","Dietzia"
"470",322509,"NYC17_vs_TOK17","AB_Genus",3,"Bacteria","Actinomycetota","Actinomycetes","Mycobacteriales","Dietziaceae","Dietzia"
"471",322509,"NYC17_vs_VIE17","AB_Genus",5,"Bacteria","Actinomycetota","Actinomycetes","Mycobacteriales","Dietziaceae","Dietzia"
"472",343874,"BOG16_vs_VIE17","AB_Genus",4,"Bacteria","Bacteroidota","Flavobacteriia","Flavobacteriales","Weeksellaceae","Empedobacter"
"473",357794,"BER16_vs_ZRH17","AB_Genus",2,"Bacteria","Pseudomonadota","Gammaproteobacteria","Alteromonadales","Psychromonadaceae","Psychromonas"
"474",357794,"BOG16_vs_ZRH17","AB_Genus",2,"Bacteria","Pseudomonadota","Gammaproteobacteria","Alteromonadales","Psychromonadaceae","Psychromonas"
"475",357794,"ILR17_vs_ZRH17","AB_Genus",2,"Bacteria","Pseudomonadota","Gammaproteobacteria","Alteromonadales","Psychromonadaceae","Psychromonas"
"476",357794,"NYC17_vs_ZRH17","AB_Genus",2,"Bacteria","Pseudomonadota","Gammaproteobacteria","Alteromonadales","Psychromonadaceae","Psychromonas"
"477",357794,"TOK16_vs_ZRH17","AB_Genus",1,"Bacteria","Pseudomonadota","Gammaproteobacteria","Alteromonadales","Psychromonadaceae","Psychromonas"
"478",364317,"BOG16_vs_SAO17","AB_Genus",4,"Bacteria","Pseudomonadota","Betaproteobacteria","Burkholderiales","Comamonadaceae","Verminephrobacter"
"479",365349,"BOG16_vs_NYC17","AB_Genus",5,"Bacteria","Bacillota","Negativicutes","Selenomonadales","Sporomusaceae","Pelosinus"
"480",391953,"AKL16_vs_BAL17","AB_Family",5,"Bacteria","Pseudomonadota","Betaproteobacteria","Burkholderiales","Sphaerotilaceae",NA
"481",391953,"AKL16_vs_TOK17","AB_Family",5,"Bacteria","Pseudomonadota","Betaproteobacteria","Burkholderiales","Sphaerotilaceae",NA
"482",391953,"DEN16_vs_BAL17","AB_Family",2,"Bacteria","Pseudomonadota","Betaproteobacteria","Burkholderiales","Sphaerotilaceae",NA
"483",391953,"ILR16_vs_TOK17","AB_Family",5,"Bacteria","Pseudomonadota","Betaproteobacteria","Burkholderiales","Sphaerotilaceae",NA
"484",392593,"BOG16_vs_DEN17","AB_Genus",4,"Bacteria","Pseudomonadota","Betaproteobacteria","Burkholderiales","Sphaerotilaceae","Inhella"
"485",392593,"TOK16_vs_BAL17","AB_Genus",3,"Bacteria","Pseudomonadota","Betaproteobacteria","Burkholderiales","Sphaerotilaceae","Inhella"
"486",392593,"TOK16_vs_DEN17","AB_Genus",4,"Bacteria","Pseudomonadota","Betaproteobacteria","Burkholderiales","Sphaerotilaceae","Inhella"
"487",392593,"TOK16_vs_TOK17","AB_Genus",4,"Bacteria","Pseudomonadota","Betaproteobacteria","Burkholderiales","Sphaerotilaceae","Inhella"
"488",410072,"BAL17_vs_DOH17","AB_Genus",5,"Bacteria","Bacillota","Clostridia","Eubacteriales","Lachnospiraceae","Coprococcus"
"489",410072,"DOH17_vs_SAO17","AB_Genus",1,"Bacteria","Bacillota","Clostridia","Eubacteriales","Lachnospiraceae","Coprococcus"
"490",410072,"NYC17_vs_SAO17","AB_Genus",5,"Bacteria","Bacillota","Clostridia","Eubacteriales","Lachnospiraceae","Coprococcus"
"491",450367,"BOG16_vs_SAC16","AB_Genus",5,"Bacteria","Bacillota","Bacilli","Bacillales","Bacillaceae","Peribacillus"
"492",450367,"SAC16_vs_VIE17","AB_Genus",3,"Bacteria","Bacillota","Bacilli","Bacillales","Bacillaceae","Peribacillus"
"493",546871,"AKL16_vs_SAN17","AB_Family",5,"Bacteria","Actinomycetota","Actinomycetes","Propionibacteriales","Nocardioidaceae",NA
"494",546871,"BER16_vs_DEN16","AB_Family",1,"Bacteria","Actinomycetota","Actinomycetes","Propionibacteriales","Nocardioidaceae",NA
"495",546871,"BER16_vs_ILR16","AB_Family",4,"Bacteria","Actinomycetota","Actinomycetes","Propionibacteriales","Nocardioidaceae",NA
"496",546871,"BER16_vs_LIS16","AB_Family",3,"Bacteria","Actinomycetota","Actinomycetes","Propionibacteriales","Nocardioidaceae",NA
"497",546871,"BOG16_vs_DEN16","AB_Family",2,"Bacteria","Actinomycetota","Actinomycetes","Propionibacteriales","Nocardioidaceae",NA
"498",546871,"DEN16_vs_SAC16","AB_Family",1,"Bacteria","Actinomycetota","Actinomycetes","Propionibacteriales","Nocardioidaceae",NA
"499",546871,"DEN16_vs_SAN17","AB_Family",1,"Bacteria","Actinomycetota","Actinomycetes","Propionibacteriales","Nocardioidaceae",NA
"500",546871,"DEN16_vs_VIE17","AB_Family",5,"Bacteria","Actinomycetota","Actinomycetes","Propionibacteriales","Nocardioidaceae",NA
"501",546871,"DEN16_vs_ZRH17","AB_Family",4,"Bacteria","Actinomycetota","Actinomycetes","Propionibacteriales","Nocardioidaceae",NA
"502",546871,"ILR16_vs_SAC16","AB_Family",1,"Bacteria","Actinomycetota","Actinomycetes","Propionibacteriales","Nocardioidaceae",NA
"503",546871,"ILR16_vs_SAN17","AB_Family",5,"Bacteria","Actinomycetota","Actinomycetes","Propionibacteriales","Nocardioidaceae",NA
"504",546871,"LIS16_vs_DEN17","AB_Family",5,"Bacteria","Actinomycetota","Actinomycetes","Propionibacteriales","Nocardioidaceae",NA
"505",546871,"LIS16_vs_MIN17","AB_Family",5,"Bacteria","Actinomycetota","Actinomycetes","Propionibacteriales","Nocardioidaceae",NA
"506",546871,"LIS16_vs_SAC16","AB_Family",2,"Bacteria","Actinomycetota","Actinomycetes","Propionibacteriales","Nocardioidaceae",NA
"507",546871,"LIS16_vs_SAN17","AB_Family",2,"Bacteria","Actinomycetota","Actinomycetes","Propionibacteriales","Nocardioidaceae",NA
"508",546871,"BAL17_vs_DOH17","AB_Genus",2,"Bacteria","Actinomycetota","Actinomycetes","Propionibacteriales","Nocardioidaceae","Friedmanniella"
"509",546871,"BAL17_vs_VIE17","AB_Genus",5,"Bacteria","Actinomycetota","Actinomycetes","Propionibacteriales","Nocardioidaceae","Friedmanniella"
"510",546871,"BER16_vs_DOH17","AB_Genus",3,"Bacteria","Actinomycetota","Actinomycetes","Propionibacteriales","Nocardioidaceae","Friedmanniella"
"511",546871,"BOG16_vs_DOH17","AB_Genus",3,"Bacteria","Actinomycetota","Actinomycetes","Propionibacteriales","Nocardioidaceae","Friedmanniella"
"512",546871,"BOG16_vs_ILR17","AB_Genus",3,"Bacteria","Actinomycetota","Actinomycetes","Propionibacteriales","Nocardioidaceae","Friedmanniella"
"513",546871,"DEN17_vs_DOH17","AB_Genus",1,"Bacteria","Actinomycetota","Actinomycetes","Propionibacteriales","Nocardioidaceae","Friedmanniella"
"514",546871,"DOH17_vs_MIN17","AB_Genus",1,"Bacteria","Actinomycetota","Actinomycetes","Propionibacteriales","Nocardioidaceae","Friedmanniella"
"515",546871,"DOH17_vs_NYC17","AB_Genus",5,"Bacteria","Actinomycetota","Actinomycetes","Propionibacteriales","Nocardioidaceae","Friedmanniella"
"516",546871,"DOH17_vs_SAN17","AB_Genus",1,"Bacteria","Actinomycetota","Actinomycetes","Propionibacteriales","Nocardioidaceae","Friedmanniella"
"517",546871,"DOH17_vs_VIE17","AB_Genus",1,"Bacteria","Actinomycetota","Actinomycetes","Propionibacteriales","Nocardioidaceae","Friedmanniella"
"518",546871,"DOH17_vs_ZRH17","AB_Genus",2,"Bacteria","Actinomycetota","Actinomycetes","Propionibacteriales","Nocardioidaceae","Friedmanniella"
"519",546871,"ILR17_vs_MIN17","AB_Genus",2,"Bacteria","Actinomycetota","Actinomycetes","Propionibacteriales","Nocardioidaceae","Friedmanniella"
"520",546871,"ILR17_vs_SAN17","AB_Genus",1,"Bacteria","Actinomycetota","Actinomycetes","Propionibacteriales","Nocardioidaceae","Friedmanniella"
"521",546871,"ILR17_vs_VIE17","AB_Genus",2,"Bacteria","Actinomycetota","Actinomycetes","Propionibacteriales","Nocardioidaceae","Friedmanniella"
"522",546871,"SAC16_vs_BAL17","AB_Genus",5,"Bacteria","Actinomycetota","Actinomycetes","Propionibacteriales","Nocardioidaceae","Friedmanniella"
"523",546871,"SAC16_vs_DOH17","AB_Genus",1,"Bacteria","Actinomycetota","Actinomycetes","Propionibacteriales","Nocardioidaceae","Friedmanniella"
"524",546871,"SAC16_vs_ILR17","AB_Genus",1,"Bacteria","Actinomycetota","Actinomycetes","Propionibacteriales","Nocardioidaceae","Friedmanniella"
"525",546874,"BER16_vs_DOH16","AB_Genus",1,"Bacteria","Actinomycetota","Actinomycetes","Propionibacteriales","Propionibacteriaceae","Microlunatus"
"526",546874,"BER16_vs_ILR17","AB_Genus",4,"Bacteria","Actinomycetota","Actinomycetes","Propionibacteriales","Propionibacteriaceae","Microlunatus"
"527",546874,"BOG16_vs_ILR17","AB_Genus",4,"Bacteria","Actinomycetota","Actinomycetes","Propionibacteriales","Propionibacteriaceae","Microlunatus"
"528",546874,"DOH16_vs_SAC16","AB_Genus",2,"Bacteria","Actinomycetota","Actinomycetes","Propionibacteriales","Propionibacteriaceae","Microlunatus"
"529",546874,"DOH16_vs_SAN17","AB_Genus",4,"Bacteria","Actinomycetota","Actinomycetes","Propionibacteriales","Propionibacteriaceae","Microlunatus"
"530",546874,"DOH17_vs_VIE17","AB_Genus",2,"Bacteria","Actinomycetota","Actinomycetes","Propionibacteriales","Propionibacteriaceae","Microlunatus"
"531",546874,"ILR17_vs_MIN17","AB_Genus",1,"Bacteria","Actinomycetota","Actinomycetes","Propionibacteriales","Propionibacteriaceae","Microlunatus"
"532",546874,"ILR17_vs_SAN17","AB_Genus",2,"Bacteria","Actinomycetota","Actinomycetes","Propionibacteriales","Propionibacteriaceae","Microlunatus"
"533",546874,"ILR17_vs_VIE17","AB_Genus",1,"Bacteria","Actinomycetota","Actinomycetes","Propionibacteriales","Propionibacteriaceae","Microlunatus"
"534",546874,"SAC16_vs_ILR17","AB_Genus",2,"Bacteria","Actinomycetota","Actinomycetes","Propionibacteriales","Propionibacteriaceae","Microlunatus"
"535",575378,"BOG16_vs_SAO17","AB_Genus",5,"Bacteria","Bacteroidota","Chitinophagia","Chitinophagales","Chitinophagaceae","Sediminibacterium"
"536",577489,"DEN16_vs_NYC16","AB_Genus",3,"Bacteria","Cyanobacteriota","Cyanophyceae","Chroococcales","Aphanothecaceae","Euhalothece"
"537",577489,"DEN16_vs_TOK16","AB_Genus",5,"Bacteria","Cyanobacteriota","Cyanophyceae","Chroococcales","Aphanothecaceae","Euhalothece"
"538",649756,"SAN17_vs_SAO17","AB_Genus",5,"Bacteria","Bacillota","Clostridia","Eubacteriales","Lachnospiraceae","Anaerostipes"
"539",649756,"SAO17_vs_ZRH17","AB_Genus",5,"Bacteria","Bacillota","Clostridia","Eubacteriales","Lachnospiraceae","Anaerostipes"
"540",665913,"VIE17_vs_ZRH17","AB_Genus",1,"Bacteria","Pseudomonadota","Gammaproteobacteria","Enterobacterales","Erwiniaceae","Mixta"
"541",1028416,"BOG16_vs_ILR17","AB_Genus",5,"Bacteria","Pseudomonadota","Gammaproteobacteria","Moraxellales","Moraxellaceae","Psychrobacter"
"542",1028416,"BOG16_vs_TOK17","AB_Genus",5,"Bacteria","Pseudomonadota","Gammaproteobacteria","Moraxellales","Moraxellaceae","Psychrobacter"
"543",1028416,"NYC16_vs_ILR17","AB_Genus",1,"Bacteria","Pseudomonadota","Gammaproteobacteria","Moraxellales","Moraxellaceae","Psychrobacter"
"544",1028416,"NYC16_vs_TOK16","AB_Genus",3,"Bacteria","Pseudomonadota","Gammaproteobacteria","Moraxellales","Moraxellaceae","Psychrobacter"
"545",1028416,"NYC16_vs_TOK17","AB_Genus",5,"Bacteria","Pseudomonadota","Gammaproteobacteria","Moraxellales","Moraxellaceae","Psychrobacter"
"546",1028416,"TOK17_vs_ZRH17","AB_Genus",4,"Bacteria","Pseudomonadota","Gammaproteobacteria","Moraxellales","Moraxellaceae","Psychrobacter"
"547",1196095,"BAL17_vs_SAN17","AB_Genus",1,"Bacteria","Pseudomonadota","Gammaproteobacteria","Orbales","Orbaceae","Gilliamella"
"548",1196095,"BOG16_vs_SAN17","AB_Genus",3,"Bacteria","Pseudomonadota","Gammaproteobacteria","Orbales","Orbaceae","Gilliamella"
"549",1196095,"DOH17_vs_SAN17","AB_Genus",3,"Bacteria","Pseudomonadota","Gammaproteobacteria","Orbales","Orbaceae","Gilliamella"
"550",1196095,"ILR16_vs_SAN17","AB_Genus",1,"Bacteria","Pseudomonadota","Gammaproteobacteria","Orbales","Orbaceae","Gilliamella"
"551",1196095,"ILR17_vs_SAN17","AB_Genus",3,"Bacteria","Pseudomonadota","Gammaproteobacteria","Orbales","Orbaceae","Gilliamella"
"552",1196095,"NYC17_vs_SAN17","AB_Genus",1,"Bacteria","Pseudomonadota","Gammaproteobacteria","Orbales","Orbaceae","Gilliamella"
"553",1196095,"SAC16_vs_SAN17","AB_Genus",1,"Bacteria","Pseudomonadota","Gammaproteobacteria","Orbales","Orbaceae","Gilliamella"
"554",1196095,"SAN17_vs_SAO17","AB_Genus",1,"Bacteria","Pseudomonadota","Gammaproteobacteria","Orbales","Orbaceae","Gilliamella"
"555",1196095,"SAN17_vs_TOK17","AB_Genus",1,"Bacteria","Pseudomonadota","Gammaproteobacteria","Orbales","Orbaceae","Gilliamella"
"556",1196095,"SAN17_vs_ZRH17","AB_Genus",1,"Bacteria","Pseudomonadota","Gammaproteobacteria","Orbales","Orbaceae","Gilliamella"
"557",1196095,"TOK16_vs_SAN17","AB_Genus",4,"Bacteria","Pseudomonadota","Gammaproteobacteria","Orbales","Orbaceae","Gilliamella"
"558",1218801,"BER16_vs_DEN16","AB_Genus",4,"Bacteria","Bacteroidota","Flavobacteriia","Flavobacteriales","Flavobacteriaceae","Kordia"
"559",1229727,"BOG16_vs_NYC16","AB_Genus",1,"Bacteria","Pseudomonadota","Alphaproteobacteria","Rhodobacterales","Roseobacteraceae","Salipiger"
"560",1288636,"BOG16_vs_TOK16","AB_Genus",4,"Bacteria","Actinomycetota","Actinomycetes","Micrococcales","Ornithinimicrobiaceae","Ornithinimicrobium"
"561",1288636,"TOK16_vs_ILR17","AB_Genus",4,"Bacteria","Actinomycetota","Actinomycetes","Micrococcales","Ornithinimicrobiaceae","Ornithinimicrobium"
"562",1296669,"SAC16_vs_MIN17","AB_Genus",5,"Bacteria","Pseudomonadota","Betaproteobacteria","Burkholderiales","","Aquabacterium"
"563",1335061,"BER16_vs_TOK16","AB_Genus",1,"Bacteria","Pseudomonadota","Alphaproteobacteria","Hyphomicrobiales","Rhizobiaceae","Pseudorhizobium"
"564",1484109,"MIN17_vs_SAN17","AB_Genus",1,"Bacteria","Pseudomonadota","Alphaproteobacteria","Rhodospirillales","Acetobacteraceae","Lichenicola"
"565",1484109,"NYC17_vs_SAN17","AB_Genus",5,"Bacteria","Pseudomonadota","Alphaproteobacteria","Rhodospirillales","Acetobacteraceae","Lichenicola"
"566",1610493,"BOG16_vs_TOK16","AB_Genus",5,"Bacteria","Actinomycetota","Actinomycetes","Propionibacteriales","Propionibacteriaceae","Tessaracoccus"
"567",1658665,"NYC16_vs_BAL17","AB_Genus",5,"Bacteria","Pseudomonadota","Betaproteobacteria","Burkholderiales","Sphaerotilaceae","Mitsuaria"
"568",1658671,"BOG16_vs_DOH17","AB_Genus",2,"Bacteria","Actinomycetota","Actinomycetes","Micrococcales","Intrasporangiaceae","Arsenicicoccus"
"569",1658671,"BOG16_vs_ILR17","AB_Genus",1,"Bacteria","Actinomycetota","Actinomycetes","Micrococcales","Intrasporangiaceae","Arsenicicoccus"
"570",1658671,"BOG16_vs_TOK16","AB_Genus",2,"Bacteria","Actinomycetota","Actinomycetes","Micrococcales","Intrasporangiaceae","Arsenicicoccus"
"571",1658671,"BOG16_vs_TOK17","AB_Genus",3,"Bacteria","Actinomycetota","Actinomycetes","Micrococcales","Intrasporangiaceae","Arsenicicoccus"
"572",1658671,"NYC16_vs_TOK16","AB_Genus",1,"Bacteria","Actinomycetota","Actinomycetes","Micrococcales","Intrasporangiaceae","Arsenicicoccus"
"573",1658671,"NYC17_vs_TOK17","AB_Genus",1,"Bacteria","Actinomycetota","Actinomycetes","Micrococcales","Intrasporangiaceae","Arsenicicoccus"
"574",1736306,"DOH17_vs_ILR17","AB_Genus",4,"Bacteria","Actinomycetota","Actinomycetes","Propionibacteriales","Nocardioidaceae","Aeromicrobium"
"575",1768242,"BER16_vs_DEN17","AB_Genus",5,"Bacteria","Pseudomonadota","Betaproteobacteria","Burkholderiales","","Paucibacter"
"576",1768242,"BOG16_vs_SAO17","AB_Genus",3,"Bacteria","Pseudomonadota","Betaproteobacteria","Burkholderiales","","Paucibacter"
"577",1768242,"NYC16_vs_DEN17","AB_Genus",5,"Bacteria","Pseudomonadota","Betaproteobacteria","Burkholderiales","","Paucibacter"
"578",1768242,"NYC16_vs_SAO17","AB_Genus",4,"Bacteria","Pseudomonadota","Betaproteobacteria","Burkholderiales","","Paucibacter"
"579",1842539,"BAL17_vs_SAN17","AB_Genus",4,"Bacteria","Pseudomonadota","Alphaproteobacteria","Hyphomicrobiales","Boseaceae","Bosea"
"580",1842539,"DEN17_vs_SAN17","AB_Genus",3,"Bacteria","Pseudomonadota","Alphaproteobacteria","Hyphomicrobiales","Boseaceae","Bosea"
"581",1844971,"BAL17_vs_NYC17","AB_Genus",4,"Bacteria","Pseudomonadota","Betaproteobacteria","Burkholderiales","Comamonadaceae","Curvibacter"
"582",1909395,"SAC16_vs_NYC17","AB_Genus",2,"Bacteria","Actinomycetota","Actinomycetes","Streptosporangiales","Streptosporangiaceae","Nonomuraea"
"583",1969806,"BOG16_vs_NYC16","AB_Genus",5,"Bacteria","Pseudomonadota","Alphaproteobacteria","Rhodospirillales","Acetobacteraceae","Acidibrevibacterium"
"584",1978566,"SAC16_vs_ILR17","AB_Genus",4,"Bacteria","Actinomycetota","Actinomycetes","Micrococcales","Microbacteriaceae","Cryobacterium"
"585",1982626,"BAL17_vs_ILR17","AB_Family",4,"Bacteria","Bacillota","Erysipelotrichia","Erysipelotrichales","Erysipelotrichaceae",NA
"586",1982626,"BAL17_vs_ZRH17","AB_Family",2,"Bacteria","Bacillota","Erysipelotrichia","Erysipelotrichales","Erysipelotrichaceae",NA
"587",1982626,"BAL17_vs_NYC17","AB_Genus",3,"Bacteria","Bacillota","Erysipelotrichia","Erysipelotrichales","Erysipelotrichaceae","Faecalibacillus"
"588",1982626,"BAL17_vs_VIE17","AB_Genus",4,"Bacteria","Bacillota","Erysipelotrichia","Erysipelotrichales","Erysipelotrichaceae","Faecalibacillus"
"589",2004710,"NYC17_vs_VIE17","AB_Genus",1,"Bacteria","Bacteroidota","Flavobacteriia","Flavobacteriales","Weeksellaceae","Cloacibacterium"
"590",2005456,"MIN17_vs_SAN17","AB_Genus",4,"Bacteria","Cyanobacteriota","Cyanophyceae","Nostocales","Hapalosiphonaceae","Fischerella"
"591",2005456,"SAN17_vs_VIE17","AB_Genus",2,"Bacteria","Cyanobacteriota","Cyanophyceae","Nostocales","Hapalosiphonaceae","Fischerella"
"592",2017486,"BER16_vs_DEN16","AB_Genus",2,"Bacteria","Actinomycetota","Actinomycetes","Propionibacteriales","Nocardioidaceae","Nocardioides"
"593",2017486,"BER16_vs_ILR16","AB_Genus",3,"Bacteria","Actinomycetota","Actinomycetes","Propionibacteriales","Nocardioidaceae","Nocardioides"
"594",2017486,"BER16_vs_LIS16","AB_Genus",4,"Bacteria","Actinomycetota","Actinomycetes","Propionibacteriales","Nocardioidaceae","Nocardioides"
"595",2017486,"BOG16_vs_DEN16","AB_Genus",5,"Bacteria","Actinomycetota","Actinomycetes","Propionibacteriales","Nocardioidaceae","Nocardioides"
"596",2017486,"DEN16_vs_SAC16","AB_Genus",2,"Bacteria","Actinomycetota","Actinomycetes","Propionibacteriales","Nocardioidaceae","Nocardioides"
"597",2017486,"DEN16_vs_SAN17","AB_Genus",4,"Bacteria","Actinomycetota","Actinomycetes","Propionibacteriales","Nocardioidaceae","Nocardioides"
"598",2017486,"DEN16_vs_VIE17","AB_Genus",4,"Bacteria","Actinomycetota","Actinomycetes","Propionibacteriales","Nocardioidaceae","Nocardioides"
"599",2017486,"ILR16_vs_SAC16","AB_Genus",5,"Bacteria","Actinomycetota","Actinomycetes","Propionibacteriales","Nocardioidaceae","Nocardioides"
"600",2017486,"LIS16_vs_SAC16","AB_Genus",3,"Bacteria","Actinomycetota","Actinomycetes","Propionibacteriales","Nocardioidaceae","Nocardioides"
"601",2017486,"LIS16_vs_SAN17","AB_Genus",3,"Bacteria","Actinomycetota","Actinomycetes","Propionibacteriales","Nocardioidaceae","Nocardioides"
"602",2018025,"SAC16_vs_NYC17","AB_Genus",1,"Bacteria","Actinomycetota","Actinomycetes","Kitasatosporales","Streptomycetaceae","Kitasatospora"
"603",2079792,"ILR16_vs_LIS16","AB_Genus",4,"Bacteria","Actinomycetota","Actinomycetes","Micrococcales","Microbacteriaceae","Mycetocola"
"604",2080419,"BAL17_vs_DEN17","AB_Order",5,"Bacteria","Deinococcota","Deinococci","Deinococcales",NA,NA
"605",2080419,"BOG16_vs_DEN17","AB_Order",5,"Bacteria","Deinococcota","Deinococci","Deinococcales",NA,NA
"606",2080419,"DEN17_vs_DOH17","AB_Order",5,"Bacteria","Deinococcota","Deinococci","Deinococcales",NA,NA
"607",2080419,"DEN17_vs_MIN17","AB_Order",5,"Bacteria","Deinococcota","Deinococci","Deinococcales",NA,NA
"608",2080419,"DEN17_vs_NYC17","AB_Genus",4,"Bacteria","Deinococcota","Deinococci","Deinococcales","Deinococcaceae","Deinococcus"
"609",2080419,"DEN17_vs_VIE17","AB_Genus",3,"Bacteria","Deinococcota","Deinococci","Deinococcales","Deinococcaceae","Deinococcus"
"610",2080419,"DEN17_vs_ZRH17","AB_Genus",5,"Bacteria","Deinococcota","Deinococci","Deinococcales","Deinococcaceae","Deinococcus"
"611",2482728,"ILR17_vs_SAO17","AB_Genus",2,"Bacteria","Bacteroidota","Sphingobacteriia","Sphingobacteriales","Sphingobacteriaceae","Pedobacter"
"612",2487072,"BOG16_vs_NYC17","AB_Genus",4,"Bacteria","Bacteroidota","Flavobacteriia","Flavobacteriales","Weeksellaceae","Epilithonimonas"
"613",2487072,"NYC17_vs_ZRH17","AB_Genus",3,"Bacteria","Bacteroidota","Flavobacteriia","Flavobacteriales","Weeksellaceae","Epilithonimonas"
"614",2502779,"DEN17_vs_TOK17","AB_Family",5,"Bacteria","Bacteroidota","Chitinophagia","Chitinophagales","Chitinophagaceae",NA
"615",2502779,"DOH17_vs_TOK17","AB_Family",4,"Bacteria","Bacteroidota","Chitinophagia","Chitinophagales","Chitinophagaceae",NA
"616",2502779,"ILR17_vs_SAO17","AB_Family",5,"Bacteria","Bacteroidota","Chitinophagia","Chitinophagales","Chitinophagaceae",NA
"617",2502779,"ILR17_vs_TOK17","AB_Family",4,"Bacteria","Bacteroidota","Chitinophagia","Chitinophagales","Chitinophagaceae",NA
"618",2567881,"ILR17_vs_SAO17","AB_Genus",1,"Bacteria","Actinomycetota","Actinomycetes","Micrococcales","Micrococcaceae","Citricoccus"
"619",2567881,"ILR17_vs_TOK17","AB_Genus",5,"Bacteria","Actinomycetota","Actinomycetes","Micrococcales","Micrococcaceae","Citricoccus"
"620",2572088,"NYC17_vs_ZRH17","AB_Family",5,"Bacteria","Candidatus Saccharibacteria","Candidatus Saccharimonadia","Candidatus Nanosynbacterales","Candidatus Nanosynbacteraceae",NA
"621",2579971,"BOG16_vs_NYC16","AB_Genus",2,"Bacteria","Pseudomonadota","Alphaproteobacteria","Rhodobacterales","Paracoccaceae","Paroceanicella"
"622",2596915,"AKL16_vs_BER16","AB_Phylum",1,"Bacteria","Bacteroidota",NA,NA,NA,NA
"623",2596915,"AKL16_vs_BOG16","AB_Phylum",2,"Bacteria","Bacteroidota",NA,NA,NA,NA
"624",2596915,"AKL16_vs_MIN17","AB_Phylum",1,"Bacteria","Bacteroidota",NA,NA,NA,NA
"625",2596915,"BAL17_vs_NYC17","AB_Class",5,"Bacteria","Bacteroidota","Cytophagia",NA,NA,NA
"626",2596915,"BER16_vs_DOH16","AB_Order",3,"Bacteria","Bacteroidota","Cytophagia","Cytophagales",NA,NA
"627",2596915,"BOG16_vs_DOH16","AB_Family",5,"Bacteria","Bacteroidota","Cytophagia","Cytophagales","Hymenobacteraceae",NA
"628",2596915,"DOH16_vs_SAC16","AB_Family",5,"Bacteria","Bacteroidota","Cytophagia","Cytophagales","Hymenobacteraceae",NA
"629",2596915,"BOG16_vs_DOH17","AB_Genus",1,"Bacteria","Bacteroidota","Cytophagia","Cytophagales","Hymenobacteraceae","Hymenobacter"
"630",2596915,"BOG16_vs_ILR17","AB_Genus",2,"Bacteria","Bacteroidota","Cytophagia","Cytophagales","Hymenobacteraceae","Hymenobacter"
"631",2596915,"DOH16_vs_NYC16","AB_Genus",5,"Bacteria","Bacteroidota","Cytophagia","Cytophagales","Hymenobacteraceae","Hymenobacter"
"632",2596915,"DOH17_vs_MIN17","AB_Genus",4,"Bacteria","Bacteroidota","Cytophagia","Cytophagales","Hymenobacteraceae","Hymenobacter"
"633",2596915,"DOH17_vs_NYC17","AB_Genus",3,"Bacteria","Bacteroidota","Cytophagia","Cytophagales","Hymenobacteraceae","Hymenobacter"
"634",2596915,"DOH17_vs_SAN17","AB_Genus",4,"Bacteria","Bacteroidota","Cytophagia","Cytophagales","Hymenobacteraceae","Hymenobacter"
"635",2596915,"DOH17_vs_VIE17","AB_Genus",3,"Bacteria","Bacteroidota","Cytophagia","Cytophagales","Hymenobacteraceae","Hymenobacter"
"636",2596915,"DOH17_vs_ZRH17","AB_Genus",3,"Bacteria","Bacteroidota","Cytophagia","Cytophagales","Hymenobacteraceae","Hymenobacter"
"637",2596915,"ILR16_vs_NYC16","AB_Genus",3,"Bacteria","Bacteroidota","Cytophagia","Cytophagales","Hymenobacteraceae","Hymenobacter"
"638",2596915,"ILR17_vs_MIN17","AB_Genus",4,"Bacteria","Bacteroidota","Cytophagia","Cytophagales","Hymenobacteraceae","Hymenobacter"
"639",2596915,"ILR17_vs_NYC17","AB_Genus",1,"Bacteria","Bacteroidota","Cytophagia","Cytophagales","Hymenobacteraceae","Hymenobacter"
"640",2596915,"ILR17_vs_SAN17","AB_Genus",4,"Bacteria","Bacteroidota","Cytophagia","Cytophagales","Hymenobacteraceae","Hymenobacter"
"641",2596915,"NYC16_vs_DOH17","AB_Genus",5,"Bacteria","Bacteroidota","Cytophagia","Cytophagales","Hymenobacteraceae","Hymenobacter"
"642",2596915,"NYC16_vs_ILR17","AB_Genus",2,"Bacteria","Bacteroidota","Cytophagia","Cytophagales","Hymenobacteraceae","Hymenobacter"
"643",2596915,"SAC16_vs_DOH17","AB_Genus",3,"Bacteria","Bacteroidota","Cytophagia","Cytophagales","Hymenobacteraceae","Hymenobacter"
"644",2596915,"SAC16_vs_ILR17","AB_Genus",3,"Bacteria","Bacteroidota","Cytophagia","Cytophagales","Hymenobacteraceae","Hymenobacter"
"645",2596916,"DOH17_vs_MIN17","AB_Genus",5,"Bacteria","Actinomycetota","Actinomycetes","Micrococcales","Microbacteriaceae","Frigoribacterium"
"646",2596916,"ILR17_vs_MIN17","AB_Genus",3,"Bacteria","Actinomycetota","Actinomycetes","Micrococcales","Microbacteriaceae","Frigoribacterium"
"647",2596916,"SAC16_vs_TOK16","AB_Genus",3,"Bacteria","Actinomycetota","Actinomycetes","Micrococcales","Microbacteriaceae","Frigoribacterium"
"648",2609252,"BAL17_vs_MIN17","AB_Genus",1,"Bacteria","Actinomycetota","Actinomycetes","Micrococcales","Microbacteriaceae","Rathayibacter"
"649",2609252,"SAC16_vs_TOK16","AB_Genus",4,"Bacteria","Actinomycetota","Actinomycetes","Micrococcales","Microbacteriaceae","Rathayibacter"
"650",2674997,"DEN16_vs_NYC16","AB_Genus",4,"Bacteria","Bacteroidota","Cytophagia","Cytophagales","Cytophagaceae","Tellurirhabdus"
"651",2689569,"BER16_vs_ZRH17","AB_Genus",3,"Bacteria","Pseudomonadota","Gammaproteobacteria","Alteromonadales","Colwelliaceae","Colwellia"
"652",2689569,"DOH17_vs_ZRH17","AB_Genus",1,"Bacteria","Pseudomonadota","Gammaproteobacteria","Alteromonadales","Colwelliaceae","Colwellia"
"653",2697363,"BOG16_vs_NYC16","AB_Genus",4,"Bacteria","Pseudomonadota","Alphaproteobacteria","Rhodospirillales","Acetobacteraceae","Acidocella"
"654",2698682,"DEN17_vs_ILR17","AB_Genus",5,"Bacteria","Pseudomonadota","Gammaproteobacteria","Xanthomonadales","Xanthomonadaceae","Lysobacter"
"655",2708346,"DOH17_vs_ILR17","AB_Genus",5,"Bacteria","Bacillota","Bacilli","Bacillales","Staphylococcaceae","Jeotgalicoccus"
"656",2714952,"BER16_vs_BAL17","AB_Genus",4,"Bacteria","Pseudomonadota","Betaproteobacteria","Burkholderiales","Comamonadaceae","Kinneretia"
"657",2714952,"BER16_vs_TOK17","AB_Genus",4,"Bacteria","Pseudomonadota","Betaproteobacteria","Burkholderiales","Comamonadaceae","Kinneretia"
"658",2714952,"BOG16_vs_MIN17","AB_Genus",5,"Bacteria","Pseudomonadota","Betaproteobacteria","Burkholderiales","Comamonadaceae","Kinneretia"
"659",2714952,"BOG16_vs_SAO17","AB_Genus",1,"Bacteria","Pseudomonadota","Betaproteobacteria","Burkholderiales","Comamonadaceae","Kinneretia"
"660",2714952,"MIN17_vs_SAO17","AB_Genus",3,"Bacteria","Pseudomonadota","Betaproteobacteria","Burkholderiales","Comamonadaceae","Kinneretia"
"661",2714952,"NYC16_vs_BAL17","AB_Genus",3,"Bacteria","Pseudomonadota","Betaproteobacteria","Burkholderiales","Comamonadaceae","Kinneretia"
"662",2714952,"NYC16_vs_SAO17","AB_Genus",5,"Bacteria","Pseudomonadota","Betaproteobacteria","Burkholderiales","Comamonadaceae","Kinneretia"
"663",2714952,"SAC16_vs_BAL17","AB_Genus",4,"Bacteria","Pseudomonadota","Betaproteobacteria","Burkholderiales","Comamonadaceae","Kinneretia"
"664",2714952,"SAC16_vs_MIN17","AB_Genus",3,"Bacteria","Pseudomonadota","Betaproteobacteria","Burkholderiales","Comamonadaceae","Kinneretia"
"665",2714952,"TOK16_vs_BAL17","AB_Genus",4,"Bacteria","Pseudomonadota","Betaproteobacteria","Burkholderiales","Comamonadaceae","Kinneretia"
"666",2716227,"DOH16_vs_TOK16","AB_Genus",5,"Bacteria","Actinomycetota","Actinomycetes","Micrococcales","Dermatophilaceae","Gephyromycinifex"
"667",2735133,"MIN17_vs_TOK17","AB_Genus",5,"Bacteria","Actinomycetota","Actinomycetes","Micrococcales","Microbacteriaceae","Herbiconiux"
"668",2736640,"DEN16_vs_SAC16","AB_Family",5,"Bacteria","Actinomycetota","Actinomycetes","Pseudonocardiales","Pseudonocardiaceae",NA
"669",2760308,"BER16_vs_BOG16","AB_Genus",4,"Bacteria","Actinomycetota","Actinomycetes","Propionibacteriales","Propionibacteriaceae","Propioniciclava"
"670",2760308,"BOG16_vs_TOK16","AB_Genus",3,"Bacteria","Actinomycetota","Actinomycetes","Propionibacteriales","Propionibacteriaceae","Propioniciclava"
"671",2760308,"BOG16_vs_VIE17","AB_Genus",5,"Bacteria","Actinomycetota","Actinomycetes","Propionibacteriales","Propionibacteriaceae","Propioniciclava"
"672",2763672,"BER16_vs_SAO17","AB_Genus",1,"Bacteria","Bacillota","Clostridia","Eubacteriales","Lachnospiraceae","Simiaoa"
"673",2763672,"LIS16_vs_SAO17","AB_Genus",1,"Bacteria","Bacillota","Clostridia","Eubacteriales","Lachnospiraceae","Simiaoa"
"674",2763672,"SAO17_vs_VIE17","AB_Genus",1,"Bacteria","Bacillota","Clostridia","Eubacteriales","Lachnospiraceae","Simiaoa"
"675",2851567,"ILR16_vs_NYC16","AB_Order",5,"Bacteria","Actinomycetota","Actinomycetes","Geodermatophilales",NA,NA
"676",2851567,"DEN16_vs_SAC16","AB_Family",3,"Bacteria","Actinomycetota","Actinomycetes","Geodermatophilales","Geodermatophilaceae",NA
"677",2851567,"DEN16_vs_SAN17","AB_Family",5,"Bacteria","Actinomycetota","Actinomycetes","Geodermatophilales","Geodermatophilaceae",NA
"678",2851567,"ILR16_vs_SAC16","AB_Family",4,"Bacteria","Actinomycetota","Actinomycetes","Geodermatophilales","Geodermatophilaceae",NA
"679",2851567,"ILR16_vs_SAN17","AB_Family",3,"Bacteria","Actinomycetota","Actinomycetes","Geodermatophilales","Geodermatophilaceae",NA
"680",2851567,"DEN17_vs_DOH17","AB_Genus",2,"Bacteria","Actinomycetota","Actinomycetes","Geodermatophilales","Geodermatophilaceae","Modestobacter"
"681",2851567,"DOH17_vs_SAN17","AB_Genus",2,"Bacteria","Actinomycetota","Actinomycetes","Geodermatophilales","Geodermatophilaceae","Modestobacter"
"682",2851567,"SAC16_vs_DOH17","AB_Genus",2,"Bacteria","Actinomycetota","Actinomycetes","Geodermatophilales","Geodermatophilaceae","Modestobacter"
"683",2851567,"SAC16_vs_TOK17","AB_Genus",5,"Bacteria","Actinomycetota","Actinomycetes","Geodermatophilales","Geodermatophilaceae","Modestobacter"
"684",2851567,"SAC16_vs_ZRH17","AB_Genus",1,"Bacteria","Actinomycetota","Actinomycetes","Geodermatophilales","Geodermatophilaceae","Modestobacter"
"685",2851567,"SAN17_vs_ZRH17","AB_Genus",3,"Bacteria","Actinomycetota","Actinomycetes","Geodermatophilales","Geodermatophilaceae","Modestobacter"
"686",2853227,"DEN16_vs_DOH17","AB_Order",5,"Bacteria","Cyanobacteriota","Cyanophyceae","Nostocales",NA,NA
"687",2855441,"VIE17_vs_ZRH17","AB_Genus",5,"Bacteria","Pseudomonadota","Gammaproteobacteria","Oceanospirillales","Halomonadaceae","Halomonas"
"688",2857077,"DEN16_vs_TOK16","AB_Genus",4,"Bacteria","Cyanobacteriota","Cyanophyceae","Gloeobacterales","Gloeobacteraceae","Anthocerotibacter"
"689",2861282,"AKL16_vs_ILR16","AB_Family",1,"Bacteria","Pseudomonadota","Betaproteobacteria","Burkholderiales","Oxalobacteraceae",NA
"690",2861282,"AKL16_vs_MIN17","AB_Family",3,"Bacteria","Pseudomonadota","Betaproteobacteria","Burkholderiales","Oxalobacteraceae",NA
"691",2861282,"AKL16_vs_SAO17","AB_Family",1,"Bacteria","Pseudomonadota","Betaproteobacteria","Burkholderiales","Oxalobacteraceae",NA
"692",2861282,"ILR16_vs_BAL17","AB_Genus",2,"Bacteria","Pseudomonadota","Betaproteobacteria","Burkholderiales","Oxalobacteraceae","Massilia"
"693",2861282,"ILR16_vs_MIN17","AB_Genus",4,"Bacteria","Pseudomonadota","Betaproteobacteria","Burkholderiales","Oxalobacteraceae","Massilia"
"694",2861282,"ILR16_vs_SAO17","AB_Genus",2,"Bacteria","Pseudomonadota","Betaproteobacteria","Burkholderiales","Oxalobacteraceae","Massilia"
"695",2861285,"BAL17_vs_MIN17","AB_Order",5,"Bacteria","Pseudomonadota","Alphaproteobacteria","Caulobacterales",NA,NA
"696",2861285,"DEN17_vs_MIN17","AB_Family",4,"Bacteria","Pseudomonadota","Alphaproteobacteria","Caulobacterales","Caulobacteraceae",NA
"697",2861285,"MIN17_vs_SAO17","AB_Family",5,"Bacteria","Pseudomonadota","Alphaproteobacteria","Caulobacterales","Caulobacteraceae",NA
"698",2867012,"BOG16_vs_NYC16","AB_Genus",3,"Bacteria","Pseudomonadota","Alphaproteobacteria","Rhodobacterales","Roseobacteraceae","Jannaschia"
"699",2953753,"TOK17_vs_VIE17","AB_Genus",5,"Archaea","Euryarchaeota","Halobacteria","Natrialbales","Natrialbaceae","Saliphagus"
"700",2978473,"SAC16_vs_DEN17","AB_Genus",5,"Bacteria","Pseudomonadota","Betaproteobacteria","Burkholderiales","Sphaerotilaceae","Roseateles"
"701",2984843,"MIN17_vs_VIE17","AB_Genus",2,"Bacteria","Pseudomonadota","Alphaproteobacteria","Hyphomicrobiales","Methylobacteriaceae","Methylobacterium"
