Sample	City	Taxon	&gamma;-hexachlorocyclohexane degradation	(<i>R</i>)-acetoin biosynthesis I	(<i>R</i>)-acetoin biosynthesis II	(<i>S</i>)-acetoin biosynthesis	(KDO)<sub>2</sub>-lipid A biosynthesis I	1,2-dichloroethane degradation	1,3,5-trimethoxybenzene biosynthesis	1,3-propanediol biosynthesis (engineered)	1,5-anhydrofructose degradation	2,3-dihydroxybenzoate biosynthesis	2-Chloroacrylates-Degradation	2-Oxobutanoate-Degradation	2-amino-3-carboxymuconate semialdehyde degradation to 2-oxopentenoate	2-aminoethylphosphonate degradation I	2-aminoethylphosphonate degradation II	2-isopropylphenol degradation	2-methylketone biosynthesis	2-oxoglutarate decarboxylation to succinyl-CoA	2-oxoisovalerate decarboxylation to isobutanoyl-CoA	2-oxopentenoate degradation	2-propylphenol degradation	3,5-dimethoxytoluene biosynthesis	3-Dehydroquinate-Biosynthesis	3-dimethylallyl-4-hydroxybenzoate biosynthesis	3-methylbutanol biosynthesis	3-oxoadipate degradation	4-Aminobutyraye-Degradation	4-Hydroxybenzoate-Biosynthesis	4-Hydroxyproline-Degradation	4-amino-3-hydroxybenzoate degradation	4-hydroxy-2-nonenal detoxification	4-hydroxymandelate degradation	4-hydroxyphenylacetate degradation	4-hydroxyphenylpyruvate biosynthesis	6-gingerol analog biosynthesis	<I>m</I>-cresol degradation	<I>p</I>-cymene degradation to <I>p</I>-cumate	<i>Methanobacterium thermoautotrophicum</i> biosynthetic metabolism	<i>N</i>-methylanthraniloyl-&beta;-<i>D</i>-glucopyranose biosynthesis	<i>all-trans</i>-farnesol biosynthesis	<i>meso</i>-butanediol biosynthesis I	<i>meso</i>-butanediol biosynthesis II	<i>trans, trans</i>-farnesyl diphosphate biosynthesis	ALANINE-DEG	ARGININE-DEG	ASPARAGINE-DEG	ASPARTATE-DEG	Acetate-Formation	Acrylonitrile-Degradation	Alcohol-Biosynthesis	Alkanes-Biosynthesis	Allantoin-degradation	Antibiotic-Biosynthesis	Ascorbate-Degradation	Autoinducer-Biosynthesis	Beta-Alanine-Degradation	Betaine-Biosynthesis	C4 photosynthetic carbon assimilation cycle, NAD-ME type	C4 photosynthetic carbon assimilation cycle, NADP-ME type	C4 photosynthetic carbon assimilation cycle, PEPCK type	CARBO-BIOSYNTHESIS	CARN-DEG	CO2-Fixation	CYSTEINE-DEG	Catechol-Degradation	Cell-Wall-Biosynthesis	Chloroaromatic-Compounds-Degradation	Cholesterol-Degradation	Choline-Biosynthesis	Choline-Degradation	Chorismate-Biosynthesis	CoA-Biosynthesis	Cobyrinate-diamide-Biosynthesis	Creatinine-Degradation	D-gluconate degradation	D-glucosaminate degradation	D-malate degradation	Deoxyribonucleotide-Biosynthesis	Entner-Doudoroff pathway I	Entner-Doudoroff pathway II (non-phosphorylative)	Entner-Doudoroff pathway III (semi-phosphorylative)	Ethanol-Degradation	FATTY-ACID-DERIVATIVE-SYN	FLAVONOID-DEG	Fatty-Acid-Degradation	Fatty-acid-biosynthesis	Fluorene-Degradation	Formaldehyde-Assimilation	Formaldehyde-Oxidation	GALLATE-DEG	GLUTAMATE-DEG	GLUTAMINE-DEG	GLYCEROL-DEG	GLYCINE-DEG	Gentisate-Degradation	Glycine-Betaine-Degradation	Glycolate-Degradation	HISTIDINE-DEG	Hydrogen-Oxidation	IND-AMINO-ACID-SYN	ISOLEUCINE-DEG	Insecticides-Biosynthesis	KDO-Lipid-IV-Transfer	L-1,2-propanediol degradation	L-dopa degradation	LYSINE-DEG	Lactaldehyde-Degradation	Lipid A-core biosynthesis	Lipoate-Biosynthesis	Lipopolysaccharide-Biosynthesis	MANDELATE-DEG	METHIONINE-DEG	MISCELLANEOUS-DEG	Malonate-Degradation	Methanol-Oxidation	Methylthioadenosine-Degradation	Molybdenum-Cofactor-Biosynthesis	N-CONTAINING-SECONDARY-CMPD-DEG	N-CONTAINING-SECONDARY-CMPD-SYN	NAD-Metabolism	NADH to dimethyl sulfoxide electron transfer	NADH to fumarate electron transfer	NADH to trimethylamine <i>N</i>-oxide electron transfer	NITROGEN-DEG	Nitroaromatic-Degradation	Nucleic-Acid-Processing	Olefins-Biosynthesis	Oligosaccharides-Biosynthesis	Organic-solutes-Biosynthesis	PHENYLALANINE-DEG	PHENYLPROPANOID-DERIVATIVE-DEG	PHENYLPROPANOID-SYN	PHYTOALEXIN-SYN	PLANT-CELL-STRUCTURE	PLANT-HORMONE-DEG	POLYKETIDE-SYN	POLYSACCHARIDES-DEG	PRPP-Biosynthesis	PUR-NUC-SYN	PYR-NUC-SYN	Phenolic-Compounds-Degradation	Phospholipid-Biosynthesis	Phosphorus-Compounds	Plant-Hormone-Biosynthesis	Polyprenyl-Biosynthesis	Polysaccharides-Biosynthesis	Porphyrin-Compounds-Biosynthesis	Propionate-Degradation	Protocatechuate-Degradation	Purine-Degradation	Putrescine-Biosynthesis	Putrescine-Degradation	Pyrimidine-Degradation	Quinate-Degradation	Quinone-Biosynthesis	Reductants	Rubisco shunt	S-adenosyl-L-methionine biosynthesis	SERINE-DEG	SUGAR-DERIVS	Shikimate-Degradation	Spermidine-Biosynthesis	Sphingolipid-Biosynthesis	Sterol-Biosynthesis	Sugar-Derivatives	Sugars-And-Polysaccharides-Degradation	Sulfoaromatics-Degradation	Sulfur-Metabolism	TCA cycle	TCA cycle I (prokaryotic)	TCA cycle II (plants and fungi)	TCA cycle III (helicobacter)	TCA cycle IV (2-oxoglutarate decarboxylase)	TCA cycle V (2-oxoglutarate:ferredoxin oxidoreductase)	TCA cycle VI (obligate autotrophs)	TCA cycle VII (acetate-producers)	TERPENOID-DEG	TERPENOPHENOLICS-SYN	THREONINE-DEG	TOLUENE-DEG	TRYPTOPHAN-DEG	TYROSINE-DEG	Terpenoid-Biosynthesis	Tetrapyrrole-Biosynthesis	UDP-NAc-Glucosamine-Biosynthesis	UDP-Nac-Galactosamine-Biosynthesis	Urate-Degradation	Urea-Degradation	VALINE-DEG	Vancomycin-Resistnace	Vanillin-Degradation	Vitamin-Biosynthesis	Xylene-Degradation	[2Fe-2S] iron-sulfur cluster biosynthesis	acetaldehyde biosynthesis I	acetate conversion to acetyl-CoA	acetoacetate degradation (to acetyl CoA)	acetoin degradation	acetyl-CoA fermentation to butyrate II	acetylene degradation	acyl carrier protein metabolism I	acyl carrier protein metabolism II	acyl-CoA hydrolysis	adamantanone degradation	aerobactin biosynthesis	aerobic respiration (alternative oxidase pathway)	aldoxime degradation	alkylnitronates degradation	aminopropylcadaverine biosynthesis	anaerobic energy metabolism (invertebrates, cytosol)	anaerobic energy metabolism (invertebrates, mitochondrial)	androstenedione degradation	arginine dependent acid resistance	aromatic biogenic amine degradation (bacteria)	arsenate detoxification I (glutaredoxin)	arsenate detoxification II (glutaredoxin)	biotin-carboxyl carrier protein assembly	bisabolene biosynthesis	bisucaberin biosynthesis	chitin degradation to ethanol	citrate lyase activation	citrulline biosynthesis	coenzyme B biosynthesis	colanic acid building blocks biosynthesis	dTDP-D-forosamine biosynthesis	desferrioxamine B biosynthesis	desferrioxamine E biosynthesis	detoxification of reactive carbonyls in chloroplasts	diacylglycerol biosynthesis (PUFA enrichment in oilseed)	dibenzo-<I>p</I>-dioxin degradation	dibenzothiophene desulfurization	dopamine degradation	drosopterin and aurodrosopterin biosynthesis	ecdysone and 20-hydroxyecdysone biosynthesis	ecdysteroid metabolism (arthropods)	ectoine biosynthesis	enterobacterial common antigen biosynthesis	enterobactin biosynthesis	ergothioneine biosynthesis	ethanolamine utilization	ethylene biosynthesis V	ethylene glycol biosynthesis	ethylene glycol degradation	fatty acid activation	formate to dimethyl sulfoxide electron transfer	formate to trimethylamine <i>N</i>-oxide electron transfer	furaneol biosynthesis	gallate biosynthesis	glutamate dependent acid resistance	glutaryl-CoA degradation	glutathione-mediated detoxification I	glutathione-mediated detoxification II	glycerol-3-phosphate shuttle	glycolysis I (from glucose-6P)	glycolysis II (from fructose-6P)	glycolysis III (from glucose)	glycolysis IV (plant cytosol)	glycolysis V (Pyrococcus)	glycolysis VI (metazoan)	glyoxylate assimilation	glyoxylate cycle	grixazone biosynthesis	guanylyl molybdenum cofactor biosynthesis	heterolactic fermentation	homoglutathione biosynthesis	hydrogen production VI	hypoglycin biosynthesis	ketogenesis	ketolysis	lactate biosynthesis (archaea)	lipoxin biosynthesis	malonate decarboxylase activation	methanogenesis from acetate	methyl ketone biosynthesis	methyl parathion degradation	methyl-coenzyme M oxidation to CO<sub>2</sub>	methylaspartate cycle	methylgallate degradation	methylglyoxal degradation I	methylglyoxal degradation II	methylglyoxal degradation III	mixed acid fermentation	muropeptide degradation	nitrilotriacetate degradation	noradrenaline and adrenaline degradation	norspermidine biosynthesis	octane oxidation	oleandomycin activation/inactivation	oligomeric urushiol biosynthesis	ornithine degradation II (Stickland reaction)	ornithine lipid biosynthesis	oxidized GTP and dGTP detoxification	paraoxon degradation	parathion degradation	paspaline biosynthesis	paxilline and diprenylpaxilline biosynthesis	pentose phosphate pathway (non-oxidative branch)	pentose phosphate pathway (oxidative branch) I	pentose phosphate pathway (oxidative branch) II	pentose phosphate pathway (partial)	perchlorate reduction	phenolic malonylglucosides biosynthesis	phenylethanol glycoconjugate biosynthesis	phenylmercury acetate degradation	phosphatidylcholine acyl editing	phosphatidylglycerol degradation	photorespiration	photosynthesis light reactions	photosynthetic 3-hydroxybutyrate biosynthesis	phytol degradation	polyhydroxybutyrate biosynthesis	ppGpp biosynthesis	preQ<sub>0</sub> biosynthesis	propylene degradation	pyoverdine I biosynthesis	pyrrolnitrin biosynthesis	pyrroloquinoline quinone biosynthesis	pyruvate decarboxylation to acetyl CoA	pyruvate fermentation to acetate I	pyruvate fermentation to acetate II	pyruvate fermentation to acetate III	pyruvate fermentation to acetate IV	pyruvate fermentation to acetate V	pyruvate fermentation to acetate VI	pyruvate fermentation to acetate VII	pyruvate fermentation to ethanol I	pyruvate fermentation to ethanol II	pyruvate fermentation to ethanol III	pyruvate fermentation to hexanol	pyruvate fermentation to lactate	pyruvate oxidation pathway	respiration (anaerobic)	rhizobactin 1021 biosynthesis	sedoheptulose bisphosphate bypass	seed germination protein turnover	selenate reduction	seleno-amino acid biosynthesis	serinol biosynthesis	serotonin degradation	sitosterol degradation to androstenedione	sophorolipid biosynthesis	spermine biosynthesis	stigma estolide biosynthesis	succinate to cytochrome <i>bd</i> oxidase electron transfer	succinate to cytochrome <i>bo</i> oxidase electron transfer	superoxide radicals degradation	superpathway of C28 brassinosteroid biosynthesis	superpathway of fermentation (<i>Chlamydomonas reinhardtii</i>)	superpathway of glycolysis and Entner-Doudoroff	superpathway of glycolysis, pyruvate dehydrogenase, TCA, and glyoxylate bypass	superpathway of glyoxylate cycle and fatty acid degradation	superpathway of ornithine degradation	syringate degradation	tRNA charging	tetrachloroethene degradation	tetrahydromonapterin biosynthesis	triclosan resistance	triethylamine degradation	violacein biosynthesis	vitamin B<sub>6</sub> degradation	wax esters biosynthesis II	wound-induced proteolysis I
BAL_En	BAL	En	0.0	0.0	0.0	0.0	1.0	0.0	1.0	0.0	0.0	0.0	0.0	0.0	0.0	0.0	0.0	0.0	1.0	1.0	0.0	0.0	0.0	1.0	0.0	0.0	0.0	0.0	0.0	0.0	0.0	0.0	0.0	0.0	0.0	0.0	0.0	0.0	0.0	0.0	0.0	0.0	0.0	0.0	0.0	0.0	0.0	1.0	0.0	0.0	0.0	0.0	0.0	0.0	3.0	1.0	0.0	0.0	1.0	0.0	0.0	0.0	0.0	0.0	1.0	0.0	0.0	1.0	1.0	0.0	1.0	0.0	0.0	0.0	0.0	0.0	0.0	0.0	0.0	0.0	0.0	0.0	0.0	0.0	0.0	3.0	2.0	4.169491525423728	0.0	0.0	0.0	0.0	0.0	0.0	0.0	0.0	0.0	0.0	0.0	0.0	0.0	2.0	0.0	0.0	0.0	1.0	0.0	1.0	0.0	0.0	1.0	1.0	0.0	0.0	0.0	0.0	0.0	0.0	0.0	1.0	8.0	0.0	0.0	0.0	0.0	0.0	0.0	0.0	2.0	0.0	0.0	0.0	0.0	24.0	1.0	1.0	0.0	4.0	3.0	1.0	1.0	2.0	0.0	0.0	1.0	2.0	0.0	0.0	0.0	0.0	0.0	2.0	0.0	0.0	1.0	0.0	1.0	0.0	0.0	0.0	0.0	0.0	0.0	0.0	0.0	0.0	1.0	4.0	0.0	2.0	0.0	0.0	0.0	0.0	0.0	0.0	0.0	0.0	0.0	1.0	1.0	0.0	0.0	0.0	2.0	0.0	0.0	0.0	0.0	0.0	0.0	0.0	1.0	3.0	0.0	0.0	0.0	0.0	0.0	0.0	0.0	0.0	0.0	0.0	0.0	0.0	0.0	2.0	0.0	0.0	1.0	0.0	0.0	0.0	0.0	0.0	0.0	0.0	0.0	0.0	1.0	0.0	0.0	0.0	0.0	0.0	0.0	1.0	1.0	0.0	0.0	0.0	0.0	0.0	0.0	0.0	0.0	0.0	0.0	0.0	0.0	0.0	0.0	0.0	0.0	0.0	0.0	0.0	0.0	0.0	0.0	0.0	0.0	0.0	0.0	0.0	0.0	0.0	0.0	0.0	0.0	1.0	0.0	0.0	0.0	0.0	0.0	0.0	0.0	0.0	0.0	0.0	0.0	0.0	0.0	0.0	0.0	0.0	0.0	0.0	0.0	0.0	0.0	0.0	0.0	0.0	0.0	0.0	0.0	2.0	0.0	0.0	1.0	0.0	0.0	0.0	0.0	0.0	0.0	0.0	0.0	0.0	0.0	1.0	1.0	0.0	0.0	0.0	0.0	0.0	0.0	0.0	0.0	0.0	0.0	0.0	0.0	0.0	0.0	0.0	0.0	0.0	0.0	0.0	0.0	0.0	0.0	0.0	0.0	0.0	0.0	0.0	0.0	0.0	0.0	0.0	1.0	0.0	1.0	0.0	0.0	0.0	1.0	0.0	1.0	0.0	0.0	0.0	0.0	0.0	0.0	0.0	0.0	0.0	0.0	1.0	0.0	0.0	0.0	0.0	0.0	0.0	0.0	1.0
BAL_Es	BAL	Es	0.0	0.0	0.0	0.0	0.0	0.0	0.0	0.0	0.0	0.0	0.0	0.0	0.0	0.0	0.0	0.0	0.0	0.0	0.0	0.0	0.0	0.0	0.0	0.0	0.0	0.0	0.0	0.0	0.0	0.0	0.0	0.0	0.0	0.0	0.0	0.0	0.0	0.0	0.0	0.0	0.0	0.0	0.0	0.0	0.0	0.0	0.0	0.0	0.0	0.0	0.0	0.0	0.0	0.0	0.0	0.0	0.0	0.0	0.0	0.0	0.0	0.0	0.0	0.0	0.0	0.0	0.0	0.0	0.0	0.0	0.0	0.0	0.0	0.0	0.0	0.0	0.0	0.0	0.0	0.0	0.0	0.0	0.0	0.0	0.0	0.0	0.0	0.0	0.0	0.0	0.0	0.0	0.0	0.0	0.0	0.0	0.0	0.0	0.0	0.0	0.0	0.0	0.0	0.0	0.0	0.0	0.0	0.0	0.0	0.0	0.0	0.0	0.0	0.0	0.0	0.0	0.0	0.0	2.0	0.0	0.0	0.0	0.0	0.0	0.0	0.0	0.0	0.0	0.0	0.0	0.0	3.0	0.0	0.0	0.0	0.0	0.0	0.0	0.0	0.0	0.0	0.0	0.0	1.0	0.0	0.0	0.0	0.0	0.0	0.0	0.0	0.0	0.0	0.0	0.0	0.0	0.0	0.0	0.0	0.0	0.0	0.0	0.0	0.0	0.0	0.0	0.0	0.0	0.0	0.0	0.0	0.0	0.0	0.0	0.0	0.0	0.0	0.0	0.0	0.0	0.0	0.0	0.0	0.0	0.0	0.0	0.0	0.0	0.0	0.0	0.0	0.0	0.0	0.0	0.0	0.0	0.0	0.0	0.0	0.0	0.0	0.0	0.0	0.0	0.0	0.0	0.0	0.0	0.0	0.0	0.0	0.0	0.0	0.0	0.0	0.0	0.0	0.0	0.0	0.0	0.0	0.0	0.0	0.0	0.0	0.0	0.0	0.0	0.0	0.0	0.0	0.0	0.0	0.0	0.0	0.0	0.0	0.0	0.0	0.0	0.0	0.0	0.0	0.0	0.0	0.0	0.0	0.0	0.0	0.0	0.0	0.0	0.0	0.0	0.0	0.0	0.0	0.0	0.0	0.0	0.0	0.0	0.0	0.0	0.0	0.0	0.0	0.0	0.0	0.0	0.0	0.0	0.0	0.0	0.0	0.0	0.0	0.0	0.0	0.0	0.0	0.0	0.0	0.0	0.0	0.0	0.0	0.0	1.0	0.0	0.0	0.0	0.0	0.0	0.0	0.0	0.0	0.0	0.0	0.0	0.0	0.0	0.0	0.0	0.0	0.0	0.0	0.0	0.0	0.0	0.0	0.0	0.0	0.0	0.0	0.0	0.0	0.0	0.0	0.0	0.0	0.0	0.0	0.0	0.0	0.0	0.0	0.0	0.0	0.0	0.0	0.0	0.0	0.0	0.0	0.0	0.0	0.0	0.0	0.0	0.0	0.0	0.0	0.0	0.0	0.0	0.0	0.0	0.0	0.0	0.0	0.0	0.0	0.0	0.0	0.0	0.0	0.0	0.0	0.0	0.0	0.0
BAL_Kl	BAL	Kl	0.0	0.0	0.0	0.0	1.0	0.0	0.0	0.0	0.0	0.0	0.0	0.0	0.0	0.0	0.0	0.0	0.0	1.0	0.0	0.0	0.0	0.0	0.0	0.0	0.0	0.0	1.0	0.0	0.0	0.0	0.0	0.0	0.0	0.0	0.0	0.0	0.0	0.0	0.0	0.0	0.0	0.0	0.0	0.0	1.0	0.0	0.0	0.0	0.0	0.0	0.0	1.0	0.0	0.0	2.0	0.0	0.0	0.0	0.0	0.0	0.0	0.0	2.0	0.0	1.0	1.0	0.0	0.0	0.0	0.0	0.0	0.0	0.0	0.0	0.0	0.0	0.0	0.0	0.0	0.0	0.0	1.0	0.0	0.0	0.0	3.317460317460317	0.0	1.0	1.0	0.0	0.0	0.0	2.0	0.0	0.0	0.0	0.0	1.0	0.0	3.0	0.0	0.0	0.0	0.0	0.0	0.0	0.0	1.0	1.0	3.0	0.0	0.0	1.0	0.0	0.0	0.0	1.0	0.0	2.0	0.0	0.0	0.0	0.0	1.0	1.0	0.0	1.0	0.0	1.0	0.0	0.0	12.0	1.0	1.0	0.0	4.0	1.0	0.0	3.0	0.0	1.0	1.0	0.0	1.0	0.0	0.0	1.0	0.0	0.0	0.0	0.0	3.0	0.0	0.0	1.0	1.0	0.0	0.0	0.0	0.0	0.0	0.0	0.0	0.0	3.0	3.0	0.0	4.0	0.0	0.0	0.0	0.0	1.0	0.0	0.0	0.0	0.0	1.0	0.0	0.0	0.0	0.0	2.0	0.0	0.0	0.0	1.0	0.0	0.0	0.0	2.0	3.0	0.0	0.0	0.0	0.0	0.0	0.0	0.0	0.0	0.0	0.0	0.0	0.0	0.0	2.0	0.0	0.0	0.0	0.0	0.0	0.0	0.0	1.0	0.0	0.0	0.0	0.0	0.0	0.0	1.0	0.0	0.0	0.0	0.0	0.0	0.0	0.0	0.0	0.0	0.0	0.0	0.0	0.0	0.0	0.0	1.0	1.0	0.0	1.0	0.0	0.0	0.0	0.0	0.0	0.0	0.0	0.0	0.0	0.0	0.0	0.0	0.0	0.0	0.0	0.0	0.0	0.0	0.0	0.0	0.0	0.0	0.0	0.0	0.0	0.0	0.0	0.0	0.0	0.0	0.0	1.0	0.0	0.0	0.0	0.0	0.0	0.0	0.0	0.0	0.0	0.0	0.0	0.0	0.0	0.0	0.0	0.0	0.0	0.0	1.0	0.0	0.0	0.0	0.0	0.0	0.0	0.0	0.0	0.0	0.0	1.0	0.0	0.0	0.0	0.0	0.0	0.0	0.0	0.0	0.0	0.0	0.0	0.0	0.0	0.0	0.0	0.0	0.0	0.0	0.0	0.0	1.0	1.0	0.0	0.0	0.0	0.0	0.0	0.0	0.0	0.0	0.0	0.0	0.0	0.0	0.0	0.0	0.0	0.0	1.0	0.0	0.0	0.0	0.0	0.0	0.0	0.0	0.0	0.0	0.0	0.0	0.0	1.0	0.0	0.0	0.0	0.0	0.0	0.0	0.0	0.0
DEN_En	DEN	En	0.0	0.0	0.0	0.0	0.0	0.0	0.0	0.0	0.0	0.0	0.0	0.0	0.0	0.0	0.0	0.0	0.0	0.0	0.0	0.0	0.0	0.0	0.0	0.0	0.0	0.0	0.0	0.0	0.0	0.0	0.0	0.0	0.0	0.0	0.0	0.0	0.0	0.0	0.0	0.0	0.0	0.0	0.0	0.0	0.0	0.0	0.0	0.0	0.0	0.0	0.0	0.0	0.0	0.0	0.0	0.0	0.0	0.0	0.0	0.0	0.0	0.0	0.0	0.0	0.0	1.0	0.0	0.0	0.0	0.0	0.0	0.0	0.0	0.0	0.0	0.0	0.0	3.0	0.0	0.0	0.0	0.0	0.0	0.0	0.0	0.0	0.0	0.0	0.0	0.0	0.0	0.0	0.0	0.0	0.0	0.0	0.0	0.0	0.0	1.0	0.0	0.0	0.0	0.0	0.0	0.0	0.0	0.0	0.0	0.0	0.0	0.0	0.0	0.0	0.0	0.0	0.0	0.0	0.0	0.0	0.0	0.0	0.0	0.0	0.0	0.0	0.0	0.0	0.0	0.0	0.0	0.0	0.0	0.0	0.0	0.0	0.0	0.0	1.0	0.0	0.0	0.0	0.0	0.0	0.0	0.0	0.0	0.0	0.0	0.0	0.0	0.0	0.0	0.0	0.0	0.0	0.0	0.0	0.0	0.0	0.0	0.0	0.0	0.0	0.0	0.0	0.0	0.0	0.0	0.0	0.0	0.0	0.0	0.0	0.0	0.0	0.0	0.0	1.0	0.0	0.0	0.0	0.0	0.0	0.0	0.0	0.0	0.0	0.0	0.0	0.0	0.0	0.0	0.0	0.0	0.0	0.0	0.0	0.0	0.0	0.0	0.0	0.0	0.0	0.0	0.0	0.0	0.0	0.0	0.0	0.0	0.0	0.0	0.0	0.0	0.0	0.0	0.0	0.0	0.0	0.0	0.0	0.0	0.0	0.0	0.0	0.0	0.0	0.0	0.0	0.0	0.0	0.0	0.0	0.0	0.0	0.0	0.0	0.0	0.0	0.0	0.0	0.0	0.0	0.0	0.0	0.0	0.0	0.0	0.0	0.0	0.0	0.0	0.0	0.0	0.0	0.0	0.0	0.0	0.0	0.0	0.0	0.0	0.0	0.0	0.0	0.0	0.0	0.0	0.0	0.0	0.0	0.0	0.0	0.0	0.0	0.0	0.0	0.0	0.0	0.0	0.0	0.0	0.0	0.0	0.0	0.0	0.0	0.0	0.0	0.0	0.0	0.0	0.0	0.0	0.0	0.0	0.0	0.0	0.0	0.0	0.0	0.0	0.0	0.0	0.0	0.0	0.0	0.0	0.0	0.0	0.0	0.0	0.0	0.0	0.0	0.0	0.0	0.0	0.0	0.0	0.0	0.0	0.0	0.0	0.0	0.0	0.0	0.0	0.0	0.0	0.0	0.0	0.0	0.0	0.0	0.0	0.0	0.0	0.0	0.0	0.0	0.0	0.0	0.0	0.0	0.0	0.0	0.0	0.0	0.0	0.0	0.0	0.0	0.0	0.0	0.0	0.0	0.0	0.0	0.0	0.0
DEN_Es	DEN	Es	0.0	0.0	0.0	0.0	0.0	0.0	0.0	0.0	0.0	0.0	0.0	0.0	0.0	0.0	0.0	0.0	0.0	0.0	0.0	0.0	0.0	0.0	0.0	0.0	0.0	0.0	0.0	0.0	0.0	0.0	0.0	0.0	0.0	0.0	0.0	0.0	0.0	0.0	0.0	0.0	0.0	0.0	0.0	0.0	0.0	0.0	0.0	0.0	0.0	0.0	0.0	0.0	0.0	0.0	0.0	0.0	0.0	0.0	0.0	0.0	0.0	0.0	0.0	0.0	0.0	0.0	0.0	0.0	0.0	0.0	0.0	0.0	0.0	0.0	0.0	0.0	0.0	0.0	0.0	0.0	0.0	0.0	0.0	0.0	0.0	0.0	0.0	0.0	0.0	0.0	0.0	0.0	0.0	0.0	0.0	0.0	0.0	0.0	0.0	0.0	0.0	0.0	0.0	0.0	0.0	0.0	0.0	0.0	0.0	0.0	0.0	0.0	0.0	0.0	0.0	0.0	0.0	0.0	0.0	0.0	0.0	0.0	0.0	0.0	0.0	0.0	0.0	0.0	0.0	0.0	0.0	0.0	0.0	0.0	0.0	0.0	0.0	0.0	0.0	0.0	0.0	0.0	0.0	1.0	0.0	0.0	0.0	0.0	0.0	0.0	0.0	0.0	0.0	0.0	0.0	0.0	0.0	0.0	0.0	0.0	0.0	0.0	0.0	0.0	0.0	0.0	0.0	0.0	0.0	0.0	0.0	0.0	0.0	0.0	0.0	0.0	0.0	0.0	0.0	0.0	0.0	0.0	0.0	0.0	0.0	0.0	0.0	0.0	0.0	0.0	0.0	0.0	0.0	0.0	0.0	0.0	0.0	0.0	0.0	0.0	0.0	0.0	0.0	0.0	0.0	0.0	0.0	0.0	0.0	0.0	0.0	0.0	0.0	0.0	0.0	0.0	0.0	0.0	0.0	0.0	0.0	0.0	0.0	0.0	0.0	0.0	0.0	0.0	0.0	0.0	0.0	0.0	0.0	0.0	0.0	0.0	0.0	0.0	0.0	0.0	0.0	0.0	0.0	0.0	0.0	0.0	0.0	0.0	0.0	0.0	0.0	0.0	0.0	0.0	0.0	0.0	0.0	0.0	0.0	0.0	0.0	0.0	0.0	0.0	0.0	0.0	0.0	0.0	0.0	0.0	0.0	0.0	0.0	0.0	0.0	0.0	0.0	0.0	0.0	0.0	0.0	0.0	0.0	0.0	0.0	0.0	0.0	0.0	0.0	0.0	0.0	0.0	0.0	0.0	0.0	0.0	0.0	0.0	0.0	0.0	0.0	0.0	0.0	0.0	0.0	0.0	0.0	0.0	0.0	0.0	0.0	0.0	0.0	0.0	0.0	0.0	0.0	0.0	0.0	0.0	0.0	0.0	0.0	0.0	0.0	0.0	0.0	0.0	0.0	0.0	0.0	0.0	0.0	0.0	0.0	0.0	0.0	0.0	0.0	0.0	0.0	0.0	0.0	0.0	0.0	0.0	0.0	0.0	0.0	0.0	0.0	0.0	0.0	0.0	0.0	0.0	0.0	0.0	0.0	0.0	0.0	0.0
DEN_Kl	DEN	Kl	0.0	4.0	2.5	3.0	11.0	0.0	8.0	0.0	0.0	1.0	2.0	0.0	0.0	1.5	1.5	1.5	6.0	1.0	0.0	1.3333333333333333	1.5	4.5	1.5	0.0	1.5	2.0	5.0	1.0	0.0	0.0	5.0	1.0	1.25	1.0	6.0	0.0	5.0	1.0	4.0	1.0	9.0	9.0	1.0	3.0	5.5	5.0	1.0	2.0	0.0	5.666666666666666	1.0	4.0	86.53333333333333	13.25	3.0	2.5	19.5	1.0	0.0	0.0	100.69761904761904	1.0	8.438095238095238	3.0	2.0	20.4	19.0	7.333333333333333	8.0	2.0	2.0	0.0	1.3333333333333333	1.0	2.0	2.0	1.0	14.75	1.0	0.0	0.0	4.333333333333333	4.0	7.666666666666667	44.666666666666664	63.55277777777777	2.0	4.358333333333333	1.0	3.75	5.0	2.0	8.5	1.5	2.0	1.0	5.0	2.0	0.0	83.70952380952382	3.833333333333333	4.0	0.0	1.6666666666666667	1.0	7.0	4.0	3.75	9.0	15.25	0.0	2.0	1.0	8.5	0.0	1.0	2.333333333333333	3.0	84.01666666666667	8.583333333333332	1.0	1.0	0.0	16.0	11.0	9.0	20.666666666666664	12.0	3.0	3.0	2.0	388.6357142857143	20.0	12.666666666666666	6.333333333333333	56.4	17.583333333333332	2.0	22.166666666666668	9.5	12.5	29.5	11.833333333333334	37.68939393939394	1.0	10.45	9.5	0.0	3.0	26.166666666666664	3.0	4.0	11.0	1.0	21.083333333333332	9.0	1.3333333333333333	1.0	4.0	15.0	10.0	1.5	4.0	4.0	62.0	85.85000000000001	0.0	75.0	0.0	1.4	1.6666666666666667	1.0	1.2857142857142858	1.3333333333333333	1.0	1.5	4.0	17.0	12.5	2.0	2.0	2.0	74.65151515151516	1.5	0.0	0.0	2.0	0.0	1.5	0.0	8.0	71.90833333333333	0.0	4.0	1.0	1.0	4.0	1.0	2.5	1.3333333333333333	0.0	0.0	0.0	1.0	0.0	12.333333333333334	1.5	1.0	2.5	1.25	0.0	3.0	0.0	1.3333333333333333	0.0	0.0	0.0	1.0	3.0	1.0	2.333333333333333	0.0	0.0	0.0	1.75	3.0	3.0	6.222222222222222	4.0	2.0	1.0	1.0	1.0	0.0	4.5	1.3333333333333333	1.0	0.0	2.0	3.0	1.0	1.0	2.0	1.0	1.0	0.0	5.0	1.0	0.0	0.0	5.0	0.0	3.0	1.5	0.0	0.0	0.0	0.0	0.0	0.0	1.0	1.3333333333333333	1.0	1.4444444444444444	2.0	0.0	0.0	0.0	2.5	5.5	2.0	3.0	0.0	0.0	0.0	0.0	1.25	0.0	2.0	0.0	9.0	1.1	1.0	0.0	1.0	1.3333333333333333	0.0	9.666666666666666	1.0	0.0	11.0	3.0	0.0	0.0	1.0	1.25	1.4	0.0	0.0	1.6666666666666667	4.0	11.0	2.5	0.0	1.0	1.0	1.3333333333333333	0.0	1.0	1.0	7.5	1.0	1.0	0.0	1.0	1.0	1.0	1.0	0.0	1.5	0.0	1.5	1.0	0.0	0.0	1.0	1.0	1.0	0.0	2.0	1.0	1.0	1.0	1.0	1.0	0.0	1.5	5.0	1.0	3.8	7.5	0.0	6.0	3.0	3.0	4.0	1.0	1.25	2.0	1.0	2.0	1.0	4.75	1.3529411764705883	4.0	0.0	1.0	1.0	1.25	1.0	1.0	1.0
MIN_Es	MIN	Es	0.0	0.0	0.0	0.0	0.0	0.0	0.0	0.0	0.0	0.0	0.0	0.0	0.0	0.0	0.0	0.0	0.0	0.0	0.0	0.0	0.0	0.0	0.0	0.0	0.0	0.0	0.0	0.0	0.0	0.0	0.0	0.0	0.0	0.0	0.0	0.0	0.0	0.0	0.0	0.0	0.0	0.0	0.0	0.0	0.0	0.0	0.0	0.0	0.0	0.0	0.0	0.0	0.0	0.0	0.0	0.0	0.0	0.0	0.0	0.0	0.0	0.0	0.0	0.0	0.0	0.0	0.0	0.0	0.0	0.0	0.0	0.0	0.0	0.0	0.0	0.0	0.0	0.0	0.0	0.0	0.0	0.0	0.0	0.0	0.0	0.0	0.0	0.0	0.0	0.0	0.0	0.0	0.0	0.0	0.0	0.0	0.0	0.0	0.0	0.0	0.0	0.0	0.0	0.0	0.0	0.0	0.0	0.0	0.0	0.0	0.0	0.0	0.0	0.0	0.0	0.0	0.0	0.0	0.0	0.0	0.0	0.0	0.0	0.0	0.0	0.0	0.0	0.0	0.0	0.0	0.0	0.0	0.0	0.0	0.0	0.0	0.0	0.0	0.0	0.0	0.0	0.0	0.0	1.0	0.0	0.0	0.0	0.0	0.0	0.0	0.0	0.0	0.0	0.0	0.0	0.0	0.0	0.0	0.0	0.0	0.0	0.0	0.0	0.0	0.0	0.0	0.0	0.0	0.0	0.0	0.0	0.0	0.0	0.0	0.0	0.0	0.0	0.0	0.0	0.0	0.0	0.0	0.0	0.0	0.0	0.0	0.0	0.0	0.0	0.0	0.0	0.0	0.0	0.0	0.0	0.0	0.0	0.0	0.0	0.0	0.0	0.0	0.0	0.0	0.0	0.0	0.0	0.0	0.0	0.0	0.0	0.0	0.0	0.0	0.0	0.0	0.0	0.0	0.0	0.0	0.0	0.0	0.0	0.0	0.0	0.0	0.0	0.0	0.0	0.0	0.0	0.0	0.0	0.0	0.0	0.0	0.0	0.0	0.0	0.0	0.0	0.0	0.0	0.0	0.0	0.0	0.0	0.0	0.0	0.0	0.0	0.0	0.0	0.0	0.0	0.0	0.0	0.0	0.0	0.0	0.0	0.0	0.0	0.0	0.0	0.0	0.0	0.0	0.0	0.0	0.0	0.0	0.0	0.0	0.0	0.0	0.0	0.0	0.0	0.0	0.0	0.0	0.0	0.0	0.0	0.0	0.0	0.0	0.0	0.0	0.0	0.0	0.0	0.0	0.0	0.0	0.0	0.0	0.0	0.0	0.0	0.0	0.0	0.0	0.0	0.0	0.0	0.0	0.0	0.0	0.0	0.0	0.0	0.0	0.0	0.0	0.0	0.0	0.0	0.0	0.0	0.0	0.0	0.0	0.0	0.0	0.0	0.0	0.0	0.0	0.0	0.0	0.0	0.0	0.0	0.0	0.0	0.0	0.0	0.0	0.0	0.0	0.0	0.0	0.0	0.0	0.0	0.0	0.0	0.0	0.0	0.0	0.0	0.0	0.0	0.0	0.0	0.0	0.0	0.0	0.0	0.0
NYC_En	NYC	En	19.33333333333333	32.0	18.0	18.5	55.0	6.0	37.0	16.4	2.0	9.5	26.0	3.0	0.0	0.0	7.0	0.0	49.0	5.333333333333333	0.0	0.0	0.0	20.0	9.5	0.0	15.0	2.5	18.5	6.0	7.666666666666666	0.0	25.0	0.0	7.5	5.0	29.5	0.0	26.0	5.0	16.0	4.5	48.0	48.0	4.5	26.0	29.0	30.0	9.0	5.0	1.0	47.53333333333333	5.5	11.0	405.3404761904762	65.25	15.0	13.5	73.0	6.142857142857143	5.0	5.857142857142857	518.7684981684982	4.0	53.28333333333333	18.0	4.25	133.72857142857143	68.0	41.77777777777778	37.0	7.0	5.8	4.0	1.0	0.0	7.0	5.0	0.0	106.72222222222221	3.0	4.5	3.8	40.333333333333336	0.0	87.33333333333334	312.0833333333333	398.7185185185185	16.0	25.5952380952381	14.666666666666668	17.0	4.5	13.0	36.0	5.666666666666667	0.0	8.0	6.0	18.25	1.0	449.5753968253968	19.75	16.0	5.0	12.0	3.0	25.5	3.0	15.714285714285714	54.5	72.41666666666667	1.0	30.0	11.0	34.5	4.0	6.0	7.4	30.0	518.9	65.80952380952381	11.0	5.0	0.0	88.66666666666667	59.0	35.666666666666664	109.66666666666666	49.0	20.0	18.0	0.0	1976.0738095238094	103.0	70.66666666666667	32.666666666666664	282.3333333333333	201.9	8.0	98.55	57.166666666666664	15.2	116.41666666666667	51.0	215.83333333333331	12.0	54.666666666666664	67.91666666666666	0.0	0.0	84.69166666666666	30.333333333333336	16.666666666666664	61.5	5.0	116.69047619047619	44.0	7.888888888888889	5.0	15.0	72.0	53.0	18.166666666666668	14.0	24.0	283.5888888888889	475.14523809523826	2.0	317.0	9.8	8.714285714285714	9.8	7.333333333333333	8.625	8.5	7.375	9.8	11.0	94.0	53.16666666666667	4.0	7.0	18.0	356.10606060606057	10.333333333333332	6.5	7.2	4.5	15.0	14.0	8.5	37.0	382.8416666666667	0.0	16.0	21.0	6.0	6.0	21.0	0.0	10.333333333333334	5.0	6.0	3.0	6.0	2.25	77.0	14.5	6.0	10.0	7.2	8.8	4.0	7.0	0.0	9.5	5.0	4.5	4.5	7.0	10.25	6.0	7.333333333333333	0.0	7.0	12.4	7.0	7.0	34.666666666666664	14.0	0.0	0.0	2.5	4.0	0.0	30.0	6.333333333333333	4.333333333333333	10.0	10.0	1.0	5.4	2.0	0.0	4.0	11.0	0.0	27.25	5.0	0.0	0.0	0.0	23.0	18.0	7.5	7.818181818181818	7.2	7.625	6.5	7.2	4.0	5.75	6.25	4.0	6.9375	10.0	1.0	3.0	0.0	3.6666666666666665	17.333333333333332	0.0	6.5	15.666666666666666	18.0	0.0	31.0	0.0	0.0	6.0	5.0	48.0	8.333333333333334	5.0	1.0	8.666666666666666	5.5	0.0	58.0	7.0	0.0	55.0	31.5	0.0	0.0	3.0	6.25	9.6	7.333333333333333	7.333333333333333	10.333333333333334	14.0	55.0	20.0	0.0	6.0	5.0	5.333333333333333	0.0	5.75	3.0	30.5	6.25	5.25	7.0	4.0	4.0	1.0	3.0	3.0	5.666666666666667	3.0	5.0	6.5	4.5	3.0	13.0	21.0	12.0	15.0	2.0	6.0	7.2	3.5	11.0	7.0	13.0	11.333333333333334	24.0	11.5	20.6	35.5	6.0	49.0	13.0	13.0	8.5	4.0	8.8	8.0	7.0	10.25	14.0	0.0	5.95	14.0	0.0	4.0	4.0	3.5	1.0	5.5	7.0
NYC_Es	NYC	Es	0.0	2.0	2.0	2.0	6.0	0.0	3.0	0.0	0.0	1.0	1.0	0.0	0.0	0.0	0.0	0.0	1.0	0.0	0.0	1.0	0.0	3.0	2.0	0.0	0.0	0.0	2.0	0.0	0.0	0.0	1.0	0.0	1.0	1.0	0.0	0.0	0.0	1.0	0.0	0.0	2.0	2.0	0.0	0.0	1.0	0.0	1.0	1.5	0.0	1.3333333333333333	0.0	1.0	19.333333333333332	3.5	0.0	0.0	5.0	0.0	0.0	1.0	44.26666666666667	0.0	4.75	0.0	0.0	8.916666666666668	4.0	0.0	4.0	1.0	1.0	0.0	0.0	0.0	0.0	0.0	1.0	3.0	0.0	0.0	0.0	0.0	0.0	1.0	3.0	17.191176470588236	0.0	0.0	0.0	0.0	2.0	2.0	2.5	0.0	0.0	2.0	0.0	0.0	0.0	20.0	0.0	0.0	0.0	0.0	0.0	0.0	1.0	1.1666666666666667	6.0	7.0	0.0	0.0	1.0	0.0	0.0	0.0	1.0	0.0	24.0	3.5	2.0	1.0	1.0	10.0	0.0	2.0	9.0	0.0	0.0	0.0	0.0	111.27777777777777	8.0	3.0	1.0	26.2	4.0	0.0	5.0	4.0	1.0	3.0	1.0	14.0	1.0	1.0	2.0	1.5	0.0	1.0	0.0	0.0	3.0	0.0	2.0	1.0	0.0	0.0	0.0	2.0	2.0	2.0	1.0	1.0	7.0	17.75	0.0	23.5	0.0	0.0	0.0	0.0	0.0	1.3333333333333333	0.0	0.0	0.0	6.0	0.0	0.0	0.0	2.0	17.666666666666664	1.0	0.0	0.0	0.0	0.0	0.0	0.0	3.0	16.0	0.0	1.0	0.0	0.0	1.0	0.0	0.0	0.0	0.0	0.0	0.0	0.0	0.0	4.0	1.0	0.0	0.0	0.0	0.0	0.0	0.0	0.0	0.0	0.0	1.0	0.0	0.0	0.0	1.0	0.0	0.0	0.0	1.0	0.0	0.0	1.4444444444444444	1.0	0.0	0.0	0.0	0.0	0.0	1.3333333333333333	0.0	1.0	1.0	0.0	0.0	0.0	0.0	1.0	0.0	2.0	1.0	1.5	0.0	1.0	1.0	1.0	0.0	1.0	0.0	0.0	0.0	1.5	0.0	0.0	0.0	1.0	0.0	0.0	0.0	0.0	0.0	0.0	0.0	0.0	1.5	0.0	0.0	2.0	1.0	0.0	0.0	0.0	0.0	1.0	0.0	2.0	1.1666666666666667	0.0	0.0	0.0	0.0	0.0	0.0	0.0	2.0	6.0	1.0	0.0	0.0	0.0	0.0	0.0	1.0	1.0	1.0	1.0	6.0	0.0	2.0	0.0	0.0	0.0	0.0	0.0	0.0	3.5	1.0	0.0	0.0	0.0	0.0	0.0	1.0	0.0	1.5	0.0	1.3333333333333333	2.0	2.0	0.0	0.0	0.0	0.0	0.0	0.0	0.0	1.0	0.0	1.0	1.0	2.0	1.0	1.0	0.0	0.0	6.0	1.0	1.0	0.0	0.0	0.0	0.0	0.0	1.0	0.0	1.0	0.0	0.0	1.5	1.0	0.0	0.0	0.0	0.0	0.0	0.0	1.0
NYC_Kl	NYC	Kl	8.0	12.0	6.5	7.5	20.0	2.333333333333333	21.0	8.333333333333334	0.0	4.5	7.0	3.0	1.0	1.3333333333333333	2.0	3.0	18.0	2.6666666666666665	2.5	1.3333333333333333	3.0	12.0	4.0	2.0	6.0	2.5	13.5	2.0	1.6666666666666667	1.6666666666666667	8.0	2.5	2.833333333333333	2.0	11.5	8.666666666666666	12.5	1.0	6.0	1.0	22.0	22.0	1.0	14.5	10.6	17.0	5.5	1.5	2.0	25.516666666666666	2.5	2.0	188.40238095238098	33.83333333333333	3.0	5.5	46.5	3.2857142857142856	1.0	3.571428571428572	287.90702075702075	3.0	25.974999999999998	9.0	1.0	60.76785714285714	58.333333333333336	16.444444444444443	21.0	6.0	3.1666666666666665	2.5	1.4	1.0	3.0	2.0	3.0	62.666666666666664	2.0	3.0	2.6	15.166666666666668	6.0	25.0	127.91666666666667	206.44074074074075	6.0	12.701298701298702	6.25	9.4	10.0	9.0	14.5	4.0	1.0	3.0	1.0	7.75	0.0	204.05515873015875	8.0	6.0	1.0	5.5	3.0	15.666666666666668	5.0	8.714285714285714	16.0	26.5	0.0	11.0	1.5	14.166666666666666	2.0	1.0	3.4	14.0	251.18333333333334	32.42857142857143	6.0	7.0	1.0	41.83333333333333	27.5	16.333333333333336	43.0	19.0	8.0	9.5	3.0	829.9386157701949	42.0	35.833333333333336	16.666666666666668	108.2	68.51666666666667	5.5	50.65	28.833333333333332	9.266666666666666	57.91666666666667	23.416666666666668	88.69696969696969	3.0	13.416666666666666	29.583333333333332	0.0	6.166666666666667	49.06666666666666	4.666666666666667	6.333333333333333	24.5	4.0	41.45238095238095	18.0	4.0	3.0	8.0	36.0	27.0	5.5	6.0	12.0	146.47619047619048	230.59871794871793	0.0	177.66666666666666	4.6	3.7142857142857135	4.6	4.0	3.5	3.5	3.0	4.0	7.0	35.0	18.25	7.5	8.0	8.5	172.52965367965368	4.333333333333333	0.0	0.0	3.5	6.0	5.5	0.0	12.0	163.73333333333338	2.0	8.0	8.0	3.0	4.0	8.0	2.5	3.0	1.5	1.0	2.0	3.0	0.0	37.0	4.0	1.0	5.0	4.0	5.4	3.5	2.0	0.0	4.5	3.0	2.5	1.0	5.0	4.0	3.333333333333333	0.0	15.0	3.0	6.0	5.0	5.0	16.444444444444443	6.0	3.0	2.6666666666666665	3.0	4.5	8.4	10.75	3.0	2.333333333333333	4.0	5.0	4.0	1.8	1.0	3.0	3.0	6.0	1.0	14.25	3.0	0.0	0.0	0.0	7.5	3.0	4.083333333333333	4.181818181818182	4.5	4.75	3.5	4.5	3.5	2.0	1.8	2.0	3.6875	5.0	0.0	0.0	2.5	2.333333333333333	8.333333333333334	3.0	3.5	8.0	0.0	1.0	14.333333333333334	0.0	2.6	2.6666666666666665	3.0	22.0	3.3846153846153846	1.0	1.0	4.666666666666667	2.75	3.333333333333333	21.33333333333333	3.0	0.0	20.0	12.5	1.0	1.0	3.0	3.5	5.2	3.333333333333333	3.333333333333333	6.0	6.0	20.0	5.0	3.0	2.5	4.0	2.0	2.0	2.75	3.0	12.0	4.5	2.25	2.0	3.0	3.0	1.0	2.333333333333333	3.0	1.6666666666666667	3.0	2.0	3.0	3.5	3.0	4.0	8.0	4.0	7.0	3.0	1.0	3.4	2.5	2.0	1.0	4.0	4.333333333333333	9.0	5.5	7.8	13.0	1.0	18.0	5.0	5.0	2.5	3.0	2.833333333333333	4.5	2.0	5.25	1.0	10.2	3.2222222222222223	6.0	1.0	5.0	2.5	2.75	2.0	2.5	1.0
SAC_En	SAC	En	0.0	0.0	0.0	0.0	0.0	0.0	0.0	0.0	0.0	0.0	0.0	0.0	0.0	0.0	0.0	0.0	0.0	0.0	0.0	0.0	0.0	0.0	0.0	0.0	0.0	0.0	0.0	0.0	0.0	0.0	0.0	0.0	0.0	0.0	0.0	0.0	0.0	0.0	0.0	0.0	0.0	0.0	0.0	0.0	0.0	0.0	0.0	0.0	0.0	0.0	0.0	0.0	0.0	0.0	0.0	0.0	0.0	0.0	0.0	0.0	0.0	0.0	0.0	1.0	0.0	0.0	0.0	0.0	0.0	0.0	0.0	0.0	0.0	0.0	0.0	0.0	0.0	0.0	0.0	0.0	0.0	0.0	0.0	0.0	0.0	0.0	0.0	0.0	0.0	0.0	0.0	0.0	0.0	0.0	0.0	0.0	0.0	0.0	0.0	0.0	0.0	0.0	0.0	0.0	0.0	0.0	0.0	0.0	0.0	0.0	0.0	0.0	0.0	0.0	0.0	0.0	0.0	0.0	0.0	0.0	0.0	0.0	0.0	0.0	0.0	0.0	0.0	0.0	0.0	0.0	0.0	0.0	0.0	0.0	0.0	0.0	0.0	0.0	0.0	0.0	0.0	1.0	0.0	0.0	0.0	0.0	0.0	0.0	0.0	1.0	0.0	0.0	0.0	0.0	0.0	0.0	0.0	0.0	1.0	0.0	0.0	0.0	0.0	0.0	0.0	1.0	0.0	0.0	0.0	0.0	0.0	0.0	0.0	0.0	0.0	0.0	0.0	0.0	1.0	0.0	0.0	0.0	0.0	0.0	0.0	0.0	0.0	0.0	0.0	0.0	0.0	0.0	0.0	0.0	0.0	0.0	0.0	0.0	0.0	0.0	0.0	0.0	0.0	0.0	0.0	0.0	0.0	0.0	0.0	0.0	0.0	0.0	0.0	0.0	0.0	0.0	0.0	0.0	0.0	0.0	0.0	0.0	0.0	0.0	0.0	0.0	0.0	0.0	0.0	0.0	0.0	0.0	0.0	0.0	0.0	0.0	0.0	0.0	0.0	0.0	0.0	0.0	0.0	0.0	0.0	0.0	0.0	0.0	0.0	0.0	0.0	0.0	0.0	0.0	0.0	0.0	0.0	0.0	0.0	0.0	0.0	0.0	0.0	0.0	0.0	0.0	0.0	0.0	0.0	0.0	0.0	0.0	0.0	0.0	0.0	0.0	0.0	0.0	0.0	0.0	0.0	0.0	0.0	0.0	0.0	0.0	0.0	0.0	0.0	0.0	0.0	0.0	0.0	0.0	0.0	0.0	0.0	0.0	0.0	0.0	0.0	0.0	0.0	0.0	0.0	0.0	0.0	0.0	0.0	0.0	0.0	0.0	0.0	0.0	0.0	0.0	0.0	0.0	0.0	0.0	0.0	0.0	0.0	0.0	0.0	0.0	0.0	0.0	0.0	0.0	0.0	0.0	0.0	0.0	0.0	0.0	0.0	0.0	0.0	0.0	0.0	0.0	0.0	0.0	0.0	0.0	0.0	0.0	0.0	0.0	0.0	0.0	0.0	0.0	0.0	0.0	0.0	0.0	0.0	0.0	0.0	0.0
SAC_Kl	SAC	Kl	0.0	0.0	0.0	0.0	0.0	0.0	0.0	0.0	0.0	0.0	0.0	0.0	0.0	0.0	0.0	0.0	0.0	0.0	0.0	0.0	0.0	0.0	0.0	0.0	0.0	0.0	0.0	0.0	0.0	0.0	0.0	0.0	0.0	0.0	0.0	0.0	0.0	0.0	0.0	0.0	0.0	0.0	0.0	0.0	0.0	0.0	0.0	0.0	0.0	0.0	0.0	0.0	0.0	0.0	0.0	0.0	0.0	0.0	0.0	0.0	0.0	0.0	0.0	0.0	0.0	1.0	0.0	0.0	0.0	0.0	0.0	0.0	0.0	0.0	0.0	0.0	0.0	0.0	0.0	0.0	0.0	0.0	0.0	0.0	0.0	1.0	0.0	0.0	0.0	0.0	0.0	0.0	0.0	0.0	0.0	0.0	0.0	0.0	0.0	0.0	0.0	0.0	0.0	0.0	0.0	0.0	0.0	0.0	0.0	0.0	0.0	0.0	0.0	0.0	0.0	0.0	0.0	0.0	0.0	0.0	0.0	0.0	0.0	0.0	0.0	0.0	0.0	0.0	0.0	0.0	0.0	0.0	0.0	0.0	0.0	0.0	0.0	0.0	0.0	0.0	0.0	0.0	0.0	0.0	0.0	0.0	0.0	0.0	0.0	0.0	0.0	0.0	0.0	0.0	0.0	0.0	0.0	0.0	0.0	0.0	0.0	0.0	0.0	0.0	0.0	0.0	0.0	0.0	0.0	0.0	0.0	0.0	0.0	0.0	0.0	0.0	0.0	0.0	0.0	0.0	0.0	0.0	0.0	0.0	0.0	0.0	0.0	0.0	0.0	0.0	0.0	0.0	0.0	0.0	0.0	0.0	0.0	0.0	0.0	0.0	0.0	0.0	0.0	0.0	0.0	0.0	0.0	0.0	0.0	0.0	0.0	0.0	0.0	0.0	0.0	0.0	0.0	0.0	0.0	0.0	0.0	0.0	0.0	0.0	0.0	0.0	0.0	0.0	0.0	0.0	0.0	0.0	0.0	0.0	0.0	0.0	0.0	0.0	0.0	0.0	0.0	0.0	0.0	0.0	0.0	0.0	0.0	0.0	0.0	0.0	0.0	0.0	0.0	0.0	0.0	0.0	0.0	0.0	0.0	0.0	0.0	0.0	0.0	0.0	0.0	0.0	0.0	0.0	0.0	0.0	0.0	0.0	0.0	0.0	0.0	0.0	0.0	0.0	0.0	0.0	0.0	0.0	0.0	0.0	0.0	0.0	0.0	0.0	0.0	0.0	0.0	0.0	0.0	0.0	0.0	0.0	0.0	0.0	0.0	0.0	0.0	0.0	0.0	0.0	0.0	0.0	0.0	0.0	0.0	0.0	0.0	0.0	0.0	0.0	0.0	0.0	0.0	0.0	0.0	0.0	0.0	0.0	0.0	0.0	0.0	0.0	0.0	0.0	0.0	0.0	0.0	0.0	0.0	0.0	0.0	0.0	0.0	0.0	0.0	0.0	0.0	0.0	0.0	0.0	0.0	0.0	0.0	0.0	0.0	0.0	0.0	0.0	0.0	0.0	0.0	0.0	1.0	0.0	0.0	0.0	0.0	0.0
SAN_Es	SAN	Es	0.0	1.0	1.0	1.0	1.0	0.0	0.0	0.0	0.0	0.0	0.0	0.0	0.0	0.0	0.0	0.0	0.0	0.0	0.0	1.0	0.0	0.0	0.0	0.0	0.0	0.0	3.0	0.0	0.0	0.0	0.0	0.0	0.0	0.0	0.0	0.0	0.0	1.0	0.0	0.0	0.0	0.0	0.0	0.0	0.0	0.0	0.0	0.0	0.0	1.0	0.0	0.0	1.0	0.0	0.0	1.0	0.0	0.0	0.0	1.0	2.0	0.0	1.0	0.0	0.0	0.0	0.0	0.0	0.0	0.0	0.0	0.0	0.0	0.0	0.0	0.0	0.0	0.0	0.0	0.0	0.0	1.0	0.0	0.0	0.0	1.0	0.0	0.0	0.0	0.0	1.0	0.0	0.0	0.0	0.0	0.0	0.0	0.0	0.0	4.0	0.0	0.0	0.0	0.0	0.0	0.0	0.0	0.0	1.0	1.0	0.0	2.0	1.0	0.0	0.0	0.0	0.0	0.0	2.0	0.0	0.0	0.0	0.0	3.0	0.0	0.0	1.0	0.0	0.0	0.0	0.0	14.0	1.0	0.0	0.0	4.0	0.0	0.0	0.0	0.0	0.0	1.0	1.0	1.0	0.0	1.0	2.0	1.0	0.0	0.0	0.0	3.0	0.0	0.0	1.0	0.0	0.0	0.0	0.0	0.0	0.0	0.0	0.0	0.0	1.0	0.0	0.0	1.0	0.0	0.0	0.0	0.0	0.0	0.0	0.0	0.0	0.0	4.0	2.0	0.0	0.0	0.0	2.0	0.0	0.0	0.0	0.0	0.0	0.0	0.0	0.0	2.0	0.0	0.0	1.0	0.0	0.0	1.0	0.0	0.0	0.0	0.0	0.0	0.0	0.0	1.0	0.0	0.0	1.0	0.0	0.0	0.0	0.0	0.0	0.0	1.0	0.0	0.0	0.0	0.0	0.0	0.0	0.0	0.0	0.0	0.0	0.0	0.0	0.0	0.0	0.0	0.0	0.0	0.0	0.0	0.0	0.0	0.0	0.0	0.0	0.0	0.0	0.0	0.0	0.0	0.0	0.0	0.0	0.0	0.0	0.0	0.0	0.0	0.0	0.0	0.0	0.0	0.0	0.0	0.0	0.0	0.0	0.0	0.0	0.0	0.0	0.0	0.0	0.0	0.0	0.0	0.0	0.0	0.0	0.0	0.0	0.0	0.0	0.0	0.0	0.0	0.0	0.0	0.0	0.0	0.0	0.0	2.0	0.0	0.0	1.0	0.0	0.0	0.0	0.0	1.0	0.0	0.0	0.0	0.0	0.0	1.0	0.0	0.0	0.0	0.0	0.0	0.0	0.0	0.0	0.0	0.0	0.0	0.0	0.0	0.0	0.0	0.0	0.0	0.0	0.0	0.0	0.0	0.0	0.0	0.0	1.0	0.0	0.0	0.0	0.0	0.0	0.0	0.0	0.0	0.0	0.0	0.0	0.0	0.0	1.0	0.0	0.0	0.0	0.0	0.0	0.0	0.0	0.0	0.0	0.0	0.0	0.0	0.0	0.0	0.0	0.0	0.0	0.0	0.0	0.0	0.0
