Sample	City	Taxon	&beta;-alanine betaine biosynthesis	&beta;-alanine degradation I	&beta;-alanine degradation II	&gamma;-glutamyl cycle	&omega;- hydroxylation of laurate	&omega;-hydroxylation of caprate and laurate	1-butanol autotrophic biosynthesis	10-<i>cis</i>-heptadecenoyl-CoA degradation (yeast)	10-<i>trans</i>-heptadecenoyl-CoA degradation (MFE-dependent, yeast)	10-<i>trans</i>-heptadecenoyl-CoA degradation (reductase-dependent, yeast)	2'-deoxy-&alpha;-D-ribose 1-phosphate degradation	2,3-dihydroxypropane-1-sulfonate degradation	2,4,6-trichlorophenol degradation	2,4-dichlorophenoxyacetate degradation	2-<I>O</I>-&alpha;-mannosyl-D-glycerate degradation	2-chloroacrylate degradation I	2-chloroacrylate degradation II	2-oxobutanoate degradation II	3,3'-dithiodipropionate degradation	3,3'-thiodipropionate degradation	3-dehydroquinate biosynthesis I	3-phenylpropanoate and 3-(3-hydroxyphenyl)propanoate degradation to 2-oxopent-4-enoate	4-Toluenesulfonate-Degradation	4-aminobutyrate degradation	4-aminobutyrate degradation II	4-aminobutyrate degradation III	4-chloro-2-methylphenoxyacetate degradation	4-coumarate degradation (anaerobic)	4-hydroxybenzoate biosynthesis II (bacteria and fungi)	4-hydroxybenzoate biosynthesis V	4-hydroxyproline degradation	4-hydroxyproline degradation II	5-dehydro-4-deoxy-D-glucuronate degradation	6-gingerol biosynthesis	9-lipoxygenase and 9-allene oxide synthase pathway	9-lipoxygenase and 9-hydroperoxide lyase pathway	<i>N</i>-acetyl-D-galactosamine degradation	<i>N</i>-acetylneuraminate and <i>N</i>-acetylmannosamine degradation	<i>S</i>-methyl-5'-thioadenosine degradation I	<i>S</i>-methyl-5'-thioadenosine degradation III	<i>all-trans</i> lycopene cleavage	<i>cis</i>-dodecenoyl biosynthesis	<i>cis</i>-vaccenate biosynthesis	<i>m</i>-xylene degradation to <i>m</i>-toluate	<i>p</i>-xylene degradation to <i>p</i>-toluate	AIR-Biosynthesis	ALANINE-SYN	ALKALOIDS	ALKALOIDS-SYN	ARGININE-SYN	ASPARAGINE-SYN	ASPARTATE-SYN	AUXINS-DEGRADATION	Acetylmuramoyl-Pentapeptide-Biosynthesis	Adenosine-Nucleotides-Degradation	Alkenes-Biosynthesis	Ammonia-Assimilation	Ascorbate-Biosynthesis	Aurachin-Biosynthesis	Autotrophic-CO2-Fixation	Auxin-Biosynthesis	BENZENOID-SYN	BIOTIN-SYN	Beta-Alanine-Biosynthesis	Bifidobacterium shunt	Brassinosteroid-Biosynthesis	CAROTENOID-SYN	CDP-2-glycerol biosynthesis	CDP-diacylglycerol-Biosynthesis	CINNAMATE-SYN	CO<sub>2</sub> fixation into oxaloacetate (anapleurotic)	COUMARIN-SYN	CYCLITOLS-DEG	CYSTEINE-SYN	CYTOKININ-BIOSYNTHESIS	Cardiolipin-Biosynthesis	Carrageenan-Degradation	Carveol-Degradation	Cellulose-Degradation	Chitin-Degradation	Chlorobenzoate-Degradation	Chlorocatechol-Degradation	Chlorophyll-Biosynthesis	Chlorotoluene-Degradation	Cobalamin-Biosynthesis	Cyclitols-Biosynthesis	D-Arabinose-Degradation	D-allose degradation	D-arginine degradation	D-galactosamine and <i>N</i>-acetyl-D-galactosamine degradation	D-mannose degradation	D-serine degradation	DHNA-Biosynthesis	DITERPENOID-SYN	Demethylmenaquinone-Biosynthesis	Dimethylsulfide-Degradation	Dimethylsulfoniopropionate-Biosynthesis	Dimethylsulfoniopropionate-Degradation	Dinitrotoluene-Degradation	EPIDERMAL-STRUCTURE	Ergosterol-Biosynthesis	Ethylene-Biosynthesis	FLAVONOID-SYN	FR-900098 and FR-33289 antibiotics biosynthesis	Flavin-Biosynthesis	Folate-Biosynthesis	GABA shunt	GALACTOSE-DEGRADATION	GGPP-Biosynthesis	GIBBERELLINS-DEGRADATION	GLUTAMATE-SYN	GLUTAMINE-SYN	GLYCINE-SYN	GLYCOGEN-BIOSYN	Gamma-linolenate-Biosynthesis	Gluconeogenesis	Glycogen-Degradation	Guanosine-Nucleotides-Degradation	HEME-SYN	HISTIDINE-SYN	ISOLEUCINE-SYN	ISOPRENOIDS	Jasmonates-Biosynthesis	K-252 biosynthesis	KDO transfer to lipid IV<sub>A</sub> I	Kanosamine-Biosynthesis	L-Arabinose-Degradation	L-ascorbate degradation I (bacterial, anaerobic)	L-ascorbate degradation II (bacterial, aerobic)	L-ascorbate degradation IV	L-carnitine degradation III	L-cysteine degradation II	L-cysteine degradation III	L-glucose degradation	L-lactaldehyde degradation (aerobic)	L-lactaldehyde degradation (anaerobic)	L-lyxose degradation	L-rhamnose-Degradation	L-serine degradation	L-sorbose degradation	LACTOSE-DEG	LEUCINE-SYN	LIGNAN-SYN	LIGNIN-SYN	LYSINE-SYN	Limonene-Degradation	Linoleate-Biosynthesis	METHIONINE-SYN	MONOTERPENOID-SYN	Macrolides-Biosynthesis	Mannosylglycerate-Biosynthesis	Menaquinone-Biosynthesis	Methyl-Citrate-Cycle	Methylphosphonate-Degradation	N-Acetylglucosamine-Degradation	N-CONTAINING-GLUCOSIDE-DEG	N-CONTAINING-GLUCOSIDE-SYN	NAD phosphorylation and dephosphorylation I	NAD phosphorylation and dephosphorylation II	NAD-SYN	NAD/NADP-NADH/NADPH cytosolic interconversion (yeast)	NON-PROTEIN-AMINO-ACID-SYN	Nitrate-Reduction	Nitro-Toluene-Degradation	Nitrobenzene-Degradation	Nitrophenol-Degradation	O-Antigen-Biosynthesis	Oleate-Biosynthesis	Other-Amino-Acid-Biosynthesis	PHENYLALANINE-SYN	PRIMARY-CELL-WALL	PROLINE-SYN	PRPP biosynthesis I	PRPP biosynthesis II	Palmitate-Biosynthesis	Palmitoleate-Biosynthesis	Pantothenate-Biosynthesis	Pectin-Degradation	Peptidoglycan-Biosynthesis	Peptidoglycan-Cross-Bridge-Biosynthesis	Phenylacetate-Degradation	Phenylethylamine-Degradation	PhosphatidylethanolamineBiosynthesis	PhosphatidylglycerolBiosynthesis	Phylloquinone-Biosynthesis	Plastoquinone-Biosynthesis	Purine-Deoxyribonuc-De-Novo-Biosynthesis	Purine-Nucleotide-De-Novo-Biosynthesis	Purine-Nucleotides-Salvage	Pyrimid-Deoxyribonucleot-De-Novo-Biosyn	Pyrimidine-Base-Degradation	Pyrimidine-De-Novo-Biosyn	Pyrimidine-Deoxyribonucleosides-Deg	Pyrimidine-Nucleotide-Salvage	Pyrimidine-Ribonucleosides-Degradation	QUINONE-SYN	Rhamnogalacturonan-Degradation	SECONDARY-CELL-WALL	SERINE-BIOSYNTHESIS	SESQUITERPENOID-SYN	STILBENE-PHYTOALEXINS	SUCROSE-DEG	SUGAR-ACIDS-DEG	SUGAR-ALCOHOLS-DEG	SUGAR-NUCLEOTIDES	Selenocysteine-Biosynthesis	Starch-Degradation	Stearate-Biosynthesis	Sucrose-Biosynthesis	Sugar-Alcohols-Biosynthesis	Sulfate-Reduction	Sulfite-Oxidation	Sulfoacetaldehyde-Degradation	Sulfolactate-Degradation	TANNIN-SYN	TERPENOID-PHYTOALEXINS	TETRATERPENOID-SYN	THREONINE-BIOSYNTHESIS	TRITERPENOID-SYN	TRYPTOPHAN-BIOSYNTHESIS	TYROSINE-SYN	Taurine-degradation	Tetrathionate-Reduction	Thiamine-Biosynthesis	Thiosulfate-Disproportionation	Trehalose-Degradation	Trehalose-biosynthesis	UDP-<i>N</i>-acetyl-D-galactosamine biosynthesis I	UDP-<i>N</i>-acetyl-D-galactosamine biosynthesis II	UDP-<i>N</i>-acetyl-D-glucosamine biosynthesis II	Ubiquinone-Biosynthesis	Unusual-fatty-acid-biosynthesis	VALINE-BIOSYNTHESIS	Vitamin-A-Biosynthesis	Vitamin-B6-Biosynthesis	Xyloglucan-Degradation	Xylose-Degradation	acetan biosynthesis	acetate formation from acetyl-CoA I	acrylonitrile degradation I	actinorhodin biosynthesis	ajugose biosynthesis I (galactinol-dependent)	ajugose biosynthesis II (galactinol-independent)	alanine degradation I	alanine degradation II (to D-lactate)	alanine degradation III	alanine degradation IV	alginate degradation	alkane biosynthesis II	alkane oxidation	allantoin degradation IV (anaerobic)	allantoin degradation to glyoxylate I	allantoin degradation to glyoxylate II	allantoin degradation to glyoxylate III	allantoin degradation to ureidoglycolate I (urea producing)	allantoin degradation to ureidoglycolate II (ammonia producing)	aloesone biosynthesis I	aloesone biosynthesis II	anhydromuropeptides recycling	archaetidylinositol biosynthesis	arginine degradation II (AST pathway)	arginine degradation III (arginine decarboxylase/agmatinase pathway)	arginine degradation V (arginine deiminase pathway)	arginine degradation VIII (arginine oxidase pathway)	arginine degradation X (arginine monooxygenase pathway)	aromatic polyketides biosynthesis	asparagine degradation II	aspartate degradation I	aspartate degradation II	autoinducer AI-1 biosynthesis	autoinducer AI-2 biosynthesis I	autoinducer AI-2 biosynthesis II (<i>Vibrio</i>)	bactoprenyl-diphospho-acetamido-4-amino-6-deoxygalactopyranose biosynthesis	barbaloin biosynthesis	benzoyl-&beta;-<i>D</i>-glucopyranose biosynthesis	brassinosteroids inactivation	butanol and isobutanol biosynthesis (engineered)	candicidin biosynthesis	carrageenan biosynthesis	catechol degradation to &beta;-ketoadipate	catechol degradation to 2-oxopent-4-enoate II	ceramide phosphoethanolamine biosynthesis	chitin biosynthesis	chitobiose degradation	chlorinated phenols degradation	cholesterol degradation to androstenedione I (cholesterol oxidase)	cholesterol degradation to androstenedione II (cholesterol dehydrogenase)	choline biosynthesis II	choline degradation I	choline degradation III	choline degradation IV	chorismate biosynthesis from 3-dehydroquinate	cinnamate and 3-hydroxycinnamate degradation to 2-oxopent-4-enoate	citronellol degradation	citrulline degradation	cob(II)yrinate <i>a,c</i>-diamide biosynthesis I (early cobalt insertion)	coenzyme A biosynthesis	coenzyme M biosynthesis I	cohumulone biosynthesis	curcumin glucoside biosynthesis	cyanate degradation	daidzin and daidzein degradation	di-<i>trans</i>,poly-<i>cis</i>-undecaprenyl phosphate biosynthesis	diethylphosphate degradation	elloramycin biosynthesis	ethanol degradation I	ethanol degradation II	ethanol degradation IV	fatty acid &alpha;-oxidation I	fatty acid &alpha;-oxidation II	fatty acid &alpha;-oxidation III	fatty acid &beta;-oxidation (peroxisome, yeast)	fatty acid &beta;-oxidation I	fatty acid &beta;-oxidation II (peroxisome)	fatty acid &beta;-oxidation III (unsaturated, odd number)	fatty acid &beta;-oxidation VI (peroxisome)	fatty acid beta-oxidation V (unsaturated, odd number, di-isomerase-dependent)	fatty acid biosynthesis initiation I	fatty acid biosynthesis initiation III	fatty acid salvage	fluorene degradation I	fluorene degradation II	formaldehyde assimilation I (serine pathway)	formaldehyde assimilation II (RuMP Cycle)	formaldehyde assimilation III (dihydroxyacetone cycle)	formaldehyde oxidation I	formaldehyde oxidation II (glutathione-dependent)	formaldehyde oxidation IV (thiol-independent)	fructan degradation	fucose degradation	gallate degradation I	gallate degradation II	gallate degradation III (anaerobic)	gentamicin biosynthesis	gentisate degradation I	glucose and glucose-1-phosphate degradation	glutamate degradation I	glutamate degradation IX (via 4-aminobutyrate)	glutamate degradation V (via hydroxyglutarate)	glutamate degradation VI (to pyruvate)	glutamate degradation VII (to butanoate)	glutamate degradation X	glutamine degradation II	glutathione biosynthesis	glutathione redox reactions I	glutathione redox reactions II	glycerol degradation I	glycerol degradation II	glycerol degradation III	glycerol degradation V	glycerol degradation to butanol	glycerophosphodiester degradation	glycine betaine biosynthesis I (Gram-negative bacteria)	glycine betaine biosynthesis II (Gram-positive bacteria)	glycine betaine biosynthesis III (plants)	glycine betaine degradation II (mammalian)	glycine cleavage	glycolate and glyoxylate degradation I	glycolate and glyoxylate degradation II	hentriaconta-3,6,9,12,15,19,22,25,28-nonaene biosynthesis	histidine degradation I	histidine degradation II	histidine degradation III	histidine degradation VI	homogalacturonan degradation	humulone biosynthesis	hydrogen oxidation I (aerobic)	hydroxycinnamic acid serotonin amides biosynthesis	hyperforin and adhyperforin biosynthesis	hypotaurine degradation	isethionate degradation	isoleucine degradation I	isoleucine degradation II	jadomycin biosynthesis	kojibiose degradation	lincomycin biosynthesis	linuron degradation	lipid IV<sub>A</sub> biosynthesis	lipoate biosynthesis and incorporation (glycine cleavage system, yeast)	lipoate biosynthesis and incorporation (pyruvate dehydrogenase and oxoglutarate dehydrogenase, yeast)	lipoate biosynthesis and incorporation I	lipoate biosynthesis and incorporation II	lipoate biosynthesis and incorporation III (Bacillus)	lysine degradation I	lysine degradation II (pipecolate pathway)	lysine degradation III	lysine degradation V	lysine degradation VI	lysine degradation X	lysine fermentation to acetate and butyrate	malonate degradation I (biotin-independent)	malonate degradation II (biotin-dependent)	maltose degradation	mandelate degradation I	mannan degradation	melibiose degradation	methanol oxidation to formaldehyde II	methanol oxidation to formaldehyde IV	methionine degradation I (to homocysteine)	methionine degradation II	methionine degradation III	methylwyosine biosynthesis	mithramycin biosynthesis	molybdenum cofactor biosynthesis	mycolate biosynthesis	mycothiol biosynthesis	nicotine degradation I	nitrogen fixation	octaprenyl diphosphate biosynthesis	oleate &beta;-oxidation	oleate &beta;-oxidation (isomerase-dependent, yeast)	oleate &beta;-oxidation (reductase-dependent, yeast)	oleate &beta;-oxidation (thioesterase-dependent, yeast)	olivetol biosynthesis (olivetol synthase by-products synthesis)	oxalate degradation III	oxidative ethanol degradation III	paromomycin biosynthesis	phenazine-1-carboxylate biosynthesis	phenylalanine degradation II (anaerobic)	phenylalanine degradation III	phenylalanine degradation IV (mammalian, via side chain)	phenylethanol biosynthesis	phosphate acquisition	phosphate utilization in cell wall regeneration	phosphatidate metabolism, as a signaling molecule	phosphatidylserine biosynthesis I	phospholipid remodeling (phosphatidate, yeast)	poly-hydroxy fatty acids biosynthesis	polymyxin resistance	protocatechuate degradation I (<I>meta</I>-cleavage pathway)	protocatechuate degradation II (ortho-cleavage pathway)	protocatechuate degradation III (<I>para</I>-cleavage pathway)	pseudouridine degradation	purine deoxyribonucleosides degradation	purine nucleobases degradation I (anaerobic)	purine nucleobases degradation II (anaerobic)	purine ribonucleosides degradation	putrescine biosynthesis I	putrescine biosynthesis III	putrescine biosynthesis IV	putrescine degradation I	putrescine degradation II	putrescine degradation III	putrescine degradation IV	putrescine degradation V	pyocyanin biosynthesis	pyridine nucleotide cycling (plants)	pyruvate fermentation to isobutanol (engineered)	quercetin glucoside degradation (<i>Allium</i>)	queuosine biosynthesis	quinate degradation I	raspberry ketone biosynthesis	reductive monocarboxylic acid cycle	resveratrol degradation	ribose degradation	rutin degradation	rutin degradation (plants)	salinosporamide A biosynthesis	sangivamycin biosynthesis	shikimate degradation I	shikimate degradation II	siroheme biosynthesis	spermidine biosynthesis I	spermidine biosynthesis II	spermidine biosynthesis III	spermidine hydroxycinnamic acid conjugates biosynthesis	spinosyn A biosynthesis	stachyose degradation	staurosporine biosynthesis	sulfate activation for sulfonation	sulfoglycolysis	sulfur volatiles biosynthesis	superpathway of (KDO)<SUB>2</SUB>-lipid A biosynthesis	superpathway of glucose and xylose degradation	superpathway of mycolate biosynthesis	tRNA methylation (yeast)	tRNA processing	tRNA splicing	teichoic acid (poly-glycerol) biosynthesis	tetracenomycin C biosynthesis	tetramethylpyrazine degradation	tetrapyrrole biosynthesis I (from glutamate)	tetrapyrrole biosynthesis II (from glycine)	thioredoxin pathway	threonine degradation	threonine degradation I	threonine degradation II	threonine degradation III (to methylglyoxal)	threonine degradation IV	toluene degradation to 2-oxopent-4-enoate (<I>via 4-methylcatechol</i>)	toluene degradation to benzoate	toluene degradation to protocatechuate (<I>via</I> <i>p</I>-cresol)	tryptophan degradation II (via pyruvate)	tryptophan degradation V (side chain pathway)	tryptophan degradation X (mammalian, via tryptamine)	tryptophan degradation XI (mammalian, via kynurenine)	two-component alkanesulfonate monooxygenase	tyrosine degradation I	tyrosine degradation II	tyrosine degradation III	undecaprenyl diphosphate-linked heptasaccharide biosynthesis	undecaprenyl-diphosphate-linked di- and trisaccharide biosynthesis	unsaturated, even numbered fatty acid &beta;-oxidation	urate biosynthesis/inosine 5'-phosphate degradation	urate degradation to allantoin II	urea cycle	urea degradation I	urea degradation II	valine degradation I	valine degradation II	vancomycin resistance I	vanillin and vanillate degradation I	vanillin and vanillate degradation II	xanthan biosynthesis
BAL_En	BAL	En	1.0	0.0	0.0	0.0	0.0	0.0	0.0	0.0	0.0	0.0	0.0	0.0	0.0	0.0	0.0	0.0	0.0	0.0	0.0	0.0	0.0	0.0	0.0	0.0	0.0	0.0	0.0	0.0	0.0	0.0	0.0	0.0	0.0	1.0	0.0	0.0	0.0	0.0	0.0	0.0	0.0	0.0	0.0	0.0	0.0	0.0	0.0	0.0	6.0	0.0	0.0	0.0	0.0	1.0	0.0	1.0	0.0	0.0	0.0	0.0	1.0	0.0	0.0	0.0	0.0	0.0	0.0	0.0	0.0	1.0	1.0	2.0	0.0	1.0	0.0	0.0	0.0	0.0	0.0	0.0	0.0	0.0	0.0	0.0	0.0	0.0	0.0	0.0	0.0	0.0	0.0	0.0	0.0	0.0	0.0	0.0	0.0	1.0	0.0	0.0	0.0	0.0	16.0	0.0	0.0	0.0	0.0	0.0	0.0	0.0	0.0	1.0	0.0	0.0	0.0	0.0	0.0	0.0	0.0	0.0	0.0	0.0	0.0	0.0	0.0	0.0	0.0	1.0	0.0	0.0	0.0	0.0	0.0	0.0	0.0	0.0	0.0	1.0	0.0	0.0	0.0	0.0	2.0	0.0	0.0	0.0	0.0	0.0	0.0	0.0	0.0	0.0	0.0	1.0	0.0	1.0	0.0	0.0	0.0	0.0	0.0	0.0	0.0	0.0	0.0	0.0	0.0	1.0	0.0	0.0	1.0	0.0	0.0	0.0	0.0	0.0	1.0	1.0	1.0	0.0	0.0	0.0	0.0	0.0	0.0	0.0	0.0	0.0	0.0	0.0	1.0	1.0	0.0	2.0	0.0	1.0	0.0	0.0	0.0	0.0	1.0	1.0	0.0	1.0	0.0	0.0	0.0	0.0	0.0	0.0	0.0	0.0	0.0	0.0	1.0	0.0	0.0	0.0	2.0	0.0	0.0	1.0	0.0	0.0	0.0	0.0	0.0	0.0	0.0	0.0	0.0	1.0	0.0	0.0	2.0	0.0	0.0	0.0	0.0	0.0	0.0	0.0	0.0	0.0	0.0	0.0	0.0	0.0	0.0	0.0	0.0	0.0	0.0	0.0	0.0	0.0	1.0	1.0	1.0	0.0	1.0	0.0	0.0	0.0	0.0	1.0	0.0	0.0	0.0	0.0	0.0	0.0	0.0	1.0	0.0	0.0	0.0	0.0	0.0	0.0	0.0	0.0	0.0	0.0	0.0	0.0	0.0	1.0	0.0	0.0	0.0	0.0	0.0	0.0	0.0	0.0	0.0	0.0	0.0	0.0	0.0	0.0	0.0	0.0	0.0	0.0	0.0	0.0	0.0	0.0	0.0	0.0	0.0	0.0	0.0	0.0	0.0	0.0	1.0	0.0	0.0	0.0	0.0	0.0	0.0	0.0	0.0	0.0	1.0	0.0	0.0	0.0	0.0	1.0	0.0	0.0	0.0	0.0	0.0	0.0	0.0	0.0	0.0	0.0	0.0	0.0	0.0	0.0	0.0	0.0	0.0	0.0	0.0	0.0	0.0	0.0	0.0	0.0	0.0	1.0	0.0	0.0	0.0	1.0	0.0	0.0	0.0	0.0	0.0	0.0	0.0	0.0	0.0	0.0	0.0	1.0	0.0	0.0	0.0	1.0	0.0	0.0	0.0	1.0	0.0	0.0	0.0	0.0	0.0	0.0	0.0	0.0	0.0	0.0	0.0	0.0	0.0	0.0	0.0	0.0	0.0	0.0	0.0	0.0	1.326086956521739	0.0	0.0	0.0	0.0	1.0	0.0	0.0	1.0	1.0	0.0	0.0	0.0	0.0	0.0	0.0	0.0	0.0	0.0	0.0	0.0	0.0	0.0	0.0	0.0	0.0	0.0	0.0	0.0	0.0	0.0	0.0	0.0	0.0	0.0	0.0	0.0	0.0	0.0	0.0	0.0	1.0	0.0	0.0	1.0	0.0	0.0	0.0	0.0	0.0	0.0	1.0	1.0	0.0	0.0	0.0	0.0	0.0	0.0	0.0	0.0	1.0	0.0	0.0	0.0	0.0	0.0	1.0	1.0	0.0	0.0	0.0	0.0	0.0	0.0	0.0	0.0	0.0	0.0	0.0	0.0	1.0	0.0	0.0	0.0	0.0	0.0	0.0	0.0	0.0	0.0	0.0	0.0	0.0	0.0	0.0	0.0	0.0	0.0	0.0	0.0	0.0	0.0	0.0	0.0	0.0	0.0	1.0	0.0	0.0
BAL_Es	BAL	Es	0.0	0.0	0.0	0.0	0.0	0.0	0.0	0.0	0.0	0.0	0.0	0.0	0.0	0.0	0.0	0.0	0.0	0.0	0.0	0.0	0.0	0.0	0.0	0.0	0.0	0.0	0.0	0.0	0.0	0.0	0.0	0.0	0.0	0.0	0.0	0.0	0.0	0.0	0.0	0.0	0.0	0.0	0.0	0.0	0.0	0.0	0.0	0.0	0.0	0.0	0.0	0.0	0.0	0.0	0.0	0.0	0.0	0.0	0.0	0.0	2.0	0.0	0.0	0.0	0.0	0.0	0.0	0.0	0.0	0.0	0.0	0.0	0.0	0.0	0.0	0.0	0.0	0.0	0.0	0.0	0.0	0.0	0.0	0.0	0.0	0.0	0.0	0.0	0.0	0.0	0.0	0.0	0.0	0.0	0.0	0.0	0.0	0.0	0.0	0.0	0.0	0.0	0.0	0.0	0.0	2.0	0.0	0.0	0.0	0.0	0.0	0.0	0.0	0.0	0.0	0.0	0.0	0.0	0.0	0.0	0.0	0.0	0.0	0.0	0.0	0.0	0.0	0.0	0.0	0.0	0.0	0.0	0.0	0.0	0.0	0.0	0.0	0.0	0.0	0.0	2.0	0.0	0.0	0.0	0.0	0.0	0.0	0.0	0.0	0.0	0.0	0.0	0.0	0.0	0.0	0.0	0.0	0.0	0.0	0.0	0.0	0.0	0.0	0.0	0.0	0.0	0.0	0.0	0.0	0.0	0.0	0.0	0.0	0.0	0.0	0.0	0.0	0.0	0.0	0.0	0.0	0.0	0.0	0.0	0.0	0.0	0.0	0.0	0.0	0.0	0.0	0.0	0.0	0.0	0.0	0.0	0.0	0.0	0.0	0.0	0.0	0.0	0.0	0.0	0.0	0.0	0.0	0.0	0.0	0.0	0.0	0.0	0.0	0.0	0.0	0.0	0.0	0.0	0.0	0.0	0.0	0.0	0.0	0.0	0.0	0.0	0.0	0.0	0.0	0.0	0.0	0.0	0.0	0.0	0.0	1.0	0.0	0.0	0.0	0.0	0.0	0.0	0.0	0.0	0.0	0.0	0.0	0.0	0.0	0.0	0.0	0.0	0.0	0.0	0.0	0.0	0.0	0.0	0.0	0.0	0.0	0.0	0.0	0.0	0.0	0.0	0.0	0.0	0.0	0.0	0.0	0.0	0.0	0.0	0.0	0.0	0.0	0.0	0.0	0.0	0.0	0.0	0.0	0.0	0.0	0.0	0.0	0.0	0.0	0.0	0.0	0.0	0.0	0.0	0.0	0.0	0.0	0.0	0.0	0.0	0.0	0.0	0.0	0.0	0.0	0.0	0.0	0.0	0.0	0.0	0.0	0.0	0.0	0.0	0.0	0.0	0.0	0.0	0.0	0.0	0.0	0.0	0.0	0.0	0.0	0.0	1.0	0.0	0.0	0.0	0.0	0.0	0.0	0.0	0.0	0.0	0.0	0.0	0.0	0.0	0.0	0.0	0.0	0.0	0.0	0.0	0.0	0.0	0.0	0.0	0.0	0.0	0.0	0.0	0.0	0.0	0.0	0.0	0.0	0.0	0.0	0.0	0.0	0.0	0.0	0.0	0.0	0.0	0.0	0.0	0.0	0.0	0.0	0.0	0.0	0.0	0.0	0.0	0.0	0.0	0.0	0.0	0.0	0.0	0.0	0.0	0.0	0.0	0.0	0.0	0.0	0.0	0.0	0.0	0.0	0.0	0.0	0.0	0.0	0.0	0.0	0.0	0.0	0.0	0.0	0.0	0.0	0.0	0.0	0.0	0.0	0.0	0.0	0.0	0.0	0.0	0.0	0.0	0.0	0.0	0.0	0.0	0.0	0.0	0.0	0.0	0.0	0.0	0.0	0.0	0.0	0.0	0.0	0.0	0.0	0.0	0.0	0.0	0.0	0.0	0.0	0.0	0.0	0.0	0.0	0.0	0.0	0.0	0.0	0.0	0.0	0.0	0.0	0.0	0.0	0.0	0.0	0.0	0.0	0.0	0.0	0.0	0.0	0.0	0.0	0.0	0.0	0.0	0.0	0.0	0.0	0.0	0.0	0.0	0.0	0.0	0.0	0.0	0.0	0.0	0.0	0.0	0.0	0.0	0.0	0.0	0.0	0.0	0.0	0.0	0.0	0.0	0.0	0.0	0.0	0.0	0.0	0.0	0.0	0.0	0.0	0.0	0.0	0.0	0.0	0.0	0.0	0.0	0.0	0.0	0.0	0.0	0.0	0.0
BAL_Kl	BAL	Kl	0.0	0.0	0.0	0.0	0.0	0.0	0.0	0.0	0.0	0.0	0.0	0.0	0.0	0.0	0.0	0.0	0.0	0.0	0.0	0.0	0.0	0.0	0.0	0.0	0.0	0.0	0.0	0.0	0.0	0.0	0.0	0.0	0.0	0.0	0.0	0.0	0.0	0.0	0.0	0.0	0.0	0.0	0.0	0.0	0.0	0.0	0.0	0.0	2.0	0.0	0.0	0.0	0.0	1.0	0.0	1.0	0.0	1.0	0.0	0.0	3.0	0.0	0.0	0.0	0.0	1.0	0.0	0.0	2.0	1.0	0.0	0.0	0.0	0.0	0.0	0.0	0.0	0.0	0.0	0.0	1.0	0.0	2.0	0.0	1.0	0.0	0.0	0.0	0.0	0.0	1.0	0.0	1.0	1.0	0.0	0.0	1.0	1.0	0.0	0.0	1.0	0.0	11.0	0.0	1.0	1.0	0.0	1.0	0.0	0.0	0.0	0.0	0.0	1.0	0.0	0.0	1.0	0.0	0.0	1.0	0.0	0.0	0.0	0.0	0.0	0.0	0.0	1.0	0.0	0.0	0.0	0.0	0.0	0.0	0.0	0.0	0.0	0.0	0.0	0.0	0.0	0.0	0.0	0.0	1.0	0.0	0.0	1.0	0.0	0.0	0.0	0.0	0.0	0.0	0.0	0.0	0.0	0.0	0.0	0.0	0.0	0.0	0.0	0.0	1.0	0.0	0.0	0.0	0.0	0.0	1.0	0.0	0.0	0.0	0.0	0.0	0.0	0.0	3.0	0.0	0.0	0.0	1.0	0.0	0.0	0.0	0.0	1.0	0.0	0.0	0.0	0.0	0.0	0.0	0.0	0.0	0.0	0.0	1.0	0.0	1.0	1.0	1.0	1.0	0.0	0.0	0.0	0.0	0.0	0.0	2.0	0.0	0.0	0.0	1.0	0.0	0.0	1.0	2.0	0.0	0.0	0.0	0.0	3.0	0.0	0.0	0.0	0.0	0.0	0.0	1.0	0.0	0.0	0.0	1.0	0.0	0.0	0.0	0.0	0.0	0.0	0.0	0.0	0.0	0.0	0.0	0.0	0.0	0.0	0.0	0.0	0.0	0.0	0.0	0.0	1.0	1.0	1.0	1.0	0.0	0.0	0.0	0.0	0.0	0.0	1.0	0.0	0.0	0.0	0.0	1.0	1.0	0.0	1.0	0.0	0.0	0.0	0.0	0.0	0.0	0.0	0.0	0.0	1.0	0.0	0.0	0.0	0.0	0.0	0.0	0.0	0.0	0.0	0.0	1.0	0.0	0.0	0.0	0.0	0.0	0.0	1.0	0.0	0.0	0.0	0.0	0.0	1.0	0.0	0.0	0.0	0.0	0.0	0.0	0.0	0.0	0.0	0.0	1.0	0.0	0.0	0.0	0.0	0.0	0.0	0.0	1.0	0.0	0.0	0.0	0.0	0.0	0.0	0.0	0.0	0.0	0.0	0.0	0.0	0.0	0.0	0.0	0.0	0.0	0.0	0.0	1.0	0.0	0.0	0.0	0.0	1.0	0.0	0.0	0.0	0.0	0.0	0.0	0.0	0.0	0.0	0.0	0.0	1.0	0.0	0.0	0.0	0.0	0.0	0.0	0.0	0.0	0.0	0.0	0.0	0.0	0.0	2.0	0.0	1.0	0.0	0.0	0.0	0.0	0.0	0.0	0.0	0.0	0.0	0.0	0.0	0.0	0.0	0.0	0.0	0.0	0.0	0.0	0.0	0.0	0.0	0.0	0.0	1.0	1.0	0.0	0.0	0.0	0.0	0.0	0.0	0.0	0.0	1.0	0.0	0.0	0.0	0.0	0.0	0.0	0.0	0.0	0.0	0.0	0.0	0.0	0.0	0.0	0.0	0.0	0.0	0.0	0.0	0.0	0.0	1.0	0.0	0.0	0.0	0.0	1.0	0.0	0.0	1.0	1.0	0.0	0.0	0.0	0.0	0.0	0.0	1.0	0.0	0.0	0.0	0.0	0.0	0.0	0.0	0.0	0.0	0.0	0.0	0.0	0.0	0.0	0.0	0.0	0.0	0.0	0.0	0.0	1.0	0.0	0.0	0.0	0.0	0.0	0.0	0.0	0.0	0.0	0.0	0.0	0.0	0.0	1.0	1.0	0.0	0.0	0.0	0.0	0.0	0.0	0.0	0.0	0.0	0.0	0.0	0.0	0.0	0.0	0.0	0.0	1.0	1.0	0.0	0.0	0.0	0.0	0.0	1.0	1.0	0.0
DEN_En	DEN	En	0.0	0.0	0.0	0.0	1.0	1.0	0.0	0.0	0.0	0.0	0.0	0.0	0.0	0.0	0.0	0.0	0.0	0.0	0.0	0.0	0.0	0.0	0.0	0.0	0.0	0.0	0.0	0.0	0.0	0.0	0.0	0.0	0.0	0.0	0.0	0.0	0.0	0.0	0.0	0.0	0.0	0.0	0.0	0.0	0.0	0.0	0.0	1.0	2.0	0.0	0.0	0.0	0.0	0.0	0.0	0.0	0.0	0.0	0.0	0.0	1.0	0.0	0.0	0.0	0.0	0.0	1.0	0.0	0.0	0.0	0.0	1.0	0.0	0.0	0.0	0.0	0.0	0.0	0.0	0.0	0.0	0.0	0.0	0.0	0.0	0.0	0.0	0.0	0.0	0.0	0.0	0.0	0.0	4.0	0.0	0.0	0.0	0.0	0.0	0.0	0.0	0.0	3.0	0.0	0.0	0.0	0.0	0.0	0.0	0.0	0.0	0.0	0.0	0.0	0.0	0.0	0.0	0.0	0.0	0.0	0.0	0.0	0.0	0.0	0.0	0.0	0.0	0.0	0.0	0.0	1.0	0.0	0.0	0.0	0.0	0.0	0.0	0.0	0.0	0.0	0.0	0.0	3.0	0.0	0.0	1.0	0.0	0.0	0.0	0.0	0.0	0.0	0.0	0.0	0.0	0.0	3.0	0.0	0.0	0.0	0.0	0.0	0.0	0.0	0.0	0.0	0.0	0.0	0.0	0.0	0.0	0.0	0.0	0.0	0.0	0.0	0.0	0.0	0.0	0.0	0.0	0.0	0.0	0.0	0.0	0.0	0.0	1.0	0.0	0.0	0.0	0.0	0.0	0.0	0.0	0.0	0.0	0.0	0.0	1.0	0.0	0.0	0.0	0.0	2.0	0.0	0.0	0.0	0.0	0.0	0.0	0.0	0.0	0.0	0.0	0.0	0.0	0.0	2.0	0.0	0.0	0.0	0.0	1.0	0.0	0.0	0.0	0.0	0.0	0.0	0.0	1.0	0.0	0.0	0.0	0.0	0.0	0.0	0.0	0.0	0.0	0.0	0.0	0.0	0.0	0.0	0.0	0.0	0.0	0.0	0.0	0.0	0.0	0.0	0.0	0.0	0.0	0.0	0.0	0.0	0.0	0.0	0.0	0.0	0.0	0.0	1.0	0.0	0.0	0.0	0.0	0.0	0.0	0.0	0.0	0.0	0.0	0.0	0.0	0.0	0.0	0.0	0.0	0.0	1.0	0.0	0.0	0.0	0.0	0.0	0.0	1.0	0.0	0.0	0.0	0.0	0.0	0.0	0.0	0.0	0.0	0.0	0.0	0.0	0.0	0.0	0.0	0.0	0.0	0.0	0.0	0.0	0.0	0.0	0.0	0.0	0.0	0.0	0.0	0.0	0.0	0.0	0.0	0.0	0.0	0.0	0.0	1.0	0.0	0.0	0.0	0.0	0.0	0.0	0.0	0.0	0.0	0.0	0.0	0.0	0.0	0.0	0.0	0.0	0.0	0.0	0.0	0.0	0.0	0.0	0.0	0.0	0.0	0.0	0.0	0.0	0.0	0.0	0.0	0.0	0.0	0.0	0.0	0.0	0.0	0.0	0.0	1.0	0.0	0.0	0.0	0.0	0.0	0.0	0.0	0.0	1.0	0.0	0.0	0.0	0.0	0.0	0.0	0.0	0.0	0.0	0.0	0.0	0.0	0.0	0.0	0.0	0.0	0.0	0.0	0.0	0.0	0.0	0.0	0.0	0.0	0.0	0.0	0.0	1.0	0.0	0.0	0.0	0.0	0.0	0.0	0.0	0.0	0.0	0.0	0.0	0.0	0.0	0.0	0.0	0.0	0.0	0.0	0.0	0.0	0.0	0.0	1.0	0.0	0.0	0.0	0.0	0.0	0.0	0.0	0.0	0.0	0.0	0.0	0.0	0.0	0.0	0.0	0.0	0.0	1.0	0.0	0.0	0.0	0.0	0.0	0.0	0.0	0.0	0.0	0.0	0.0	0.0	0.0	0.0	0.0	0.0	0.0	0.0	0.0	0.0	0.0	0.0	0.0	0.0	1.0	0.0	0.0	0.0	0.0	0.0	0.0	0.0	0.0	0.0	0.0	0.0	0.0	0.0	0.0	1.0	0.0	0.0	0.0	1.0	0.0	0.0	0.0	0.0	0.0	0.0	0.0	0.0	0.0	0.0	0.0	0.0	0.0	0.0	0.0	0.0	0.0	0.0	0.0	0.0	0.0	0.0	0.0	0.0
DEN_Es	DEN	Es	0.0	0.0	0.0	0.0	0.0	0.0	0.0	0.0	0.0	0.0	0.0	0.0	0.0	0.0	0.0	0.0	0.0	0.0	0.0	0.0	0.0	0.0	0.0	0.0	0.0	0.0	0.0	0.0	0.0	0.0	0.0	0.0	0.0	0.0	0.0	0.0	0.0	0.0	0.0	0.0	0.0	0.0	0.0	0.0	0.0	0.0	0.0	0.0	0.0	0.0	0.0	0.0	0.0	0.0	0.0	0.0	0.0	0.0	0.0	0.0	1.0	0.0	0.0	0.0	0.0	0.0	0.0	0.0	0.0	0.0	0.0	0.0	0.0	0.0	0.0	0.0	0.0	0.0	0.0	0.0	0.0	0.0	0.0	0.0	0.0	0.0	0.0	0.0	0.0	0.0	0.0	0.0	0.0	0.0	0.0	0.0	0.0	0.0	0.0	0.0	0.0	0.0	0.0	0.0	0.0	0.0	0.0	0.0	0.0	0.0	0.0	0.0	0.0	0.0	0.0	0.0	0.0	0.0	0.0	0.0	0.0	0.0	0.0	0.0	0.0	0.0	0.0	0.0	0.0	0.0	0.0	0.0	0.0	0.0	0.0	0.0	0.0	0.0	0.0	0.0	0.0	0.0	0.0	0.0	0.0	0.0	0.0	0.0	0.0	0.0	0.0	0.0	0.0	0.0	0.0	0.0	0.0	0.0	0.0	0.0	0.0	0.0	0.0	0.0	0.0	0.0	0.0	0.0	0.0	0.0	0.0	0.0	0.0	0.0	0.0	0.0	0.0	0.0	0.0	0.0	0.0	0.0	0.0	0.0	0.0	0.0	0.0	0.0	0.0	0.0	0.0	0.0	0.0	0.0	0.0	0.0	0.0	0.0	0.0	0.0	0.0	0.0	0.0	0.0	0.0	0.0	0.0	0.0	0.0	0.0	0.0	0.0	0.0	0.0	0.0	0.0	0.0	0.0	0.0	0.0	0.0	0.0	0.0	0.0	0.0	0.0	0.0	0.0	0.0	0.0	0.0	0.0	0.0	0.0	0.0	0.0	0.0	0.0	0.0	0.0	0.0	0.0	0.0	0.0	0.0	0.0	0.0	0.0	0.0	0.0	0.0	0.0	0.0	0.0	0.0	0.0	0.0	0.0	0.0	1.0	0.0	0.0	0.0	0.0	0.0	0.0	0.0	0.0	0.0	0.0	0.0	0.0	0.0	0.0	0.0	0.0	1.0	0.0	0.0	0.0	0.0	1.0	0.0	0.0	0.0	0.0	0.0	0.0	0.0	0.0	0.0	0.0	0.0	0.0	0.0	0.0	0.0	0.0	0.0	0.0	0.0	0.0	0.0	0.0	0.0	0.0	0.0	0.0	0.0	0.0	0.0	0.0	0.0	0.0	0.0	0.0	0.0	0.0	0.0	0.0	0.0	0.0	0.0	0.0	0.0	0.0	0.0	0.0	0.0	0.0	0.0	0.0	0.0	0.0	0.0	0.0	0.0	0.0	0.0	0.0	0.0	0.0	0.0	0.0	0.0	0.0	1.0	0.0	0.0	0.0	0.0	1.0	0.0	0.0	0.0	0.0	0.0	0.0	0.0	0.0	0.0	0.0	0.0	1.0	0.0	0.0	0.0	0.0	0.0	0.0	0.0	0.0	0.0	0.0	0.0	0.0	0.0	0.0	0.0	0.0	0.0	0.0	0.0	0.0	0.0	0.0	0.0	0.0	0.0	0.0	0.0	0.0	0.0	0.0	0.0	0.0	0.0	0.0	0.0	0.0	0.0	0.0	0.0	0.0	0.0	0.0	0.0	0.0	0.0	0.0	0.0	0.0	0.0	0.0	0.0	0.0	0.0	0.0	0.0	0.0	0.0	0.0	0.0	0.0	0.0	1.0	0.0	0.0	0.0	0.0	0.0	0.0	0.0	0.0	0.0	0.0	0.0	0.0	0.0	0.0	0.0	0.0	0.0	0.0	0.0	0.0	0.0	0.0	0.0	0.0	0.0	0.0	0.0	0.0	0.0	0.0	0.0	0.0	0.0	0.0	0.0	0.0	0.0	0.0	0.0	0.0	0.0	0.0	0.0	0.0	0.0	0.0	0.0	0.0	0.0	0.0	0.0	0.0	1.0	0.0	0.0	0.0	0.0	0.0	0.0	0.0	1.0	0.0	0.0	0.0	0.0	0.0	0.0	0.0	0.0	0.0	0.0	0.0	0.0	0.0	0.0	0.0	0.0	0.0	0.0	0.0	0.0	0.0	0.0	0.0	0.0	0.0	0.0	0.0
DEN_Kl	DEN	Kl	6.0	2.0	0.0	1.0	1.0	1.0	0.0	4.0	5.5	4.0	1.0	10.0	1.0	0.0	3.0	0.0	3.0	1.0	5.5	5.5	1.0	1.0	0.0	2.0	1.5	1.5	0.0	1.0	0.0	0.0	0.0	0.0	3.0	6.0	1.0	1.0	0.0	1.0	1.0	0.0	0.0	0.0	0.0	0.0	0.0	3.0	6.666666666666667	2.0	64.75	8.61111111111111	2.0	1.0	1.3333333333333333	3.0	5.0	11.0	0.0	3.5	5.5	5.866666666666667	22.0	14.0	10.904761904761905	0.0	0.0	4.363636363636364	1.0	7.75	10.5	21.0	1.0	22.5	8.0	6.0	9.0	11.5	1.0	1.0	0.0	4.75	5.0	4.0	10.0	2.6666666666666665	5.0	4.0	0.0	1.0	1.0	0.0	0.0	2.0	2.6666666666666665	12.0	6.0	2.0	3.0	10.0	1.0	4.0	4.0	1.0	239.4952380952381	4.0	1.5	9.176190476190476	2.0	7.333333333333333	0.0	1.0	6.0	0.0	2.0	2.583333333333333	1.0	3.761904761904762	0.0	6.0	0.0	1.3333333333333333	12.05	1.6	4.0	2.0	0.0	10.0	1.6666666666666667	2.25	2.0	10.0	1.0	2.0	2.0	8.25	2.0	2.0	1.6666666666666667	11.25	2.0	5.5	4.0	3.0	25.8	4.0	6.45	1.0	2.0	10.033333333333333	3.0	11.892857142857142	0.0	5.0	0.0	2.833333333333333	4.0	1.0	20.0	0.0	0.0	8.916666666666666	0.0	2.0	19.0	4.0	0.0	2.0	0.0	7.0	2.9333333333333336	0.0	7.0	3.0	1.0	1.0	0.0	0.0	4.666666666666667	6.5	11.666666666666666	0.0	1.6666666666666667	3.5	1.0	8.0	0.0	0.0	11.0	3.5	14.666666666666668	3.75	1.0	3.0666666666666664	5.0	6.75	6.0	9.666666666666666	0.0	0.0	3.0	12.4	10.0	10.0	25.5	21.5	102.3	1.5	2.833333333333333	10.333333333333332	0.0	0.0	2.0	1.0	3.0	6.0	11.0	10.0	0.0	2.0	35.54545454545455	0.0	0.0	0.0	3.0	26.03333333333333	5.0	2.0	5.0	0.0	0.0	0.0	3.75	23.35	2.25	11.0	3.458333333333333	2.0	11.5	2.5	2.0	0.0	6.666666666666667	4.0	4.0	2.0	0.0	2.0	0.0	0.0	0.0	1.0	1.0	0.0	1.0	0.0	1.0	1.0	10.0	10.0	2.2	3.0	1.5	2.0	0.0	0.0	2.0	10.0	6.0	0.0	1.0	0.0	1.5	1.5	0.0	10.0	4.0	4.0	3.25	1.5	0.0	2.0	0.0	3.0	1.0	9.0	1.0	0.0	0.0	6.0	2.0	0.0	2.0	2.0	1.0	2.0	1.0	1.3333333333333333	0.0	0.0	0.0	4.0	1.0	4.0	1.0	7.0	4.875	1.0	1.3333333333333333	1.6666666666666667	1.0	1.0	9.0	4.0	0.0	0.0	0.0	0.0	0.0	0.0	10.0	0.0	1.0	1.0	1.3333333333333333	1.4285714285714286	1.6666666666666667	0.0	1.0	0.0	1.0	1.0	0.0	0.0	3.5	6.0	2.0	1.5	0.0	0.0	0.0	1.0	1.5	2.0	3.0	2.0	1.0	1.0	2.0	1.5	0.0	2.0	0.0	2.0	2.0	6.0	2.0	1.0	1.5	4.333333333333333	1.0	9.0	1.3333333333333333	0.0	0.0	1.5	1.0	0.0	0.0	1.0	0.0	1.0	10.0	0.0	1.5	7.0	0.0	6.0	6.0	1.0	1.0	5.5	1.0	1.0	0.0	2.0	1.0	0.0	0.0	0.0	0.0	0.0	6.0	2.0	0.0	0.0	0.0	3.0	0.0	0.0	1.0	0.0	1.0	3.5	5.3	1.6	5.191304347826087	0.0	0.0	0.0	0.0	7.0	0.0	1.0	7.0	10.0	0.0	1.5	5.666666666666667	0.0	1.5	1.0	0.0	4.333333333333333	1.0	1.0	0.0	3.0	1.0	1.0	2.0	0.0	1.5	1.0	1.0	2.5	0.0	2.0	2.5	2.0	1.0	1.5	1.0	1.0	0.0	1.0	1.0	3.5	0.0	2.0	1.0	1.0	1.5	4.0	1.0	1.0	5.0	1.6666666666666667	1.0	4.5	3.0	1.0	10.0	0.0	0.0	1.5	0.0	3.5	4.0	1.5	2.0	0.0	1.0	6.0	10.0	0.0	3.5	1.0	1.0	1.5	0.0	5.0	8.0	1.75	0.0	1.0	0.0	5.5	1.5	2.0	1.0	1.0	0.0	1.0	1.0	1.0	1.0	0.0	3.0	0.0	1.0	1.0	0.0	4.0	0.0	4.0	1.5	1.6666666666666667	0.0	2.0	1.5	1.5	0.0	6.0	0.0	2.5
MIN_En	MIN	En	0.0	0.0	0.0	0.0	0.0	0.0	0.0	0.0	0.0	0.0	0.0	0.0	0.0	0.0	0.0	0.0	0.0	0.0	0.0	0.0	0.0	0.0	0.0	0.0	0.0	0.0	0.0	0.0	0.0	0.0	0.0	0.0	0.0	0.0	0.0	0.0	0.0	0.0	0.0	0.0	0.0	0.0	0.0	0.0	0.0	0.0	0.0	0.0	0.0	0.0	0.0	0.0	0.0	0.0	0.0	0.0	0.0	0.0	0.0	0.0	0.0	0.0	0.0	0.0	0.0	0.0	0.0	0.0	0.0	0.0	0.0	0.0	0.0	0.0	0.0	0.0	0.0	0.0	0.0	0.0	0.0	0.0	0.0	0.0	0.0	0.0	0.0	0.0	0.0	0.0	0.0	0.0	0.0	0.0	0.0	0.0	0.0	0.0	0.0	0.0	0.0	0.0	0.0	0.0	0.0	0.0	0.0	0.0	0.0	0.0	0.0	0.0	0.0	0.0	0.0	0.0	0.0	1.0	0.0	0.0	0.0	0.0	0.0	0.0	0.0	0.0	0.0	0.0	0.0	0.0	0.0	0.0	0.0	0.0	0.0	0.0	0.0	0.0	0.0	0.0	0.0	0.0	0.0	0.0	0.0	0.0	0.0	0.0	0.0	0.0	0.0	0.0	0.0	0.0	0.0	0.0	0.0	0.0	0.0	0.0	0.0	0.0	0.0	0.0	0.0	0.0	0.0	0.0	0.0	0.0	0.0	0.0	0.0	0.0	0.0	0.0	0.0	0.0	0.0	0.0	0.0	0.0	0.0	0.0	0.0	0.0	0.0	0.0	0.0	0.0	0.0	0.0	0.0	0.0	0.0	0.0	0.0	0.0	0.0	0.0	0.0	0.0	0.0	0.0	0.0	0.0	0.0	0.0	0.0	0.0	0.0	0.0	0.0	0.0	0.0	0.0	0.0	0.0	0.0	0.0	0.0	0.0	0.0	0.0	0.0	0.0	0.0	0.0	0.0	0.0	0.0	0.0	0.0	0.0	0.0	0.0	0.0	0.0	0.0	0.0	0.0	0.0	0.0	0.0	0.0	0.0	0.0	0.0	0.0	0.0	0.0	0.0	0.0	0.0	0.0	0.0	0.0	0.0	0.0	0.0	0.0	0.0	0.0	0.0	0.0	0.0	0.0	0.0	0.0	0.0	0.0	0.0	0.0	0.0	0.0	0.0	0.0	0.0	0.0	0.0	0.0	0.0	0.0	0.0	0.0	0.0	0.0	0.0	0.0	0.0	0.0	0.0	0.0	0.0	0.0	0.0	0.0	0.0	0.0	0.0	0.0	0.0	0.0	0.0	0.0	0.0	0.0	0.0	0.0	0.0	0.0	0.0	0.0	0.0	0.0	0.0	0.0	0.0	0.0	0.0	0.0	0.0	0.0	0.0	0.0	0.0	0.0	0.0	0.0	0.0	0.0	0.0	0.0	0.0	0.0	0.0	0.0	0.0	0.0	0.0	0.0	0.0	0.0	0.0	0.0	0.0	0.0	0.0	0.0	0.0	0.0	0.0	0.0	0.0	0.0	0.0	0.0	0.0	0.0	0.0	0.0	0.0	0.0	0.0	0.0	0.0	0.0	0.0	0.0	0.0	0.0	0.0	0.0	0.0	0.0	0.0	0.0	0.0	0.0	0.0	0.0	0.0	0.0	0.0	0.0	0.0	0.0	0.0	0.0	0.0	0.0	0.0	0.0	0.0	0.0	0.0	0.0	0.0	0.0	0.0	0.0	0.0	0.0	0.0	0.0	0.0	0.0	0.0	0.0	0.0	0.0	0.0	0.0	0.0	0.0	0.0	0.0	0.0	0.0	0.0	0.0	0.0	0.0	0.0	0.0	0.0	0.0	0.0	0.0	0.0	0.0	0.0	0.0	0.0	0.0	0.0	0.0	0.0	0.0	0.0	0.0	0.0	0.0	0.0	0.0	0.0	0.0	0.0	0.0	0.0	0.0	0.0	0.0	0.0	0.0	0.0	0.0	0.0	0.0	0.0	0.0	0.0	0.0	0.0	0.0	0.0	0.0	0.0	0.0	0.0	0.0	0.0	0.0	0.0	0.0	0.0	0.0	0.0	0.0	0.0	0.0	0.0	0.0	0.0	0.0	0.0	0.0	0.0	0.0	0.0	0.0	0.0	0.0	0.0	0.0	0.0	0.0	0.0	0.0	0.0	0.0	0.0	0.0	0.0	0.0	0.0	0.0	0.0	0.0	0.0	0.0	0.0	0.0	0.0
MIN_Es	MIN	Es	0.0	0.0	0.0	0.0	0.0	0.0	0.0	0.0	0.0	0.0	0.0	0.0	0.0	0.0	0.0	0.0	0.0	0.0	0.0	0.0	0.0	0.0	0.0	0.0	0.0	0.0	0.0	0.0	0.0	0.0	0.0	0.0	0.0	0.0	0.0	0.0	0.0	0.0	0.0	0.0	0.0	0.0	0.0	0.0	0.0	0.0	0.0	0.0	0.0	0.0	0.0	0.0	0.0	0.0	0.0	0.0	0.0	0.0	0.0	0.0	1.0	0.0	0.0	0.0	0.0	0.0	0.0	0.0	0.0	0.0	0.0	0.0	0.0	0.0	0.0	0.0	0.0	0.0	0.0	0.0	0.0	0.0	0.0	0.0	0.0	0.0	0.0	0.0	0.0	0.0	0.0	0.0	0.0	0.0	0.0	0.0	0.0	0.0	0.0	0.0	0.0	0.0	0.0	0.0	0.0	0.0	0.0	0.0	0.0	0.0	0.0	0.0	0.0	0.0	0.0	0.0	0.0	0.0	0.0	0.0	0.0	0.0	0.0	0.0	0.0	0.0	0.0	0.0	0.0	0.0	0.0	0.0	0.0	0.0	0.0	0.0	0.0	0.0	0.0	0.0	0.0	0.0	0.0	0.0	0.0	0.0	0.0	0.0	0.0	0.0	0.0	0.0	0.0	0.0	0.0	0.0	0.0	0.0	0.0	0.0	0.0	0.0	0.0	0.0	0.0	0.0	0.0	0.0	0.0	0.0	0.0	0.0	0.0	0.0	0.0	0.0	0.0	0.0	0.0	0.0	0.0	0.0	0.0	0.0	0.0	0.0	0.0	0.0	0.0	0.0	0.0	0.0	0.0	0.0	0.0	0.0	0.0	0.0	0.0	0.0	0.0	0.0	0.0	0.0	0.0	0.0	0.0	0.0	0.0	0.0	0.0	0.0	0.0	0.0	0.0	0.0	0.0	0.0	0.0	0.0	0.0	0.0	0.0	0.0	0.0	0.0	0.0	0.0	0.0	0.0	0.0	0.0	0.0	0.0	0.0	0.0	0.0	0.0	0.0	0.0	0.0	0.0	0.0	0.0	0.0	0.0	0.0	0.0	0.0	0.0	0.0	0.0	0.0	0.0	0.0	0.0	0.0	0.0	0.0	0.0	0.0	0.0	0.0	0.0	0.0	0.0	0.0	0.0	0.0	0.0	0.0	0.0	0.0	0.0	0.0	0.0	0.0	0.0	0.0	0.0	0.0	0.0	0.0	0.0	0.0	0.0	0.0	0.0	0.0	0.0	0.0	0.0	0.0	0.0	0.0	0.0	0.0	0.0	0.0	0.0	0.0	0.0	0.0	0.0	0.0	0.0	0.0	0.0	0.0	0.0	0.0	0.0	0.0	0.0	0.0	0.0	0.0	0.0	0.0	0.0	0.0	0.0	0.0	0.0	0.0	0.0	0.0	0.0	0.0	0.0	0.0	0.0	0.0	0.0	0.0	0.0	0.0	0.0	0.0	0.0	0.0	0.0	0.0	0.0	0.0	0.0	0.0	0.0	0.0	0.0	0.0	0.0	0.0	0.0	0.0	0.0	0.0	0.0	0.0	0.0	0.0	0.0	0.0	0.0	0.0	0.0	0.0	0.0	0.0	0.0	0.0	0.0	0.0	0.0	0.0	0.0	0.0	0.0	0.0	0.0	0.0	0.0	0.0	0.0	0.0	0.0	0.0	0.0	0.0	0.0	0.0	0.0	0.0	0.0	0.0	0.0	0.0	0.0	0.0	0.0	0.0	0.0	0.0	0.0	0.0	0.0	0.0	0.0	0.0	0.0	0.0	0.0	0.0	0.0	0.0	0.0	0.0	0.0	0.0	0.0	0.0	0.0	0.0	0.0	0.0	0.0	0.0	0.0	0.0	0.0	0.0	0.0	0.0	0.0	0.0	0.0	0.0	0.0	0.0	0.0	0.0	0.0	0.0	0.0	0.0	0.0	0.0	0.0	0.0	0.0	0.0	0.0	0.0	0.0	0.0	0.0	0.0	0.0	0.0	0.0	0.0	0.0	0.0	0.0	0.0	0.0	0.0	0.0	0.0	0.0	0.0	0.0	0.0	0.0	0.0	0.0	0.0	0.0	0.0	0.0	0.0	0.0	0.0	0.0	0.0	0.0	0.0	0.0	0.0	0.0	0.0	0.0	0.0	0.0	0.0	0.0	0.0	0.0	0.0	0.0	0.0	0.0	0.0	0.0	0.0	0.0	0.0	0.0	0.0	0.0	0.0	0.0	0.0	0.0
MIN_Kl	MIN	Kl	0.0	0.0	0.0	0.0	0.0	0.0	0.0	0.0	0.0	0.0	0.0	0.0	0.0	0.0	0.0	0.0	0.0	0.0	0.0	0.0	0.0	0.0	0.0	0.0	0.0	0.0	0.0	0.0	0.0	0.0	0.0	0.0	0.0	0.0	0.0	0.0	0.0	0.0	0.0	0.0	0.0	0.0	0.0	0.0	0.0	0.0	0.0	0.0	0.0	0.0	0.0	0.0	0.0	0.0	0.0	0.0	0.0	0.0	0.0	0.0	0.0	0.0	0.0	0.0	0.0	0.0	0.0	0.0	0.0	0.0	0.0	0.0	0.0	0.0	0.0	0.0	0.0	0.0	0.0	0.0	0.0	0.0	0.0	0.0	0.0	0.0	0.0	0.0	0.0	0.0	0.0	0.0	0.0	0.0	0.0	0.0	0.0	0.0	0.0	0.0	0.0	0.0	0.0	0.0	0.0	0.0	0.0	0.0	0.0	0.0	0.0	0.0	0.0	0.0	0.0	0.0	0.0	0.0	0.0	0.0	0.0	0.0	0.0	0.0	0.0	0.0	0.0	0.0	0.0	0.0	0.0	0.0	0.0	0.0	0.0	0.0	0.0	0.0	0.0	0.0	0.0	0.0	0.0	0.0	0.0	0.0	0.0	0.0	0.0	0.0	0.0	0.0	0.0	0.0	0.0	0.0	0.0	0.0	0.0	0.0	0.0	0.0	0.0	0.0	0.0	0.0	0.0	0.0	0.0	0.0	0.0	0.0	0.0	0.0	0.0	0.0	0.0	0.0	0.0	0.0	0.0	0.0	0.0	0.0	0.0	0.0	0.0	0.0	0.0	0.0	0.0	0.0	0.0	0.0	0.0	0.0	0.0	0.0	0.0	0.0	0.0	0.0	0.0	0.0	0.0	0.0	0.0	0.0	0.0	0.0	0.0	0.0	0.0	0.0	0.0	0.0	0.0	0.0	0.0	0.0	0.0	0.0	0.0	0.0	0.0	0.0	0.0	0.0	0.0	0.0	0.0	0.0	0.0	0.0	0.0	0.0	0.0	0.0	0.0	0.0	0.0	0.0	0.0	0.0	0.0	0.0	0.0	0.0	0.0	0.0	0.0	0.0	0.0	0.0	0.0	0.0	0.0	0.0	0.0	0.0	0.0	0.0	0.0	0.0	0.0	0.0	0.0	0.0	0.0	0.0	0.0	0.0	0.0	0.0	0.0	0.0	0.0	0.0	0.0	0.0	0.0	0.0	0.0	0.0	0.0	0.0	0.0	0.0	0.0	0.0	0.0	0.0	0.0	0.0	0.0	0.0	0.0	0.0	0.0	0.0	0.0	0.0	0.0	0.0	0.0	0.0	0.0	0.0	0.0	0.0	0.0	0.0	0.0	0.0	0.0	0.0	0.0	0.0	0.0	0.0	0.0	0.0	0.0	0.0	0.0	0.0	0.0	0.0	0.0	0.0	0.0	0.0	0.0	0.0	0.0	0.0	0.0	0.0	0.0	0.0	0.0	0.0	0.0	0.0	0.0	0.0	0.0	0.0	0.0	0.0	0.0	0.0	0.0	0.0	0.0	0.0	0.0	0.0	0.0	0.0	0.0	0.0	0.0	0.0	0.0	0.0	0.0	0.0	0.0	0.0	0.0	0.0	0.0	0.0	0.0	0.0	0.0	0.0	0.0	0.0	0.0	0.0	0.0	0.0	0.0	0.0	0.0	0.0	0.0	0.0	0.0	0.0	0.0	0.0	0.0	0.0	0.0	0.0	0.0	0.0	0.0	0.0	0.0	0.0	1.0	0.0	0.0	0.0	0.0	0.0	0.0	0.0	0.0	0.0	0.0	0.0	0.0	0.0	0.0	0.0	0.0	0.0	0.0	0.0	0.0	0.0	0.0	0.0	0.0	0.0	0.0	0.0	0.0	0.0	0.0	0.0	0.0	0.0	0.0	0.0	0.0	0.0	0.0	0.0	0.0	0.0	0.0	0.0	0.0	0.0	0.0	0.0	0.0	0.0	0.0	0.0	0.0	0.0	0.0	0.0	0.0	0.0	0.0	0.0	0.0	0.0	0.0	0.0	0.0	0.0	0.0	0.0	0.0	0.0	0.0	0.0	0.0	0.0	0.0	0.0	0.0	0.0	0.0	0.0	0.0	0.0	0.0	0.0	0.0	0.0	0.0	0.0	0.0	0.0	0.0	0.0	0.0	0.0	0.0	0.0	0.0	0.0	0.0	0.0	0.0	0.0	0.0	0.0	0.0	0.0	0.0	0.0	0.0	0.0
NYC_En	NYC	En	34.0	9.0	11.0	7.333333333333333	5.0	3.5	6.0	18.0	24.0	18.0	5.5	28.0	0.0	1.0	6.0	3.0	21.0	1.0	0.0	0.0	8.5	3.0	1.0	7.0	7.0	5.0	1.0	0.0	6.0	0.0	6.0	3.333333333333333	6.0	34.0	0.0	0.0	6.6	4.5	4.0	0.0	0.0	14.333333333333334	6.0	0.0	0.0	13.6	29.666666666666668	8.0	347.46666666666664	32.75	10.0	9.0	8.666666666666666	13.071428571428571	18.333333333333336	63.0	12.0	11.333333333333332	43.06666666666666	34.55833333333334	126.0	56.0	32.13333333333333	25.0	5.769230769230769	23.5	6.0	30.75	28.75	113.0	10.0	144.0	30.0	31.166666666666664	33.0	23.0	11.0	0.0	8.0	26.55	24.0	8.0	50.5	0.0	17.0	25.0	21.0	1.3333333333333333	6.0	4.25	4.0	4.0	13.142857142857142	67.28571428571428	12.0	0.0	15.0	58.0	0.0	16.666666666666668	24.0	12.0	1332.5797956429535	17.25	8.75	56.225	4.0	44.83333333333333	1.0	10.0	15.0	10.25	22.0	12.25	5.0	20.153846153846153	19.46666666666667	22.0	14.666666666666668	3.1666666666666665	58.150000000000006	5.166666666666667	15.0	3.0	5.0	40.0	16.666666666666664	11.0	7.25	40.0	5.0	8.0	5.0	35.25	3.0	0.0	7.666666666666667	3.75	8.0	22.0	24.0	9.0	123.03333333333333	15.0	39.35714285714286	5.0	10.0	63.0	17.0	51.875	6.0	17.0	0.0	11.5	7.5	23.0	117.0	12.5	3.0	30.933333333333334	3.0	4.333333333333333	40.0	15.0	5.0	0.0	9.0	39.0	14.966666666666665	0.0	40.0	16.0	4.0	4.0	6.0	12.25	18.75	43.0	50.25	7.0	3.6	10.0	12.5	14.0	14.0	4.5	59.666666666666664	19.0	46.333333333333336	36.166666666666664	4.0	12.5	32.5	35.833333333333336	19.0	58.333333333333336	5.0	9.0	10.666666666666668	65.5	58.0	66.26666666666667	89.2	103.58333333333333	410.2261904761905	10.5	41.93333333333334	61.0	14.3	7.5	24.0	18.0	4.0	44.0	66.0	40.0	26.33333333333333	6.5	182.0909090909091	2.0	0.0	3.0	14.0	117.41666666666667	23.0	34.0	18.5	4.0	3.6	6.5	59.333333333333336	126.81666666666666	12.25	41.0	23.53333333333333	11.5	51.83333333333333	9.5	4.5	2.0	37.0	15.0	15.0	11.0	7.0	10.0	1.0	2.0	8.0	2.0	9.0	0.0	0.0	0.0	0.0	0.0	58.0	58.0	6.222222222222222	13.0	5.8	4.5	5.0	0.0	2.0	58.0	29.0	4.0	3.5	1.0	5.0	5.0	7.5	58.0	15.0	15.0	13.4	6.0	14.0	1.0	3.0	13.0	5.0	21.0	5.0	18.666666666666668	18.666666666666668	34.0	3.5	2.0	4.0	6.2	0.0	3.0	10.0	0.0	5.5	1.0	14.0	15.0	9.0	24.0	4.0	22.0	27.75	18.0	9.0	5.333333333333333	2.0	3.25	52.0	17.666666666666668	5.25	6.0	3.0	14.5	4.0	3.0	58.0	5.75	9.0	9.0	4.428571428571429	10.142857142857142	8.454545454545455	5.333333333333333	6.0	1.0	23.0	1.3333333333333333	0.0	1.0	18.0	18.5	0.0	6.75	0.0	0.0	0.0	0.0	4.0	1.0	12.0	8.5	8.0	8.0	9.5	5.5	0.0	6.0	9.22222222222222	11.5	3.5	22.0	4.0	9.0	5.666666666666667	0.0	4.0	45.66666666666666	3.25	3.333333333333333	3.333333333333333	3.333333333333333	1.0	14.0	1.0	5.0	14.0	2.0	40.0	6.25	11.0	26.25	3.0	34.0	29.0	5.0	4.5	31.0	4.5	4.0	4.5	5.0	3.5	0.0	6.0	11.0	0.0	0.0	30.5	3.0	3.0	1.0	2.5	7.0	0.0	4.0	3.0	4.0	18.0	17.5	22.8	6.0	20.87037037037037	4.0	3.4	0.0	6.0	39.0	3.0	6.0	39.0	58.0	0.0	4.5	17.25	7.5	6.0	12.5	0.0	20.666666666666668	6.0	6.0	3.0	13.0	5.0	5.0	3.333333333333333	0.0	0.0	0.0	1.5	9.25	0.0	8.125	8.4	4.5	12.0	7.0	3.0	7.0	4.5	3.0	3.0	19.5	8.142857142857142	15.75	23.0	3.6666666666666665	5.5	24.0	2.5	0.0	8.5	15.333333333333334	23.0	19.33333333333333	21.0	5.0	40.0	0.0	6.0	5.333333333333333	5.5	21.5	15.0	8.833333333333334	3.0	7.5	4.5	34.0	58.0	5.25	12.25	1.0	5.0	3.0	0.0	29.571428571428573	34.5	4.5	5.333333333333333	4.0	10.0	21.666666666666668	6.5	6.0	4.0	5.0	0.0	0.0	1.0	0.0	3.5	1.0	5.0	0.0	7.0	12.5	1.0	15.0	4.75	12.333333333333334	6.0	6.666666666666667	3.0	15.0	0.0	11.0	4.0	34.0	0.0	9.5
NYC_Es	NYC	Es	3.0	1.0	1.0	2.5	0.0	0.0	0.0	1.6666666666666667	2.0	1.6666666666666667	2.0	3.0	0.0	2.0	1.0	1.0	1.0	1.0	0.0	0.0	1.0	1.0	0.0	0.0	1.0	1.0	2.0	0.0	1.0	0.0	0.0	0.0	1.0	3.0	0.0	0.0	1.3333333333333333	1.0	0.0	0.0	0.0	0.0	0.0	0.0	0.0	0.0	4.0	0.0	35.666666666666664	1.5	1.0	0.0	0.0	1.0	3.25	7.0	0.0	0.0	0.0	5.516666666666667	20.0	8.0	2.0	2.0	0.0	0.0	0.0	3.0	4.5	10.0	1.0	20.5	4.0	3.5	5.0	4.666666666666667	0.0	0.0	0.0	0.0	2.0	1.0	4.0	0.0	3.0	2.0	0.0	0.0	0.0	1.0	0.0	0.0	3.5	10.0	0.0	0.0	0.0	6.0	0.0	0.0	2.0	0.0	143.79433198380568	0.0	0.0	2.5	1.0	3.333333333333333	0.0	2.0	4.0	0.0	2.0	1.0	1.0	1.0	0.0	4.5	1.0	1.0	2.666666666666667	1.0	2.0	0.0	0.0	3.0	1.0	1.6666666666666667	0.0	3.0	0.0	0.0	0.0	2.5	0.0	0.0	1.0	1.0	0.0	2.0	0.0	0.0	13.233333333333333	2.0	2.5	0.0	2.0	3.5	3.0	5.333333333333333	0.0	4.0	1.0	0.0	1.0	3.0	16.0	0.0	0.0	6.0	0.0	1.5	5.0	2.0	1.0	0.0	0.0	2.0	2.0	0.0	3.0	0.0	0.0	1.0	0.0	0.0	1.0	4.0	7.666666666666667	1.0	0.0	0.0	1.0	3.0	0.0	1.0	4.0	1.0	6.0	1.0	1.0	1.0	0.0	3.0	3.0	5.5	0.0	0.0	1.5	5.0	6.0	7.666666666666666	9.666666666666666	8.333333333333334	32.6	0.0	2.5	2.6	0.0	0.0	10.0	0.0	0.0	0.0	7.0	3.0	2.333333333333333	1.0	18.0	0.0	0.0	0.0	2.0	11.0	2.0	1.0	3.0	0.0	0.0	0.0	2.0	7.25	2.0	3.0	3.0	1.0	4.0	0.0	0.0	0.0	3.1666666666666665	2.0	2.0	1.0	1.5	2.0	0.0	0.0	1.0	0.0	1.0	1.0	1.0	1.0	1.0	1.0	6.0	6.0	1.5	2.0	1.0	0.0	0.0	0.0	0.0	6.0	3.0	0.0	0.0	0.0	1.5	1.5	0.0	6.0	2.0	2.0	0.0	0.0	0.0	0.0	1.0	2.0	1.3333333333333333	2.0	0.0	0.0	0.0	3.0	0.0	0.0	0.0	1.0	0.0	0.0	1.0	0.0	0.0	1.0	0.0	2.0	1.0	2.0	0.0	5.0	0.0	1.5	1.0	1.0	0.0	1.3333333333333333	0.0	1.6666666666666667	0.0	1.0	0.0	1.5	0.0	0.0	6.0	1.0	0.0	0.0	0.0	0.0	1.6666666666666667	0.0	1.0	0.0	3.0	1.0	0.0	0.0	0.0	3.0	0.0	1.3333333333333333	0.0	1.0	1.75	0.0	1.0	0.0	2.0	1.0	0.0	0.0	1.0	0.0	0.0	0.0	0.0	2.0	0.0	3.0	0.0	0.0	1.0	2.0	3.0	3.6666666666666665	0.0	0.0	0.0	0.0	0.0	0.0	2.0	0.0	0.0	0.0	3.0	1.0	1.0	3.0	1.0	3.0	3.0	1.0	1.0	6.0	1.0	0.0	0.0	0.0	0.0	0.0	0.0	1.0	0.0	0.0	0.0	0.0	0.0	0.0	0.0	0.0	0.0	0.0	0.0	0.0	1.0	0.0	2.4444444444444446	0.0	3.2580645161290325	0.0	0.0	0.0	0.0	2.0	0.0	1.0	2.0	6.0	1.0	1.0	3.333333333333333	0.0	0.0	1.0	0.0	0.0	1.0	1.0	0.0	2.0	0.0	0.0	1.0	0.0	0.0	0.0	1.0	1.0	1.5	0.0	0.0	0.0	1.0	0.0	0.0	1.0	1.0	0.0	0.0	3.0	0.0	0.0	3.0	1.0	0.0	2.0	1.0	0.0	3.0	3.0	3.0	2.2	1.0	0.0	3.0	1.0	1.0	0.0	1.0	3.0	2.0	0.0	0.0	0.0	1.0	3.0	6.0	0.0	0.0	0.0	1.3333333333333333	0.0	0.0	2.833333333333333	3.0	1.0	1.0	0.0	1.0	3.5	2.0	2.0	1.5	0.0	0.0	0.0	0.0	1.0	2.0	0.0	0.0	0.0	1.0	1.0	0.0	2.0	0.0	1.3333333333333333	1.0	0.0	0.0	0.0	0.0	1.0	1.0	3.0	0.0	0.0
NYC_Kl	NYC	Kl	15.0	2.5	2.0	2.5	1.0	1.0	2.2	7.333333333333333	10.5	7.333333333333333	1.3333333333333333	17.0	0.0	2.0	4.0	1.5	6.0	3.0	0.0	0.0	3.0	1.25	0.0	3.0	2.5	2.0	2.0	1.5	1.0	2.0	0.0	2.5	3.0	15.0	0.0	0.0	3.5	1.0	1.0	1.0	1.0	6.333333333333333	3.5	1.0	1.0	4.25	8.0	2.0	134.68333333333334	10.680555555555555	4.0	5.5	4.0	2.928571428571429	5.333333333333333	25.0	6.0	5.6	14.8	15.169444444444444	46.0	17.5	11.766666666666666	6.0	2.4166666666666665	7.765151515151515	1.0	13.25	10.25	41.5	2.0	49.0	10.0	9.666666666666668	11.0	10.333333333333332	2.333333333333333	0.0	2.5	6.583333333333333	16.0	2.0	20.0	1.0	11.9	15.0	9.0	0.0	4.0	1.0	3.0	3.0	4.571428571428571	28.0	2.0	1.0	5.0	22.0	0.0	6.333333333333333	10.0	2.5	497.8039039907461	6.5	2.45	13.916666666666666	2.0	17.0	0.0	4.0	8.0	5.0	7.0	3.55	3.0	7.625	3.466666666666667	12.0	4.0	1.4	19.5	1.8	5.0	2.0	1.0	17.0	3.833333333333333	4.25	3.0	17.0	1.0	6.0	2.0	14.25	2.0	3.0	3.0	16.05	6.0	9.0	14.0	4.0	42.2	5.0	8.860714285714286	1.0	6.0	17.1	8.0	18.392857142857142	0.0	4.0	0.0	6.083333333333333	2.5	13.333333333333332	46.0	5.0	1.0	12.866666666666667	1.3333333333333333	2.333333333333333	14.0	5.0	3.0	0.0	0.0	13.0	6.7	2.0	16.0	5.833333333333333	2.0	1.0	2.4166666666666665	5.5	6.0	10.0	19.3	5.0	1.4	5.0	5.0	6.0	4.0	2.5	19.666666666666664	6.166666666666667	14.083333333333334	13.13888888888889	1.0	4.333333333333333	9.0	14.416666666666668	8.0	21.833333333333332	3.0	3.0	4.0	25.1	22.0	19.25	38.833333333333336	51.9	166.59285714285716	1.5	10.683333333333334	14.1	4.4	4.0	8.0	7.0	4.0	19.5	24.0	17.0	8.25	2.0	62.848484848484844	2.0	2.0	3.0	7.0	34.666666666666664	12.0	8.333333333333332	5.0	0.0	0.0	0.0	16.8	45.0	4.25	18.0	4.6	5.75	20.833333333333332	3.5	1.5	2.0	12.0	5.0	5.0	6.0	1.0	1.0	0.0	0.0	2.5	2.0	0.0	0.0	0.0	0.0	0.0	1.0	22.0	22.0	2.5	7.0	2.4	2.0	0.0	1.0	1.0	22.0	9.0	3.0	2.0	1.0	1.5	1.5	0.0	22.0	5.0	5.0	5.75	2.0	4.0	1.3333333333333333	0.0	7.0	1.0	10.0	1.0	7.0	7.0	15.0	2.0	2.0	2.0	2.5	1.25	2.0	1.0	1.9	3.0	0.0	4.0	5.0	3.0	10.0	1.0	9.0	10.625	3.0	3.0	2.0	2.0	2.5	22.5	8.0	0.0	2.6666666666666665	0.0	6.25	0.0	3.0	22.0	2.25	2.0	2.0	2.2857142857142856	3.5	3.272727272727273	2.6666666666666665	3.0	1.0	3.0	1.75	1.25	1.3333333333333333	6.75	8.0	0.0	1.8	1.0	0.0	0.0	0.0	3.0	1.0	6.0	2.0	2.0	2.0	3.5	4.0	1.0	5.0	4.222222222222222	3.5	2.0	9.5	2.0	4.0	1.6666666666666667	0.0	1.0	17.333333333333332	2.75	3.333333333333333	3.333333333333333	3.333333333333333	1.0	4.0	0.0	1.0	4.0	1.5	17.0	1.75	2.5	12.666666666666666	0.0	15.0	9.0	1.8333333333333333	2.0	11.5	2.0	1.0	2.0	4.0	2.5	11.5	2.333333333333333	2.0	2.333333333333333	1.75	11.5	1.3333333333333333	0.0	0.0	0.0	2.0	1.0	3.0	2.0	1.0	4.0	0.0	9.0	2.2	8.925925925925926	1.5	2.0	3.0	2.0	13.0	0.0	1.0	13.0	22.0	0.0	2.5	6.0	0.0	1.5	2.5	1.75	7.666666666666667	2.0	2.0	1.0	7.0	3.0	1.0	1.6666666666666667	1.75	1.6666666666666667	0.0	1.0	2.0	0.0	4.0	1.8	2.0	3.0	2.333333333333333	1.0	1.6666666666666667	1.5	1.0	1.0	8.0	3.142857142857143	5.0	3.0	1.6666666666666667	0.0	10.0	2.0	0.0	6.5	4.666666666666667	3.0	6.833333333333333	6.0	0.0	17.0	0.0	1.0	2.5	1.5	8.5	5.0	1.5	2.0	3.0	1.0	15.0	22.0	2.5	5.5	0.0	2.0	0.0	0.0	11.428571428571429	13.0	1.5	2.0	3.0	2.0	7.25	1.0	1.5	1.5	1.0	1.0	2.0	1.0	3.0	6.0	0.0	2.5	1.0	1.0	2.5	1.0	5.0	0.0	4.0	2.5	1.6666666666666667	0.0	5.0	0.0	2.5	0.0	8.0	1.0	3.5
SAC_En	SAC	En	0.0	0.0	0.0	1.0	0.0	0.0	0.0	0.0	0.0	0.0	0.0	1.0	0.0	0.0	0.0	0.0	0.0	0.0	0.0	0.0	0.0	1.0	0.0	0.0	0.0	0.0	0.0	0.0	0.0	0.0	0.0	0.0	0.0	0.0	0.0	0.0	0.0	0.0	0.0	0.0	0.0	0.0	0.0	0.0	0.0	0.0	0.0	0.0	3.0	0.0	0.0	0.0	0.0	2.0	0.0	1.0	0.0	0.0	0.0	0.0	0.0	0.0	0.0	0.0	0.0	0.0	0.0	0.0	1.0	2.0	0.0	3.0	0.0	1.0	0.0	0.0	0.0	0.0	0.0	0.0	0.0	0.0	0.0	0.0	0.0	0.0	0.0	0.0	0.0	0.0	0.0	0.0	0.0	0.0	0.0	0.0	0.0	1.0	0.0	0.0	0.0	0.0	11.0	0.0	0.0	0.0	0.0	0.0	0.0	0.0	0.0	0.0	1.0	0.0	0.0	0.0	0.0	0.0	0.0	0.0	0.0	0.0	0.0	0.0	0.0	1.0	1.0	0.0	0.0	1.0	0.0	0.0	0.0	0.0	0.0	0.0	0.0	0.0	0.0	1.0	0.0	0.0	1.0	0.0	1.0	0.0	0.0	0.0	0.0	0.0	0.0	0.0	0.0	0.0	0.0	1.0	0.0	0.0	0.0	0.0	0.0	0.0	0.0	0.0	0.0	0.0	0.0	0.0	0.0	0.0	0.0	0.0	0.0	0.0	0.0	0.0	2.0	0.0	0.0	0.0	0.0	0.0	0.0	0.0	0.0	1.0	0.0	0.0	0.0	0.0	0.0	0.0	0.0	1.0	0.0	0.0	0.0	0.0	0.0	0.0	1.0	1.0	3.0	0.0	7.0	0.0	0.0	0.0	0.0	0.0	0.0	0.0	0.0	0.0	1.0	1.0	0.0	0.0	2.0	0.0	0.0	0.0	0.0	1.0	0.0	0.0	0.0	1.0	1.0	0.0	0.0	0.0	0.0	1.0	0.0	0.0	1.0	0.0	0.0	0.0	0.0	0.0	0.0	0.0	0.0	0.0	0.0	0.0	0.0	0.0	0.0	0.0	0.0	0.0	0.0	0.0	1.0	1.0	0.0	0.0	0.0	1.0	0.0	0.0	0.0	1.0	0.0	0.0	0.0	0.0	0.0	0.0	0.0	1.0	0.0	0.0	1.0	0.0	0.0	0.0	0.0	0.0	0.0	0.0	0.0	0.0	0.0	0.0	0.0	1.0	0.0	0.0	0.0	0.0	0.0	0.0	0.0	0.0	0.0	0.0	0.0	0.0	0.0	0.0	0.0	0.0	0.0	0.0	0.0	0.0	0.0	0.0	0.0	0.0	0.0	0.0	0.0	0.0	1.0	0.0	0.0	0.0	0.0	0.0	0.0	0.0	0.0	0.0	1.0	0.0	0.0	0.0	0.0	0.0	0.0	0.0	0.0	0.0	0.0	0.0	0.0	0.0	0.0	0.0	0.0	0.0	0.0	0.0	0.0	0.0	0.0	0.0	0.0	1.0	0.0	1.0	0.0	0.0	0.0	1.0	0.0	0.0	0.0	0.0	0.0	0.0	0.0	0.0	0.0	0.0	1.0	0.0	0.0	0.0	0.0	0.0	0.0	0.0	0.0	1.0	0.0	0.0	0.0	0.0	0.0	0.0	0.0	0.0	0.0	0.0	0.0	0.0	0.0	0.0	0.0	0.0	0.0	0.0	0.0	0.0	0.0	0.0	0.0	0.0	0.0	0.0	1.0	0.0	0.0	0.0	0.0	0.0	0.0	1.0	0.0	0.0	0.0	0.0	0.0	0.0	0.0	0.0	0.0	0.0	0.0	0.0	0.0	0.0	0.0	0.0	0.0	0.0	0.0	0.0	0.0	1.0	0.0	1.0	0.0	1.0	0.0	0.0	0.0	0.0	0.0	0.0	0.0	0.0	1.0	0.0	0.0	0.0	0.0	0.0	1.0	0.0	1.0	0.0	0.0	0.0	1.0	0.0	0.0	0.0	0.0	0.0	0.0	0.0	0.0	0.0	0.0	0.0	1.0	0.0	0.0	0.0	0.0	0.0	0.0	0.0	0.0	0.0	0.0	0.0	0.0	0.0	0.0	0.0	0.0	0.0	0.0	0.0	0.0	0.0	0.0	1.0	0.0	0.0	0.0	0.0	0.0	0.0	0.0	0.0	0.0	0.0	0.0	0.0	0.0	0.0	0.0	0.0	0.0	0.0
SAC_Es	SAC	Es	0.0	0.0	0.0	0.0	0.0	0.0	0.0	0.0	0.0	0.0	0.0	0.0	0.0	0.0	0.0	0.0	0.0	0.0	0.0	0.0	0.0	0.0	0.0	0.0	0.0	0.0	0.0	0.0	0.0	0.0	0.0	0.0	0.0	0.0	0.0	0.0	0.0	0.0	0.0	0.0	0.0	0.0	0.0	0.0	0.0	0.0	0.0	0.0	0.0	0.0	0.0	0.0	0.0	0.0	0.0	0.0	0.0	0.0	0.0	1.0	0.0	0.0	0.0	0.0	0.0	0.0	0.0	0.0	0.0	0.0	0.0	0.0	0.0	0.0	0.0	0.0	0.0	0.0	0.0	0.0	0.0	0.0	0.0	0.0	0.0	0.0	0.0	0.0	0.0	0.0	0.0	0.0	0.0	0.0	0.0	0.0	0.0	0.0	0.0	0.0	0.0	0.0	0.0	0.0	0.0	0.0	0.0	0.0	0.0	0.0	0.0	0.0	0.0	0.0	0.0	0.0	0.0	0.0	0.0	0.0	0.0	0.0	0.0	0.0	0.0	0.0	0.0	0.0	0.0	0.0	0.0	0.0	0.0	0.0	0.0	0.0	0.0	0.0	0.0	0.0	0.0	0.0	0.0	0.0	0.0	0.0	0.0	0.0	0.0	0.0	0.0	0.0	0.0	0.0	0.0	0.0	0.0	0.0	0.0	0.0	0.0	0.0	0.0	0.0	0.0	0.0	0.0	0.0	0.0	0.0	0.0	0.0	0.0	0.0	0.0	0.0	0.0	0.0	0.0	0.0	0.0	0.0	0.0	0.0	0.0	0.0	0.0	0.0	0.0	0.0	0.0	0.0	0.0	0.0	0.0	0.0	0.0	0.0	0.0	0.0	0.0	0.0	0.0	0.0	5.0	0.0	0.0	0.0	0.0	0.0	0.0	0.0	0.0	0.0	0.0	0.0	0.0	0.0	0.0	0.0	0.0	0.0	0.0	0.0	0.0	0.0	0.0	0.0	0.0	0.0	0.0	0.0	0.0	0.0	0.0	0.0	0.0	0.0	0.0	0.0	0.0	0.0	0.0	0.0	0.0	0.0	0.0	0.0	0.0	0.0	0.0	0.0	0.0	0.0	0.0	0.0	0.0	0.0	0.0	0.0	0.0	0.0	0.0	0.0	0.0	0.0	0.0	0.0	1.0	0.0	0.0	0.0	0.0	0.0	0.0	0.0	0.0	0.0	0.0	0.0	0.0	0.0	0.0	0.0	0.0	0.0	0.0	0.0	0.0	0.0	0.0	0.0	0.0	0.0	0.0	0.0	0.0	0.0	0.0	0.0	0.0	0.0	0.0	0.0	0.0	0.0	0.0	0.0	0.0	0.0	0.0	0.0	0.0	0.0	0.0	0.0	0.0	0.0	0.0	0.0	0.0	0.0	0.0	0.0	0.0	0.0	0.0	0.0	0.0	0.0	0.0	0.0	0.0	0.0	0.0	0.0	0.0	0.0	0.0	0.0	0.0	0.0	0.0	0.0	0.0	0.0	0.0	0.0	0.0	0.0	0.0	0.0	0.0	0.0	0.0	0.0	0.0	0.0	0.0	0.0	0.0	0.0	0.0	0.0	0.0	0.0	0.0	0.0	0.0	0.0	0.0	0.0	0.0	0.0	0.0	0.0	0.0	0.0	0.0	0.0	0.0	0.0	0.0	0.0	0.0	0.0	0.0	0.0	0.0	0.0	0.0	0.0	0.0	0.0	0.0	0.0	0.0	0.0	0.0	0.0	0.0	0.0	0.0	0.0	0.0	0.0	0.0	0.0	0.0	0.0	0.0	0.0	0.0	0.0	0.0	0.0	0.0	0.0	0.0	0.0	0.0	0.0	0.0	0.0	0.0	0.0	0.0	0.0	0.0	0.0	0.0	0.0	0.0	0.0	0.0	0.0	0.0	0.0	0.0	0.0	0.0	0.0	0.0	0.0	0.0	0.0	0.0	0.0	0.0	0.0	0.0	0.0	0.0	0.0	0.0	0.0	0.0	0.0	0.0	0.0	0.0	0.0	0.0	0.0	0.0	0.0	0.0	0.0	0.0	0.0	0.0	0.0	0.0	0.0	0.0	0.0	0.0	0.0	0.0	0.0	0.0	0.0	0.0	0.0	0.0	0.0	0.0	0.0	0.0	0.0	0.0	0.0	0.0	0.0	0.0	0.0	0.0	0.0	0.0	0.0	0.0	0.0	0.0	0.0	0.0	0.0	0.0	0.0	0.0	0.0	0.0	0.0	0.0	0.0
SAC_Kl	SAC	Kl	0.0	0.0	0.0	0.0	0.0	0.0	0.0	0.0	0.0	0.0	0.0	0.0	0.0	0.0	0.0	0.0	0.0	0.0	0.0	0.0	0.0	0.0	0.0	0.0	0.0	0.0	0.0	0.0	0.0	0.0	0.0	0.0	0.0	0.0	0.0	0.0	0.0	0.0	0.0	0.0	0.0	0.0	0.0	0.0	0.0	0.0	0.0	0.0	0.0	0.0	0.0	0.0	0.0	0.0	0.0	0.0	0.0	0.0	0.0	0.0	0.0	0.0	0.0	0.0	0.0	0.0	0.0	0.0	0.0	0.0	0.0	0.0	0.0	0.0	0.0	0.0	0.0	0.0	0.0	0.0	0.0	0.0	0.0	0.0	0.0	0.0	0.0	0.0	0.0	0.0	0.0	0.0	0.0	0.0	0.0	0.0	0.0	0.0	0.0	0.0	0.0	0.0	0.0	0.0	0.0	0.0	0.0	0.0	0.0	0.0	0.0	0.0	0.0	0.0	0.0	0.0	0.0	0.0	0.0	0.0	0.0	0.0	0.0	0.0	0.0	0.0	0.0	0.0	0.0	0.0	0.0	0.0	0.0	0.0	0.0	0.0	0.0	1.0	0.0	0.0	0.0	0.0	0.0	0.0	0.0	0.0	0.0	0.0	0.0	0.0	0.0	0.0	0.0	0.0	0.0	0.0	0.0	0.0	0.0	0.0	0.0	0.0	0.0	0.0	0.0	0.0	0.0	0.0	0.0	0.0	0.0	0.0	0.0	0.0	0.0	0.0	0.0	0.0	0.0	0.0	0.0	0.0	0.0	0.0	0.0	0.0	0.0	0.0	0.0	0.0	0.0	0.0	0.0	0.0	0.0	0.0	0.0	0.0	0.0	0.0	0.0	0.0	0.0	1.0	0.0	0.0	0.0	0.0	0.0	0.0	0.0	0.0	1.0	0.0	0.0	0.0	0.0	0.0	0.0	0.0	0.0	0.0	0.0	0.0	0.0	0.0	0.0	0.0	0.0	0.0	0.0	0.0	0.0	0.0	0.0	0.0	0.0	0.0	1.0	0.0	0.0	0.0	0.0	0.0	0.0	0.0	0.0	0.0	0.0	0.0	0.0	0.0	0.0	0.0	0.0	0.0	0.0	0.0	0.0	0.0	0.0	0.0	0.0	0.0	0.0	0.0	0.0	0.0	0.0	0.0	0.0	0.0	0.0	0.0	0.0	0.0	0.0	0.0	0.0	0.0	0.0	0.0	0.0	0.0	0.0	0.0	0.0	0.0	0.0	0.0	0.0	1.0	0.0	0.0	0.0	1.0	0.0	0.0	0.0	0.0	0.0	0.0	0.0	0.0	0.0	0.0	0.0	1.0	0.0	0.0	0.0	0.0	0.0	0.0	0.0	0.0	0.0	0.0	0.0	0.0	0.0	0.0	0.0	0.0	0.0	0.0	0.0	0.0	0.0	0.0	0.0	0.0	1.0	0.0	0.0	0.0	0.0	0.0	0.0	0.0	0.0	0.0	0.0	0.0	0.0	0.0	0.0	0.0	0.0	0.0	0.0	0.0	0.0	0.0	0.0	0.0	0.0	0.0	0.0	0.0	0.0	0.0	0.0	0.0	0.0	0.0	0.0	0.0	0.0	0.0	0.0	0.0	0.0	0.0	0.0	0.0	0.0	0.0	0.0	0.0	0.0	0.0	0.0	0.0	0.0	0.0	0.0	0.0	0.0	0.0	0.0	0.0	0.0	0.0	0.0	0.0	0.0	0.0	0.0	0.0	0.0	0.0	0.0	0.0	1.0	0.0	0.0	0.0	0.0	0.0	0.0	0.0	0.0	0.0	0.0	1.0	0.0	0.0	0.0	0.0	0.0	0.0	0.0	0.0	0.0	0.0	0.0	0.0	0.0	0.0	0.0	0.0	0.0	0.0	0.0	0.0	0.0	0.0	0.0	0.0	0.0	0.0	0.0	0.0	0.0	0.0	0.0	0.0	0.0	0.0	0.0	0.0	0.0	0.0	0.0	0.0	0.0	0.0	0.0	0.0	0.0	0.0	0.0	0.0	0.0	0.0	0.0	0.0	0.0	0.0	0.0	0.0	0.0	0.0	0.0	0.0	0.0	0.0	0.0	0.0	0.0	0.0	0.0	0.0	0.0	0.0	0.0	0.0	0.0	0.0	0.0	0.0	0.0	0.0	0.0	0.0	0.0	0.0	0.0	0.0	0.0	0.0	0.0	0.0	0.0	0.0	0.0	0.0	0.0	0.0	0.0	0.0	0.0	0.0
SAN_En	SAN	En	0.0	0.0	0.0	0.0	0.0	0.0	0.0	0.0	0.0	0.0	0.0	0.0	0.0	0.0	0.0	0.0	0.0	0.0	0.0	0.0	0.0	0.0	0.0	0.0	0.0	0.0	0.0	0.0	0.0	0.0	0.0	0.0	0.0	0.0	0.0	0.0	0.0	0.0	0.0	0.0	0.0	0.0	0.0	0.0	0.0	0.0	0.0	0.0	0.0	0.0	0.0	0.0	0.0	0.0	0.0	0.0	0.0	0.0	0.0	0.0	0.0	0.0	0.0	0.0	0.0	0.0	0.0	0.0	0.0	0.0	0.0	0.0	0.0	0.0	0.0	0.0	0.0	0.0	0.0	0.0	0.0	0.0	0.0	0.0	0.0	0.0	0.0	0.0	0.0	0.0	0.0	0.0	0.0	0.0	0.0	0.0	0.0	0.0	0.0	0.0	0.0	0.0	0.0	0.0	0.0	0.0	0.0	0.0	0.0	0.0	0.0	0.0	0.0	0.0	0.0	0.0	0.0	0.0	0.0	0.0	0.0	0.0	0.0	0.0	0.0	0.0	0.0	0.0	0.0	0.0	0.0	0.0	0.0	0.0	0.0	0.0	0.0	0.0	0.0	0.0	0.0	0.0	0.0	0.0	0.0	0.0	0.0	0.0	0.0	0.0	0.0	0.0	0.0	0.0	0.0	0.0	0.0	0.0	0.0	0.0	0.0	0.0	0.0	0.0	0.0	0.0	0.0	0.0	0.0	0.0	0.0	0.0	0.0	0.0	0.0	0.0	0.0	0.0	0.0	0.0	0.0	0.0	0.0	0.0	0.0	0.0	0.0	0.0	0.0	0.0	0.0	0.0	0.0	0.0	0.0	0.0	0.0	0.0	0.0	0.0	0.0	0.0	1.0	0.0	0.0	0.0	0.0	0.0	0.0	0.0	0.0	0.0	0.0	0.0	0.0	0.0	0.0	0.0	0.0	0.0	0.0	0.0	0.0	0.0	0.0	0.0	0.0	0.0	0.0	0.0	0.0	0.0	0.0	0.0	0.0	0.0	0.0	0.0	0.0	0.0	0.0	0.0	0.0	0.0	0.0	0.0	0.0	0.0	0.0	0.0	0.0	0.0	0.0	0.0	0.0	0.0	0.0	0.0	0.0	0.0	0.0	0.0	0.0	0.0	0.0	0.0	0.0	0.0	0.0	0.0	0.0	0.0	0.0	0.0	0.0	0.0	0.0	0.0	0.0	0.0	0.0	0.0	0.0	0.0	0.0	0.0	0.0	0.0	0.0	0.0	0.0	0.0	0.0	0.0	0.0	0.0	0.0	0.0	0.0	0.0	0.0	0.0	0.0	0.0	0.0	0.0	0.0	0.0	0.0	0.0	0.0	0.0	0.0	0.0	0.0	0.0	0.0	0.0	0.0	0.0	0.0	0.0	0.0	0.0	0.0	0.0	0.0	0.0	0.0	0.0	0.0	0.0	0.0	0.0	0.0	0.0	0.0	0.0	0.0	0.0	0.0	0.0	0.0	0.0	0.0	0.0	0.0	0.0	0.0	0.0	0.0	0.0	0.0	0.0	0.0	0.0	0.0	0.0	0.0	0.0	0.0	0.0	0.0	0.0	0.0	0.0	0.0	0.0	0.0	0.0	0.0	0.0	0.0	0.0	0.0	0.0	0.0	0.0	0.0	0.0	0.0	0.0	0.0	0.0	0.0	0.0	0.0	0.0	0.0	0.0	0.0	0.0	0.0	0.0	0.0	0.0	0.0	0.0	0.0	0.0	0.0	0.0	0.0	0.0	0.0	0.0	0.0	0.0	0.0	0.0	0.0	0.0	0.0	0.0	0.0	0.0	0.0	0.0	0.0	0.0	0.0	0.0	0.0	0.0	0.0	0.0	0.0	0.0	0.0	0.0	0.0	0.0	0.0	0.0	0.0	0.0	0.0	0.0	0.0	0.0	0.0	0.0	0.0	0.0	0.0	0.0	0.0	0.0	0.0	0.0	0.0	0.0	0.0	0.0	0.0	0.0	0.0	0.0	0.0	0.0	0.0	0.0	0.0	0.0	0.0	0.0	0.0	0.0	0.0	0.0	0.0	0.0	0.0	0.0	0.0	0.0	0.0	0.0	0.0	0.0	0.0	0.0	0.0	0.0	0.0	0.0	0.0	0.0	0.0	0.0	0.0	0.0	0.0	0.0	0.0	0.0	0.0	0.0	0.0	0.0	0.0	0.0	0.0	0.0	0.0	0.0	0.0	0.0	0.0	0.0	0.0	0.0	0.0	0.0
SAN_Es	SAN	Es	0.0	1.0	0.0	2.0	0.0	0.0	0.0	0.0	0.0	0.0	0.0	0.0	0.0	0.0	0.0	0.0	1.0	0.0	0.0	0.0	0.0	0.0	0.0	1.0	1.0	1.0	0.0	0.0	0.0	0.0	0.0	0.0	0.0	0.0	0.0	0.0	0.0	0.0	0.0	0.0	0.0	0.0	0.0	0.0	0.0	2.0	0.0	0.0	2.0	1.0	1.0	0.0	0.0	1.0	0.0	1.0	0.0	0.0	1.0	0.0	3.0	0.0	0.0	0.0	0.0	0.0	0.0	0.0	1.0	1.0	1.0	0.0	0.0	1.0	0.0	2.0	0.0	0.0	0.0	0.0	0.0	0.0	1.0	0.0	0.0	0.0	0.0	0.0	0.0	0.0	0.0	0.0	0.0	0.0	0.0	0.0	0.0	1.0	0.0	0.0	0.0	0.0	13.0	0.0	1.0	2.0	1.0	0.0	0.0	0.0	0.0	0.0	0.0	0.0	0.0	1.0	0.0	0.0	1.0	0.0	1.5	0.0	0.0	0.0	0.0	0.0	1.0	0.0	0.0	0.0	0.0	0.0	0.0	0.0	0.0	0.0	0.0	0.0	0.0	0.0	2.0	0.0	0.0	0.0	1.0	0.0	0.0	0.0	0.0	0.0	0.0	0.0	1.0	2.0	0.0	0.0	0.0	0.0	0.0	2.0	0.0	0.0	3.0	0.0	0.0	0.0	0.0	0.0	0.0	0.0	0.0	0.0	1.0	0.0	0.0	0.0	0.0	0.0	1.0	0.0	0.0	0.0	0.0	2.0	1.0	0.0	0.0	1.0	2.0	0.0	1.0	0.0	1.0	1.0	0.0	1.0	0.0	0.0	0.0	0.0	1.0	0.0	0.0	1.0	3.0	0.0	1.0	0.0	0.0	0.0	0.0	0.0	0.0	0.0	1.0	0.0	0.0	0.0	2.0	0.0	0.0	0.0	0.0	1.0	0.0	0.0	0.0	0.0	0.0	0.0	1.0	1.0	0.0	0.0	1.0	1.0	0.0	0.0	1.0	0.0	0.0	0.0	0.0	0.0	0.0	0.0	0.0	0.0	0.0	0.0	0.0	1.0	0.0	1.0	0.0	0.0	1.0	1.0	1.0	0.0	0.0	0.0	0.0	0.0	0.0	1.0	1.0	0.0	0.0	0.0	0.0	0.0	0.0	1.0	0.0	0.0	0.0	1.0	1.0	0.0	0.0	0.0	0.0	0.0	0.0	0.0	0.0	0.0	0.0	0.0	0.0	0.0	0.0	0.0	0.0	0.0	0.0	0.0	1.0	0.0	0.0	0.0	0.0	0.0	0.0	2.0	0.0	0.0	0.0	0.0	0.0	0.0	0.0	0.0	0.0	0.0	0.0	0.0	1.0	1.0	0.0	0.0	0.0	0.0	0.0	0.0	0.0	0.0	0.0	1.0	0.0	0.0	0.0	0.0	0.0	0.0	0.0	0.0	0.0	0.0	0.0	0.0	0.0	0.0	1.0	1.0	0.0	1.0	0.0	1.0	0.0	0.0	0.0	0.0	0.0	0.0	0.0	0.0	0.0	0.0	0.0	0.0	0.0	0.0	0.0	1.0	0.0	0.0	1.0	0.0	0.0	0.0	0.0	0.0	0.0	0.0	1.0	0.0	0.0	1.0	0.0	0.0	0.0	0.0	0.0	0.0	0.0	0.0	0.0	0.0	0.0	0.0	0.0	0.0	0.0	0.0	0.0	0.0	0.0	1.0	2.0	0.0	0.0	0.0	1.0961538461538465	0.0	0.0	0.0	0.0	0.0	0.0	0.0	0.0	1.0	0.0	0.0	0.0	0.0	0.0	0.0	0.0	0.0	0.0	0.0	0.0	0.0	0.0	0.0	0.0	0.0	0.0	0.0	0.0	0.0	0.0	0.0	0.0	0.0	0.0	0.0	1.0	0.0	0.0	1.0	1.0	0.0	0.0	0.0	0.0	0.0	0.0	0.0	0.0	0.0	0.0	0.0	0.0	1.0	1.0	0.0	0.0	0.0	0.0	0.0	0.0	0.0	0.0	0.0	0.0	0.0	0.0	0.0	1.0	0.0	0.0	0.0	1.0	0.0	0.0	0.0	0.0	1.0	0.0	0.0	0.0	1.0	0.0	0.0	0.0	0.0	0.0	0.0	0.0	0.0	0.0	0.0	0.0	0.0	0.0	0.0	0.0	0.0	0.0	0.0	0.0	0.0	0.0	0.0	0.0	0.0	0.0	0.0	0.0	0.0
SAN_Kl	SAN	Kl	0.0	0.0	0.0	0.0	0.0	0.0	0.0	0.0	0.0	0.0	0.0	0.0	0.0	0.0	0.0	0.0	0.0	0.0	0.0	0.0	0.0	0.0	0.0	0.0	0.0	0.0	0.0	0.0	0.0	0.0	0.0	0.0	0.0	0.0	0.0	0.0	0.0	0.0	0.0	0.0	0.0	0.0	0.0	0.0	0.0	0.0	0.0	0.0	0.0	0.0	0.0	0.0	0.0	0.0	0.0	0.0	0.0	0.0	0.0	0.0	0.0	1.0	0.0	0.0	0.0	0.0	0.0	0.0	0.0	0.0	0.0	0.0	0.0	0.0	0.0	0.0	0.0	0.0	0.0	0.0	0.0	0.0	0.0	0.0	0.0	0.0	0.0	0.0	0.0	0.0	0.0	0.0	1.0	0.0	0.0	0.0	0.0	0.0	0.0	0.0	0.0	0.0	0.0	0.0	0.0	0.0	0.0	0.0	0.0	0.0	0.0	0.0	0.0	0.0	0.0	0.0	0.0	0.0	0.0	0.0	0.0	0.0	0.0	0.0	0.0	0.0	0.0	0.0	0.0	0.0	0.0	0.0	0.0	0.0	0.0	0.0	0.0	0.0	0.0	0.0	0.0	0.0	0.0	0.0	0.0	0.0	0.0	0.0	0.0	0.0	0.0	0.0	0.0	0.0	0.0	0.0	0.0	0.0	0.0	0.0	0.0	0.0	0.0	0.0	0.0	0.0	0.0	0.0	0.0	0.0	0.0	0.0	0.0	0.0	0.0	0.0	0.0	0.0	0.0	0.0	0.0	0.0	0.0	0.0	0.0	0.0	0.0	0.0	0.0	0.0	0.0	0.0	0.0	0.0	0.0	0.0	0.0	0.0	0.0	0.0	0.0	0.0	0.0	0.0	0.0	0.0	0.0	0.0	0.0	0.0	0.0	0.0	0.0	0.0	0.0	0.0	0.0	0.0	0.0	0.0	0.0	0.0	0.0	0.0	0.0	0.0	0.0	0.0	0.0	0.0	0.0	0.0	0.0	0.0	0.0	0.0	0.0	0.0	0.0	0.0	0.0	0.0	0.0	0.0	0.0	0.0	0.0	0.0	0.0	0.0	0.0	0.0	0.0	0.0	0.0	0.0	0.0	0.0	0.0	0.0	0.0	0.0	0.0	0.0	0.0	0.0	0.0	0.0	0.0	0.0	0.0	0.0	0.0	0.0	0.0	0.0	0.0	0.0	0.0	0.0	0.0	0.0	0.0	0.0	0.0	0.0	0.0	0.0	0.0	0.0	0.0	0.0	0.0	0.0	0.0	0.0	0.0	0.0	0.0	0.0	0.0	0.0	0.0	0.0	0.0	0.0	0.0	0.0	0.0	0.0	0.0	0.0	0.0	0.0	0.0	0.0	0.0	0.0	0.0	0.0	0.0	0.0	0.0	0.0	0.0	0.0	0.0	0.0	0.0	0.0	0.0	0.0	0.0	0.0	0.0	0.0	0.0	0.0	0.0	0.0	0.0	0.0	0.0	0.0	0.0	0.0	0.0	0.0	0.0	0.0	0.0	0.0	0.0	0.0	0.0	0.0	0.0	0.0	0.0	0.0	0.0	0.0	0.0	0.0	0.0	0.0	0.0	0.0	0.0	0.0	0.0	0.0	0.0	0.0	0.0	0.0	0.0	0.0	0.0	0.0	0.0	0.0	0.0	0.0	0.0	0.0	0.0	0.0	0.0	0.0	0.0	0.0	0.0	0.0	0.0	0.0	0.0	0.0	0.0	0.0	0.0	0.0	0.0	0.0	0.0	0.0	0.0	0.0	0.0	0.0	0.0	0.0	0.0	0.0	0.0	0.0	0.0	0.0	0.0	0.0	0.0	0.0	0.0	0.0	0.0	0.0	0.0	0.0	0.0	0.0	0.0	0.0	0.0	0.0	0.0	0.0	0.0	0.0	0.0	0.0	0.0	0.0	0.0	0.0	0.0	0.0	0.0	0.0	0.0	0.0	0.0	0.0	0.0	0.0	0.0	0.0	0.0	0.0	0.0	0.0	0.0	0.0	0.0	0.0	0.0	0.0	0.0	0.0	0.0	0.0	0.0	0.0	0.0	0.0	0.0	0.0	0.0	0.0	0.0	0.0	0.0	0.0	0.0	0.0	0.0	0.0	0.0	0.0	0.0	0.0	0.0	0.0	0.0	0.0	0.0	0.0	0.0	0.0	0.0	0.0	0.0	0.0	0.0	0.0	0.0	0.0	0.0	0.0	0.0	0.0	0.0	0.0	0.0	0.0
