"ID","Species","City","AST.based.group","flia","espx6","tssc","tssf","senb","ybtt","ybtq","ybtu","ybts","irp2","cyca","papc","sila","ompr","espx5","irp1","hlya","merr","vipbtssc","rhspaar","ARO.3000167","ARO.3002847","fliq","flha","flii","mrkb","enta","fepa","ARO.3004122","ARO.3000174","ARO.3003209","oqxa6","oqxa10","ARO.3005010","Collection_date","included"
"S1","Enterobacter hormaechei","mysterious","3GC-resistant",1,0,0,0,0,0,0,0,0,0,1,0,1,1,0,0,0,1,1,0,0,0,1,1,1,0,0,0,0,0,0,1,0,0,0,"0"
"S2","Enterobacter hormaechei","mysterious","CP CRE",1,0,0,0,0,0,0,0,0,0,1,0,1,1,0,0,0,1,1,0,0,0,1,1,1,0,0,0,0,0,0,1,0,0,0,"0"
"S3","Enterobacter hormaechei","mysterious","CP CRE",1,0,0,0,0,0,0,0,0,0,1,0,1,1,0,0,0,0,0,0,0,0,1,1,1,0,0,0,0,0,0,1,0,1,0,"0"
"S4","Enterobacter hormaechei","mysterious","CP CRE",1,0,0,0,0,0,0,0,0,0,1,0,1,1,0,0,0,1,1,0,0,0,1,1,1,0,1,0,0,0,0,0,0,0,0,"0"
"S5","Enterobacter hormaechei","mysterious","CP CRE",1,0,0,0,0,0,0,0,0,0,1,0,1,1,0,0,0,0,1,0,0,0,1,1,1,0,0,0,0,0,0,1,0,0,0,"0"
"S6","Enterobacter hormaechei","mysterious","CP CRE",1,0,0,0,0,0,0,0,0,0,1,0,1,1,0,0,0,0,0,0,0,0,1,1,1,0,0,0,0,0,0,0,0,0,0,"0"
"S7","Enterobacter hormaechei","mysterious","CP CRE",1,0,0,0,0,0,0,0,0,0,1,0,1,1,0,0,0,0,1,0,0,0,1,1,1,0,0,0,0,0,0,1,0,0,0,"0"
"S8","Enterobacter hormaechei","mysterious","CP CRE",1,0,0,0,0,0,0,0,0,0,1,0,1,1,0,0,0,1,0,0,0,0,1,1,1,0,0,0,0,1,0,1,0,0,0,"0"
"S9","Escherichia coli","mysterious","3GC-resistant",1,0,0,0,0,1,1,0,1,1,0,0,0,1,0,1,0,0,0,0,0,0,1,1,1,0,0,1,0,0,0,0,0,0,0,"0"
"S10","Escherichia coli","mysterious","CP CRE",1,0,1,1,0,0,0,0,0,0,1,0,0,1,1,0,0,0,0,0,1,0,1,1,1,0,0,1,0,0,0,0,0,0,0,"0"
"S11","Escherichia coli","mysterious","CP CRE",1,0,0,0,0,1,1,0,1,1,1,1,0,1,1,1,1,1,0,0,0,0,1,1,1,0,0,1,0,0,0,0,0,0,0,"0"
"S12","Escherichia coli","mysterious","CP CRE",1,0,0,0,1,1,1,0,1,1,0,0,0,1,0,1,0,0,0,0,0,0,1,1,1,0,0,1,0,0,0,0,0,0,0,"0"
"S13","Escherichia coli","mysterious","CP CRE",1,0,1,1,0,1,1,0,1,1,1,1,0,1,1,1,0,0,0,1,0,0,1,1,1,0,0,1,0,0,0,0,0,0,0,"0"
"S14","Escherichia coli","mysterious","CP CRE",1,0,1,1,0,1,1,0,1,1,1,0,0,1,1,1,0,0,0,1,0,0,1,1,1,0,0,1,0,0,0,0,0,0,0,"0"
"S15","Escherichia coli","mysterious","CP CRE",1,0,1,1,0,1,1,0,1,1,1,1,0,1,1,1,0,0,0,1,1,0,1,1,1,0,0,1,0,0,0,0,0,0,0,"0"
"S16","Escherichia coli","mysterious","CP CRE",1,0,1,1,0,1,1,0,1,1,1,0,0,1,1,1,0,0,0,1,1,0,1,1,1,0,0,1,0,0,0,0,0,0,0,"0"
"S17","Escherichia coli","mysterious","CP CRE",1,0,0,0,1,1,1,0,1,1,1,0,0,1,0,1,0,0,0,0,0,0,1,1,1,0,0,1,0,0,0,0,0,0,0,"0"
"S18","Escherichia coli","mysterious","CP CRE",1,1,1,1,0,1,1,0,1,1,1,0,0,1,1,1,0,1,0,0,0,0,1,1,1,0,0,1,0,0,0,0,0,0,0,"0"
"S19","Escherichia coli","mysterious","CP CRE",1,0,1,1,0,1,1,0,1,1,1,0,0,1,1,1,0,1,0,1,0,0,1,1,1,0,0,1,0,0,0,0,0,0,0,"0"
"S20","Escherichia coli","mysterious","CP CRE",1,0,0,0,0,1,1,0,1,1,0,1,0,1,0,1,1,0,0,0,0,0,1,1,1,0,0,1,0,0,0,0,0,0,0,"0"
"S21","Escherichia coli","mysterious","CP CRE",1,0,1,1,0,0,0,0,0,0,1,0,0,1,1,0,0,0,0,0,0,0,1,1,1,0,0,1,0,0,0,0,0,0,0,"0"
"S22","Escherichia coli","mysterious","Non-CP CRE",1,0,1,1,0,0,0,0,0,0,1,0,0,1,1,0,0,0,0,1,0,0,1,1,1,0,0,1,0,0,0,0,0,0,0,"0"
"S23","Klebsiella pneumoniae","mysterious","3GC-resistant",0,0,0,1,0,0,0,0,0,0,1,0,1,1,0,0,0,0,1,0,0,0,0,0,0,1,1,1,1,0,0,0,0,0,0,"0"
"S24","Klebsiella pneumoniae","mysterious","3GC-resistant",0,0,0,1,0,0,0,0,0,0,1,0,1,1,0,0,0,1,1,0,0,0,0,0,0,1,1,1,1,0,0,0,0,0,0,"0"
"S25","Klebsiella pneumoniae","mysterious","3GC-resistant",0,0,0,1,0,0,0,0,0,0,1,0,1,1,0,0,0,1,1,0,0,0,0,0,0,1,1,1,1,0,0,0,0,0,0,"0"
"S26","Klebsiella pneumoniae","mysterious","3GC-resistant",0,0,0,1,0,1,1,0,1,1,1,0,1,1,0,1,0,0,1,0,0,0,0,0,0,1,0,0,1,0,0,0,0,0,0,"0"
"S27","Klebsiella pneumoniae","mysterious","3GC-resistant",0,0,0,1,0,0,0,0,0,0,1,0,1,1,0,0,0,0,1,0,0,0,0,0,0,1,1,1,1,0,0,0,0,0,0,"0"
"S28","Klebsiella pneumoniae","mysterious","3GC-resistant",0,0,0,1,0,0,0,0,0,0,1,0,1,1,0,0,0,0,1,0,0,0,0,0,0,1,1,1,1,0,0,0,0,0,0,"0"
"S29","Klebsiella pneumoniae","mysterious","3GC-resistant",0,0,0,1,0,0,0,0,0,0,1,0,1,1,0,0,0,0,1,0,0,0,0,0,0,1,1,1,1,0,0,0,0,0,0,"0"
"S30","Klebsiella pneumoniae","mysterious","3GC-susceptible",0,0,0,1,0,1,1,0,1,1,1,0,0,1,0,1,0,0,1,0,0,0,0,0,0,1,1,1,1,0,0,0,1,0,0,"0"
"S31","Klebsiella pneumoniae","mysterious","3GC-susceptible",0,0,0,1,0,1,1,0,1,1,1,0,1,1,0,1,0,0,1,0,0,0,0,0,0,1,1,1,1,0,0,0,0,0,0,"0"
"S32","Klebsiella pneumoniae","mysterious","3GC-susceptible",0,0,0,1,0,1,1,0,1,1,1,0,1,1,0,1,0,0,1,0,0,0,0,0,0,1,1,1,1,0,0,0,0,0,0,"0"
"S33","Klebsiella pneumoniae","mysterious","3GC-susceptible",0,0,0,1,0,0,0,0,0,0,1,0,1,1,0,0,0,0,1,0,0,0,0,0,0,1,1,1,1,0,0,0,0,0,0,"0"
"S34","Klebsiella pneumoniae","mysterious","3GC-susceptible",0,0,0,1,0,1,1,0,1,1,1,0,1,1,0,1,0,1,1,0,0,0,0,0,0,1,1,1,1,0,0,0,0,0,0,"0"
"S35","Klebsiella pneumoniae","mysterious","3GC-susceptible",0,0,0,1,0,0,0,0,0,0,1,0,0,1,0,0,0,0,1,0,0,0,0,0,0,1,1,1,1,0,0,0,0,0,0,"0"
"S36","Klebsiella pneumoniae","mysterious","3GC-susceptible",0,0,0,1,0,0,0,0,0,0,1,0,0,1,0,0,0,0,1,0,0,0,0,0,0,1,1,1,1,0,0,0,0,0,0,"0"
"S37","Klebsiella pneumoniae","mysterious","3GC-susceptible",0,0,0,1,0,0,0,0,0,0,1,0,1,1,0,0,0,0,1,0,0,0,0,0,0,1,1,1,1,0,0,0,0,0,0,"0"
"S38","Klebsiella pneumoniae","mysterious","3GC-susceptible",0,0,0,1,0,1,1,0,1,1,1,0,0,1,0,1,0,0,1,0,0,0,0,0,0,1,1,1,1,0,0,0,0,0,0,"0"
"S39","Klebsiella pneumoniae","mysterious","3GC-susceptible",0,0,0,0,0,1,1,0,1,1,1,0,1,1,0,1,0,0,0,0,0,0,0,0,0,1,1,1,1,0,0,0,0,0,0,"0"
"S40","Klebsiella pneumoniae","mysterious","CP CRE",0,0,0,1,0,1,1,1,1,1,1,0,0,1,0,0,0,0,1,0,0,0,0,0,0,1,1,1,1,0,0,0,0,0,0,"0"
"S41","Klebsiella pneumoniae","mysterious","CP CRE",0,0,0,1,0,0,0,0,0,0,1,0,1,1,0,0,0,0,1,0,1,0,0,0,0,1,1,1,1,0,0,0,0,0,0,"0"
"S42","Klebsiella pneumoniae","mysterious","CP CRE",0,0,0,1,0,0,0,0,0,0,1,0,1,1,0,0,0,0,1,0,1,0,0,0,0,1,1,1,1,0,0,0,0,0,0,"0"
"S43","Klebsiella pneumoniae","mysterious","CP CRE",0,0,0,1,0,0,0,0,0,0,1,0,0,1,0,0,0,0,1,0,0,0,0,0,0,1,1,1,1,0,0,0,0,0,0,"0"
"S44","Klebsiella pneumoniae","mysterious","CP CRE",0,0,0,1,0,0,0,0,0,0,1,0,1,1,0,0,0,0,1,0,0,0,0,0,0,1,1,1,1,0,0,0,0,0,0,"0"
"S45","Klebsiella pneumoniae","mysterious","CP CRE",0,0,0,1,0,0,0,0,0,0,1,0,1,1,0,0,0,0,1,0,0,0,0,0,0,1,1,1,1,0,0,0,0,0,0,"0"
"S46","Klebsiella pneumoniae","mysterious","CP CRE",0,0,0,1,0,1,1,0,1,1,1,0,1,1,0,1,0,1,1,0,0,0,0,0,0,1,1,1,1,0,0,0,0,0,0,"0"
"S47","Klebsiella pneumoniae","mysterious","CP CRE",0,0,0,1,0,0,0,0,0,0,1,0,0,1,0,0,0,0,1,0,0,0,0,0,0,1,1,1,1,0,0,0,0,0,0,"0"
"S48","Klebsiella pneumoniae","mysterious","CP CRE",0,0,0,1,0,1,1,0,1,1,1,0,1,1,0,1,0,1,1,0,0,0,0,0,0,0,1,1,1,0,0,0,0,0,0,"0"
"S49","Klebsiella pneumoniae","mysterious","CP CRE",0,0,0,1,0,0,0,0,0,0,1,0,0,1,0,0,0,1,1,0,0,0,0,0,0,1,1,1,1,0,0,0,0,0,0,"0"
"S50","Klebsiella pneumoniae","mysterious","CP CRE",0,0,0,1,0,1,1,0,1,1,1,0,1,1,0,1,0,1,1,0,0,0,0,0,0,1,1,1,1,0,0,0,0,0,0,"0"
"S51","Klebsiella pneumoniae","mysterious","CP CRE",0,0,0,1,0,1,1,0,1,1,1,0,1,1,0,1,0,1,1,0,0,0,0,0,0,1,1,1,1,0,0,0,0,0,0,"0"
"S52","Klebsiella pneumoniae","mysterious","CP CRE",0,0,0,1,0,0,0,0,0,0,1,0,1,1,0,0,0,0,1,0,0,0,0,0,0,1,1,1,1,0,0,0,0,0,0,"0"
"S53","Klebsiella pneumoniae","mysterious","CP CRE",0,0,0,1,0,1,1,0,1,1,1,0,1,1,0,1,0,1,1,0,0,0,0,0,0,1,1,1,1,0,0,0,0,0,0,"0"
"S54","Klebsiella pneumoniae","mysterious","CP CRE",0,0,0,1,0,0,0,0,0,0,1,0,1,1,0,0,0,0,1,0,0,0,0,0,0,1,1,1,1,0,0,0,0,0,0,"0"
"S55","Klebsiella pneumoniae","mysterious","CP CRE",0,0,0,1,0,0,0,0,0,0,1,0,1,1,0,0,0,0,1,0,0,0,0,0,0,1,1,1,1,0,0,0,0,0,0,"0"
"S56","Klebsiella pneumoniae","mysterious","CP CRE",0,0,0,1,0,0,0,0,0,0,1,0,1,1,0,0,0,0,1,0,0,0,0,0,0,0,1,1,1,0,0,0,0,0,0,"0"
"S57","Klebsiella pneumoniae","mysterious","CP CRE",0,0,0,1,0,0,0,0,0,0,1,0,1,1,0,0,0,0,1,0,0,0,0,0,0,1,1,1,1,0,0,0,0,0,0,"0"
"S58","Klebsiella pneumoniae","mysterious","CP CRE",0,0,0,1,0,0,0,0,0,0,1,0,1,1,0,0,0,0,1,0,0,0,0,0,0,1,1,1,1,0,0,0,0,0,0,"0"
"S59","Klebsiella pneumoniae","mysterious","CP CRE",0,0,0,1,0,1,1,0,1,1,1,0,1,1,0,1,0,0,1,0,0,0,0,0,0,1,1,1,1,0,0,0,0,0,0,"0"
"S60","Klebsiella pneumoniae","mysterious","CP CRE",0,0,0,1,0,0,0,0,0,0,1,0,1,1,0,0,0,0,1,0,0,0,0,0,0,1,1,1,1,0,0,0,0,0,0,"0"
"S61","Klebsiella pneumoniae","mysterious","CP CRE",0,0,0,1,0,0,0,0,0,0,1,0,1,1,0,0,0,0,1,0,0,0,0,0,0,1,1,1,1,0,0,0,0,0,0,"0"
"S62","Klebsiella pneumoniae","mysterious","CP CRE",0,0,0,1,0,0,0,0,0,0,1,0,1,1,0,0,0,0,1,0,0,0,0,0,0,1,1,1,1,0,0,0,0,0,0,"0"
"S63","Klebsiella pneumoniae","mysterious","CP CRE",0,0,0,1,0,1,1,0,1,1,1,0,1,1,0,1,0,0,1,0,0,0,0,0,0,1,1,1,1,0,0,0,0,0,0,"0"
"S64","Klebsiella pneumoniae","mysterious","CP CRE",0,0,0,1,0,1,1,0,1,1,1,0,1,1,0,1,0,0,1,0,0,0,0,0,0,1,1,1,1,0,0,0,0,0,0,"0"
"S65","Klebsiella pneumoniae","mysterious","CP CRE",0,0,0,1,0,1,1,0,1,1,1,0,0,1,0,1,0,0,1,0,0,0,0,0,0,1,1,1,1,0,0,0,0,0,0,"0"
"S66","Klebsiella pneumoniae","mysterious","CP CRE",0,0,0,1,0,0,0,0,0,0,1,0,1,1,0,0,0,0,1,0,0,0,0,0,0,1,1,1,1,0,0,0,0,0,0,"0"
"S67","Klebsiella pneumoniae","mysterious","CP CRE",0,0,0,1,0,0,0,0,0,0,1,0,0,1,0,0,0,0,1,0,0,0,0,0,0,1,1,1,1,0,0,0,0,0,0,"0"
"S68","Klebsiella pneumoniae","mysterious","CP CRE",0,0,0,1,0,0,0,0,0,0,1,0,1,1,0,0,0,0,1,0,0,0,0,0,0,1,1,1,1,0,0,0,0,0,0,"0"
"S69","Klebsiella pneumoniae","mysterious","CP CRE",0,0,0,1,0,1,1,0,1,1,1,0,1,1,0,1,0,0,1,0,0,0,0,0,0,1,1,1,1,0,0,0,0,0,0,"0"
"S70","Klebsiella pneumoniae","mysterious","CP CRE",0,0,0,1,0,0,0,0,0,0,1,0,1,1,0,0,0,0,1,0,0,0,0,0,0,1,1,1,1,0,0,0,0,0,0,"0"
"S71","Klebsiella pneumoniae","mysterious","CP CRE",0,0,0,1,0,0,0,0,0,0,1,0,1,1,0,0,0,0,1,0,0,0,0,0,0,1,1,1,1,0,0,0,0,0,0,"0"
"S72","Klebsiella pneumoniae","mysterious","CP CRE",0,0,0,1,0,0,0,0,0,0,1,0,1,1,0,0,0,0,1,0,0,0,0,0,0,1,1,1,1,0,0,0,0,0,0,"0"
"S73","Klebsiella pneumoniae","mysterious","CP CRE",0,0,0,1,0,1,1,0,1,1,1,0,1,1,0,1,0,0,1,0,0,0,0,0,0,1,1,1,1,0,0,0,0,0,0,"0"
"S74","Klebsiella pneumoniae","mysterious","CP CRE",0,0,0,1,0,0,0,0,0,0,1,0,1,1,0,0,0,0,1,0,0,0,0,0,0,1,1,1,1,0,0,0,0,0,0,"0"
"S75","Klebsiella pneumoniae","mysterious","CP CRE",0,0,0,1,0,1,1,0,1,1,1,0,0,1,0,1,0,0,1,0,0,1,0,0,0,1,1,1,1,0,0,0,0,0,0,"0"
"S76","Klebsiella pneumoniae","mysterious","CP CRE",0,0,0,1,0,1,1,0,1,1,1,0,1,1,0,1,0,1,1,0,0,0,0,0,0,0,1,1,1,0,0,0,0,0,0,"0"
"S77","Klebsiella pneumoniae","mysterious","CP CRE",0,0,0,1,0,1,1,0,1,1,1,0,0,1,0,1,0,1,1,0,0,0,0,0,0,1,1,1,1,0,0,0,0,0,0,"0"
"S78","Klebsiella pneumoniae","mysterious","CP CRE",0,0,0,1,0,1,1,0,1,1,1,0,1,1,0,1,0,0,1,0,0,0,0,0,0,1,1,1,1,0,0,0,0,0,0,"0"
"S79","Klebsiella pneumoniae","mysterious","CP CRE",0,0,0,1,0,0,0,0,0,0,1,0,1,1,0,0,0,0,1,0,0,0,0,0,0,1,1,1,1,0,0,0,0,0,0,"0"
"S80","Klebsiella pneumoniae","mysterious","CP CRE",0,0,0,1,0,1,1,0,1,1,1,0,0,1,0,1,0,0,1,0,0,1,0,0,0,1,1,1,1,0,0,0,0,0,0,"0"
"S81","Klebsiella pneumoniae","mysterious","CP CRE",0,0,0,1,0,1,1,0,1,1,1,0,1,1,0,1,0,1,1,0,0,0,0,0,0,1,1,1,1,0,0,0,0,0,0,"0"
"S82","Klebsiella pneumoniae","mysterious","CP CRE",0,0,0,1,0,1,1,0,1,1,1,0,0,1,0,1,0,1,1,0,0,0,0,0,0,1,1,1,1,0,0,0,0,0,0,"0"
"S83","Klebsiella pneumoniae","mysterious","CP CRE",0,0,0,1,0,1,1,0,1,1,1,0,0,1,0,1,0,1,1,0,0,0,0,0,0,1,1,1,1,0,0,0,0,0,0,"0"
"S84","Klebsiella pneumoniae","mysterious","CP CRE",0,0,0,1,0,1,1,0,1,1,1,0,0,1,0,1,0,1,1,0,0,0,0,0,0,1,1,1,1,0,0,0,0,0,0,"0"
"S85","Klebsiella pneumoniae","mysterious","CP CRE",0,0,0,1,0,1,1,0,1,1,1,0,0,1,0,1,0,1,1,0,0,0,0,0,0,1,1,1,1,0,0,0,0,0,0,"0"
"S86","Klebsiella pneumoniae","mysterious","CP CRE",0,0,0,1,0,1,1,0,1,1,1,0,0,1,0,1,0,1,1,0,0,0,0,0,0,1,1,1,1,0,0,0,0,0,0,"0"
"S87","Klebsiella pneumoniae","mysterious","CP CRE",0,0,0,1,0,1,1,0,1,1,1,0,0,1,0,1,0,1,1,0,0,0,0,0,0,1,1,1,1,0,0,0,0,0,0,"0"
"S88","Klebsiella pneumoniae","mysterious","CP CRE",0,0,0,1,0,1,1,0,1,1,1,0,0,1,0,1,0,1,1,0,0,0,0,0,0,1,1,1,1,0,0,0,0,0,0,"0"
"S89","Klebsiella pneumoniae","mysterious","CP CRE",0,0,0,1,0,0,0,0,0,0,1,0,1,1,0,0,0,0,1,0,0,0,0,0,0,1,1,1,1,0,0,0,0,0,0,"0"
"S90","Klebsiella pneumoniae","mysterious","CP CRE",0,0,0,1,0,0,0,0,0,0,1,0,1,1,0,0,0,0,1,0,0,0,0,0,0,1,1,1,1,0,0,0,0,0,0,"0"
"S91","Klebsiella pneumoniae","mysterious","CP CRE",0,0,0,1,0,0,0,0,0,0,1,0,1,1,0,0,0,0,0,0,0,0,0,0,0,1,1,1,1,0,0,0,0,0,0,"0"
"S92","Klebsiella pneumoniae","mysterious","CP CRE",0,0,0,1,0,1,1,0,1,1,1,0,0,1,0,1,0,1,1,0,0,1,0,0,0,1,1,1,1,0,0,0,0,0,0,"0"
"S93","Klebsiella pneumoniae","mysterious","CP CRE",0,0,0,1,0,1,1,0,1,1,1,0,0,1,0,1,0,1,1,0,0,1,0,0,0,1,1,1,1,0,0,0,0,0,0,"0"
"S94","Klebsiella pneumoniae","mysterious","CP CRE",0,0,0,1,0,1,1,0,1,1,1,0,0,1,0,1,0,1,1,0,0,1,0,0,0,1,1,1,1,0,0,0,0,0,0,"0"
"S95","Klebsiella pneumoniae","mysterious","CP CRE",0,0,0,1,0,1,1,0,1,1,1,0,0,1,0,1,0,1,1,0,0,1,0,0,0,1,1,1,1,0,0,0,0,0,0,"0"
"S96","Klebsiella pneumoniae","mysterious","CP CRE",0,0,0,1,0,1,1,0,1,1,1,0,1,1,0,1,0,1,1,0,0,0,0,0,0,1,1,1,1,0,0,0,0,0,0,"0"
"S97","Klebsiella pneumoniae","mysterious","CP CRE",0,0,0,1,0,1,1,0,1,1,1,0,0,1,0,1,0,1,1,0,0,0,0,0,0,1,1,1,1,0,0,0,0,0,0,"0"
"S98","Klebsiella pneumoniae","mysterious","CP CRE",0,0,0,1,0,0,0,0,0,0,1,0,1,1,0,0,0,0,1,0,0,0,0,0,0,1,1,1,1,0,0,0,0,0,0,"0"
"S99","Klebsiella pneumoniae","mysterious","CP CRE",0,0,0,1,0,1,1,0,1,1,1,0,0,1,0,1,0,0,1,0,0,0,0,0,0,1,1,1,1,0,0,0,0,0,0,"0"
"S100","Klebsiella pneumoniae","mysterious","CP CRE",0,0,0,1,0,1,1,0,1,1,1,0,0,1,0,1,0,0,1,0,0,0,0,0,0,1,1,1,1,0,0,0,0,0,0,"0"
"S101","Klebsiella pneumoniae","mysterious","CP CRE",0,0,0,1,0,1,1,0,1,1,1,0,1,1,0,1,0,0,1,0,0,0,0,0,0,1,1,1,1,0,0,0,0,0,0,"0"
"S102","Klebsiella pneumoniae","mysterious","CP CRE",0,0,0,1,0,1,1,0,1,1,1,0,0,1,0,1,0,0,1,0,0,0,0,0,0,1,1,1,1,0,0,0,0,0,0,"0"
"S103","Klebsiella pneumoniae","mysterious","CP CRE",0,0,0,1,0,1,1,0,1,1,1,0,1,1,0,1,0,0,1,0,0,0,0,0,0,1,1,1,1,0,0,0,0,0,0,"0"
"S104","Klebsiella pneumoniae","mysterious","CP CRE",0,0,0,1,0,0,0,0,0,0,1,0,1,1,0,0,0,0,1,0,0,0,0,0,0,1,1,1,1,0,1,0,0,0,0,"0"
"S105","Klebsiella pneumoniae","mysterious","CP CRE",0,0,0,1,0,0,0,0,0,0,1,0,1,1,0,0,0,0,1,0,0,0,0,0,0,0,1,1,1,0,1,0,0,0,0,"0"
"S106","Klebsiella pneumoniae","mysterious","CP CRE",0,0,0,1,0,1,1,0,1,1,1,0,1,1,0,1,0,1,1,0,0,0,0,0,0,1,1,1,1,0,0,0,0,0,0,"0"
"S107","Klebsiella pneumoniae","mysterious","CP CRE",0,0,0,1,0,1,1,0,1,1,1,0,1,1,0,1,0,1,1,0,0,0,0,0,0,1,1,1,1,0,0,0,0,0,0,"0"
"S108","Klebsiella pneumoniae","mysterious","CP CRE",0,0,0,1,0,1,1,0,1,1,1,0,1,1,0,1,0,1,1,0,0,0,0,0,0,1,1,1,1,0,0,0,0,0,0,"0"
"S109","Klebsiella pneumoniae","mysterious","CP CRE",0,0,0,1,0,1,1,0,1,1,1,0,1,1,0,1,0,1,1,0,0,0,0,0,0,1,1,1,1,0,0,0,0,0,0,"0"
"S110","Klebsiella pneumoniae","mysterious","CP CRE",0,0,0,1,0,0,0,0,0,0,1,0,1,1,0,0,0,0,1,0,0,0,0,0,0,1,1,1,1,0,0,0,0,0,0,"0"
"S111","Klebsiella pneumoniae","mysterious","CP CRE",0,0,0,1,0,1,1,0,1,1,1,0,1,1,0,1,0,1,1,0,0,0,0,0,0,1,1,1,1,0,0,0,0,0,0,"0"
"S112","Klebsiella pneumoniae","mysterious","CP CRE",0,0,0,1,0,1,1,0,1,1,1,0,1,1,0,1,0,1,1,0,0,0,0,0,0,1,1,1,1,0,0,0,0,0,0,"0"
"S113","Klebsiella pneumoniae","mysterious","CP CRE",0,0,0,1,0,0,0,0,0,0,1,0,0,1,0,0,0,0,1,0,0,0,0,0,0,1,1,1,1,0,0,0,0,0,0,"0"
"S114","Klebsiella pneumoniae","mysterious","CP CRE",0,0,0,1,0,0,0,0,0,0,1,0,1,1,0,0,0,0,1,0,0,0,0,0,0,0,1,1,1,0,1,0,1,0,0,"0"
"S115","Klebsiella pneumoniae","mysterious","Non-CP CRE",0,0,0,1,0,1,1,0,1,1,1,0,0,1,0,1,0,1,1,0,0,0,0,0,0,1,1,1,1,0,0,0,0,0,0,"0"
"S116","Klebsiella pneumoniae","mysterious","Non-CP CRE",0,0,0,1,0,0,0,0,0,0,1,0,0,1,0,0,0,0,1,0,0,0,0,0,0,1,1,1,1,1,0,0,0,0,0,"0"
"S117","Klebsiella pneumoniae","mysterious","Non-CP CRE",0,0,0,1,0,0,0,0,0,0,1,0,1,1,0,0,0,0,1,0,0,0,0,0,0,1,1,1,1,0,0,0,0,0,0,"0"
"S118","Klebsiella pneumoniae","mysterious","Non-CP CRE",0,0,0,1,0,1,1,0,1,1,1,0,1,1,0,1,0,0,1,0,0,0,0,0,0,1,1,1,1,0,0,0,0,0,0,"0"
"S119","Klebsiella pneumoniae","mysterious","Non-CP CRE",0,0,0,1,0,1,1,0,1,1,1,0,1,1,0,1,0,0,1,0,0,0,0,0,0,1,1,1,1,0,0,0,0,0,0,"0"
"S120","Klebsiella pneumoniae","mysterious","Non-CP CRE",0,0,0,1,0,0,0,0,0,0,1,0,1,1,0,0,0,0,1,0,0,0,0,0,0,1,1,1,1,0,0,0,0,0,0,"0"
"S121","Klebsiella pneumoniae","mysterious","Non-CP CRE",0,0,0,1,0,1,1,0,1,1,1,0,1,1,0,1,0,0,1,0,0,0,0,0,0,1,1,1,1,0,0,0,0,0,0,"0"
"S122","Klebsiella pneumoniae","mysterious","Non-CP CRE",0,0,0,1,0,0,0,0,0,0,1,0,1,1,0,0,0,1,0,0,0,1,0,0,0,1,1,1,1,0,0,0,0,0,0,"0"
"S123","Klebsiella pneumoniae","mysterious","Non-CP CRE",0,0,0,1,1,0,0,0,0,0,1,0,0,1,0,0,0,0,1,0,0,1,0,0,0,1,1,1,1,0,0,0,0,0,0,"0"
"S124","Klebsiella pneumoniae","mysterious","Non-CP CRE",0,0,0,1,0,0,0,0,0,0,1,0,1,1,0,0,0,0,1,0,0,0,0,0,0,1,1,1,0,0,0,0,0,0,0,"0"
"S125","Klebsiella pneumoniae","mysterious","Non-CP CRE",0,0,0,1,0,1,1,0,1,1,1,0,1,1,0,1,0,1,1,0,0,0,0,0,0,1,1,1,1,0,0,0,0,0,0,"0"
"S126","Klebsiella pneumoniae","mysterious","Non-CP CRE",0,0,0,1,0,0,0,0,0,0,1,0,1,1,0,0,0,1,1,0,0,0,0,0,0,1,1,1,1,0,0,0,0,0,0,"0"
"S127","Klebsiella pneumoniae","mysterious","Non-CP CRE",0,0,0,1,0,0,0,0,0,0,1,0,0,1,0,0,0,0,1,0,0,0,0,0,0,1,1,1,1,0,0,0,0,0,0,"0"
"S128","Klebsiella pneumoniae","mysterious","Non-CP CRE",0,0,0,1,0,1,1,0,1,1,1,0,1,1,0,1,0,0,1,0,0,0,0,0,0,1,1,1,1,0,0,0,0,0,0,"0"
"S129","Klebsiella pneumoniae","mysterious","Non-CP CRE",0,0,0,1,0,0,0,0,0,0,1,0,0,1,0,0,0,0,1,0,0,0,0,0,0,1,1,1,1,0,0,0,0,0,0,"0"
"S130","Klebsiella pneumoniae","mysterious","Non-CP CRE",0,0,0,1,0,0,0,0,0,0,1,0,1,1,0,0,0,1,1,0,0,0,0,0,0,1,1,1,1,0,0,0,0,0,0,"0"
"S131","Klebsiella pneumoniae","mysterious","Non-CP CRE",0,0,0,1,0,0,0,0,0,0,1,0,1,1,0,0,0,1,1,0,0,0,0,0,0,1,0,0,1,0,0,0,0,0,0,"0"
"S132","Klebsiella pneumoniae","mysterious","Non-CP CRE",0,0,0,1,0,1,1,0,1,1,1,0,1,1,0,1,0,0,1,0,0,0,0,0,0,1,1,1,1,0,0,0,0,0,0,"0"
"S133","Klebsiella pneumoniae","mysterious","Non-CP CRE",0,0,0,1,0,0,0,0,0,0,1,0,1,1,0,0,0,0,1,0,0,0,0,0,0,1,1,1,0,0,0,0,0,0,0,"0"
"S134","Klebsiella pneumoniae","mysterious","Non-CP CRE",0,0,0,1,0,1,1,0,1,1,1,0,1,1,0,1,0,1,1,0,0,0,0,0,0,1,1,1,1,0,0,0,0,0,0,"0"
"S135","Klebsiella pneumoniae","mysterious","Non-CP CRE",0,0,0,1,0,0,0,0,0,0,1,0,1,1,0,0,0,1,1,0,0,0,0,0,0,1,1,1,1,0,0,0,0,0,0,"0"
"S136","Klebsiella pneumoniae","mysterious","Non-CP CRE",0,0,0,1,0,0,0,0,0,0,1,0,0,1,0,0,0,0,1,0,0,0,0,0,0,1,1,1,1,0,0,0,0,0,0,"0"
"S137","Klebsiella pneumoniae","mysterious","Non-CP CRE",0,0,0,1,0,0,0,0,0,0,1,0,0,1,0,0,0,0,1,0,0,0,0,0,0,1,1,1,1,0,0,0,0,0,0,"0"
"S138","Klebsiella pneumoniae","mysterious","Non-CP CRE",0,0,0,1,0,0,0,0,0,0,1,0,0,1,0,0,0,0,1,0,0,0,0,0,0,1,1,1,1,0,0,0,0,0,0,"0"
"S139","Klebsiella pneumoniae","mysterious","Non-CP CRE",0,0,0,1,0,1,1,1,0,0,1,0,0,1,0,0,0,0,1,0,0,0,0,0,0,1,1,1,1,0,1,0,0,0,0,"0"
"S140","Klebsiella pneumoniae","mysterious","Non-CP CRE",0,0,0,1,0,0,0,0,0,0,1,0,1,1,0,0,0,0,1,0,0,0,0,0,0,1,1,1,1,0,0,0,0,1,0,"0"
"S141","Klebsiella pneumoniae","mysterious","Non-CP CRE",0,0,0,1,0,1,1,0,1,1,1,0,1,1,0,1,0,1,1,0,0,0,0,0,0,1,1,1,1,0,0,0,0,0,0,"0"
"S142","Klebsiella pneumoniae","mysterious","Non-CP CRE",0,0,0,1,0,0,0,0,0,0,1,0,1,1,0,0,0,0,1,0,0,0,0,0,0,1,1,1,1,0,0,0,1,0,0,"0"
"S143","Klebsiella pneumoniae","mysterious","Non-CP CRE",0,0,0,1,0,1,1,0,1,1,1,0,0,1,0,1,0,0,1,0,0,0,0,0,0,1,1,1,1,0,0,0,0,0,0,"0"
"S144","Klebsiella pneumoniae","mysterious","Non-CP CRE",0,0,0,1,0,1,1,0,1,1,1,0,0,1,0,1,0,0,1,0,0,0,0,0,0,1,1,1,1,0,0,0,0,0,0,"0"
"S145","Klebsiella pneumoniae","mysterious","Non-CP CRE",0,0,0,1,0,0,0,0,0,0,1,0,0,1,0,0,0,0,1,0,0,0,0,0,0,1,1,1,1,0,0,0,0,0,0,"0"
"S146","Klebsiella pneumoniae","mysterious","Non-CP CRE",0,0,0,1,0,0,0,0,0,0,1,0,1,1,0,0,0,0,0,0,0,0,0,0,0,1,1,1,1,0,0,0,0,0,0,"0"
"NYC_2016_GCF_002214205.1","Escherichia coli","NYC","0",1,1,1,1,0,0,0,0,0,0,1,1,1,1,0,0,0,0,0,1,1,1,1,0,1,0,1,1,1,1,0,0,0,1,2016,"yes"
"MIN_2017_GCF_013423565.1","Escherichia coli","MIN","0",1,1,1,1,1,1,1,1,1,1,1,1,1,1,1,1,0,0,0,1,1,0,1,1,1,0,1,1,1,1,1,0,0,1,2017,"yes"
"MIN_2017_GCF_013423645.1","Escherichia coli","MIN","0",1,1,1,1,1,1,1,1,1,1,1,1,1,1,1,1,0,0,0,1,1,0,1,1,1,0,1,1,1,1,1,0,0,1,2017,"yes"
"NYC_2018_GCF_022569415.1","Escherichia coli","NYC","0",1,0,0,0,0,1,1,1,1,1,1,1,1,1,1,1,0,0,0,1,1,1,1,1,1,0,1,1,1,1,0,0,0,1,2018,"yes"
"NYC_2018_GCF_022812305.1","Escherichia coli","NYC","0",1,0,0,0,0,0,0,0,0,0,1,1,1,1,1,0,0,0,0,1,1,1,1,1,1,0,1,1,1,1,0,0,0,1,2018,"yes"
"NYC_2018_GCF_022812315.1","Escherichia coli","NYC","0",1,0,0,0,0,0,0,0,0,0,1,1,1,1,1,0,0,0,0,1,1,1,1,1,1,0,1,1,1,1,0,0,0,1,2018,"yes"
"NYC_2015_GCF_027584315.1","Escherichia coli","NYC","0",1,0,1,1,0,1,1,1,1,1,1,1,1,1,0,1,0,0,0,0,1,1,1,1,1,0,1,1,1,0,1,0,0,1,2015,"yes"
"NYC_2015_GCF_027584335.1","Escherichia coli","NYC","0",1,0,0,0,0,1,1,1,1,1,1,1,1,1,0,1,0,0,0,1,1,1,1,0,1,0,1,1,1,0,0,0,0,1,2015,"yes"
"NYC_2016_GCF_020783935.1","Enterobacter hormaechei","NYC","0",1,0,0,0,0,0,0,0,0,0,1,1,1,1,0,0,0,0,1,0,0,0,1,1,1,0,1,1,1,1,0,1,1,1,2016,"yes"
"NYC_2015_GCF_029069505.1","Enterobacter hormaechei","NYC","0",1,0,0,0,0,0,0,0,0,0,1,1,1,1,0,0,0,1,1,1,1,1,1,1,1,0,1,1,1,1,1,1,1,1,2015,"yes"
"NYC_2015_GCF_029069575.1","Enterobacter hormaechei","NYC","0",1,0,0,0,0,0,0,0,0,0,1,1,1,1,0,0,0,1,1,0,1,1,1,1,1,0,1,1,1,1,0,1,1,0,2015,"yes"
"NYC_2015_GCF_029069675.1","Enterobacter hormaechei","NYC","0",1,0,0,0,0,0,0,0,0,0,1,1,1,1,0,0,0,1,1,0,1,1,1,1,1,0,1,1,1,1,0,1,1,0,2015,"yes"
"NYC_2016_GCF_029069745.1","Enterobacter hormaechei","NYC","0",1,0,0,0,0,0,0,0,0,0,1,1,1,1,0,0,0,1,1,0,1,0,1,1,1,0,1,1,1,1,0,1,1,1,2016,"yes"
"NYC_2015_GCF_029069825.1","Enterobacter hormaechei","NYC","0",1,0,0,0,0,0,0,0,0,0,1,1,1,1,0,0,0,1,1,0,1,1,1,1,1,0,1,1,1,1,0,1,1,0,2015,"yes"
"NYC_2015_GCF_029070195.1","Enterobacter hormaechei","NYC","0",1,0,0,0,0,0,0,0,0,0,1,1,1,1,0,0,0,0,1,0,1,1,1,1,1,0,1,1,1,1,0,1,1,1,2015,"yes"
"NYC_2015_GCF_029075245.1","Enterobacter hormaechei","NYC","0",1,0,0,0,0,0,0,0,0,0,1,1,1,1,0,0,0,1,1,1,1,1,1,1,1,0,1,1,1,1,0,1,1,1,2015,"yes"
"NYC_2016_GCF_002833425.1","Klebsiella pneumoniae","NYC","0",0,0,0,0,0,0,0,0,0,0,1,1,1,1,0,0,0,1,0,0,1,0,0,0,0,1,1,1,1,1,0,1,1,1,2016,"yes"
"NYC_2016_GCF_002833445.1","Klebsiella pneumoniae","NYC","0",0,0,0,0,0,0,0,0,0,0,1,1,1,1,0,0,0,1,0,0,1,0,0,0,0,1,1,1,1,1,0,1,1,1,2016,"yes"
"NYC_2016_GCF_002833465.1","Klebsiella pneumoniae","NYC","0",0,0,0,0,0,0,0,0,0,0,1,1,1,1,0,0,0,1,0,0,1,0,0,0,0,1,1,1,1,1,0,1,1,1,2016,"yes"
"NYC_2017_GCF_002855815.1","Klebsiella pneumoniae","NYC","0",0,0,0,0,0,0,0,0,0,0,1,1,1,1,0,0,0,0,0,0,1,1,0,0,0,1,1,1,1,1,1,1,1,0,2017,"yes"
"NYC_2017_GCF_002855825.1","Klebsiella pneumoniae","NYC","0",0,0,0,0,0,0,0,0,0,0,1,1,1,1,0,0,0,0,0,0,1,0,0,0,0,1,1,1,1,1,1,1,1,0,2017,"yes"
"NYC_2017_GCF_002855915.1","Klebsiella pneumoniae","NYC","0",0,0,0,0,0,0,0,0,0,0,1,1,1,1,0,0,0,0,0,0,1,0,0,0,0,1,1,1,1,1,0,1,1,0,2017,"yes"
"NYC_2017_GCF_002855955.1","Klebsiella pneumoniae","NYC","0",0,0,0,0,0,0,0,0,0,0,1,1,1,1,0,0,0,0,0,0,1,0,0,0,0,0,0,1,1,1,1,1,1,0,2017,"yes"
"NYC_2017_GCF_002855985.1","Klebsiella pneumoniae","NYC","0",0,0,0,0,0,0,0,0,0,0,1,1,1,1,0,0,0,0,0,0,1,0,0,0,0,1,1,1,1,1,0,1,1,0,2017,"yes"
"NYC_2017_GCF_002856015.1","Klebsiella pneumoniae","NYC","0",0,0,0,0,0,0,0,0,0,0,1,1,1,1,0,0,0,0,0,0,1,0,0,0,0,1,0,1,1,1,0,1,1,1,2017,"yes"
"NYC_2017_GCF_002856025.1","Klebsiella pneumoniae","NYC","0",0,0,0,0,0,0,0,0,0,0,1,1,1,1,0,0,0,0,0,0,1,1,0,0,0,1,1,1,1,1,0,1,1,0,2017,"yes"
"NYC_2017_GCF_002856075.1","Klebsiella pneumoniae","NYC","0",0,0,0,0,0,0,0,0,0,0,1,1,1,1,0,0,0,0,0,0,1,0,0,0,0,1,1,1,1,1,0,1,1,0,2017,"yes"
"NYC_2017_GCF_002856155.1","Klebsiella pneumoniae","NYC","0",0,0,0,0,0,0,0,0,0,0,1,1,1,1,0,0,0,0,0,0,1,0,0,0,0,1,1,1,1,1,0,1,1,0,2017,"yes"
"NYC_2017_GCF_002856185.1","Klebsiella pneumoniae","NYC","0",0,0,0,0,0,0,0,0,0,0,1,1,1,1,0,0,0,0,0,0,1,1,0,0,0,1,1,1,1,1,0,1,1,0,2017,"yes"
"NYC_2016_GCF_002856235.1","Klebsiella pneumoniae","NYC","0",0,0,0,0,0,0,0,0,0,0,1,1,1,1,0,0,0,0,0,0,1,0,0,0,0,1,1,1,1,1,0,1,1,0,2016,"yes"
"NYC_2017_GCF_002856315.1","Klebsiella pneumoniae","NYC","0",0,0,0,0,0,0,0,0,0,0,1,1,1,1,0,0,0,0,0,0,1,1,0,0,0,1,1,1,1,1,0,1,1,0,2017,"yes"
"NYC_2017_GCF_002856325.1","Klebsiella pneumoniae","NYC","0",0,0,0,0,0,0,0,0,0,0,1,0,1,1,0,0,0,0,0,0,1,1,0,0,0,1,1,1,1,1,0,1,1,0,2017,"yes"
"NYC_2017_GCF_002856385.1","Klebsiella pneumoniae","NYC","0",0,0,0,0,0,0,0,0,0,0,1,1,1,1,0,0,0,0,0,0,1,0,0,0,0,1,1,1,1,1,0,1,1,0,2017,"yes"
"NYC_2017_GCF_002856395.1","Klebsiella pneumoniae","NYC","0",0,0,0,0,0,0,0,0,0,0,1,1,1,1,0,0,0,0,0,0,1,0,0,0,0,1,1,1,1,1,0,0,0,0,2017,"yes"
"NYC_2017_GCF_002856415.1","Klebsiella pneumoniae","NYC","0",0,0,0,0,0,0,0,0,0,0,1,1,1,1,0,0,0,0,0,0,1,0,0,0,0,1,0,1,1,1,1,1,1,0,2017,"yes"
"NYC_2017_GCF_002856455.1","Klebsiella pneumoniae","NYC","0",0,0,0,0,0,0,0,0,0,0,1,1,1,1,0,0,0,0,0,0,1,0,0,0,0,1,1,1,1,1,1,1,1,0,2017,"yes"
"NYC_2017_GCF_002856535.1","Klebsiella pneumoniae","NYC","0",0,0,0,0,0,0,0,0,0,0,1,1,1,1,0,0,0,0,0,0,1,0,0,0,0,1,0,1,1,1,0,1,1,0,2017,"yes"
"NYC_2017_GCF_002856565.1","Klebsiella pneumoniae","NYC","0",0,0,0,0,0,0,0,0,0,0,1,1,1,1,0,0,0,0,0,0,1,0,0,0,0,1,1,0,1,1,0,1,1,0,2017,"yes"
"NYC_2017_GCF_002856575.1","Klebsiella pneumoniae","NYC","0",0,0,0,0,0,0,0,0,0,0,1,1,1,1,0,0,0,0,0,0,1,0,0,0,0,1,1,1,1,1,0,1,1,0,2017,"yes"
"NYC_2017_GCF_002856615.1","Klebsiella pneumoniae","NYC","0",0,0,0,0,0,0,0,0,0,0,1,1,1,1,0,0,0,0,0,0,1,1,0,0,0,1,0,1,1,1,0,1,1,0,2017,"yes"
"NYC_2017_GCF_002856635.1","Klebsiella pneumoniae","NYC","0",0,0,0,0,0,0,0,0,0,0,1,1,1,1,0,0,0,0,0,0,1,1,0,0,0,1,1,1,1,1,0,1,1,0,2017,"yes"
"NYC_2017_GCF_002856675.1","Klebsiella pneumoniae","NYC","0",0,0,0,0,0,0,0,0,0,0,1,1,1,1,0,0,0,0,0,0,1,0,0,0,0,1,1,1,1,1,0,1,1,0,2017,"yes"
"NYC_2016_GCF_002856705.1","Klebsiella pneumoniae","NYC","0",0,0,0,0,0,0,0,0,0,0,1,1,1,1,0,0,0,0,0,0,1,0,0,0,0,1,1,1,1,1,0,1,1,0,2016,"yes"
"NYC_2016_GCF_002856765.1","Klebsiella pneumoniae","NYC","0",0,0,0,0,0,0,0,0,0,0,1,1,1,1,0,0,0,0,0,0,1,0,0,0,0,1,0,1,1,1,0,1,1,0,2016,"yes"
"NYC_2017_GCF_002856885.1","Klebsiella pneumoniae","NYC","0",0,0,0,0,0,0,0,0,0,0,1,1,0,1,0,0,0,0,0,0,1,1,0,0,0,1,1,1,1,1,1,1,1,0,2017,"yes"
"NYC_2017_GCF_002856905.1","Klebsiella pneumoniae","NYC","0",0,0,0,0,0,0,0,0,0,0,1,1,1,1,0,0,0,0,0,0,1,1,0,0,0,1,1,1,1,1,1,1,1,0,2017,"yes"
"NYC_2017_GCF_002856915.1","Klebsiella pneumoniae","NYC","0",0,0,0,0,0,0,0,0,0,0,1,1,1,1,0,0,0,0,0,0,1,1,0,0,0,1,1,1,1,1,0,1,1,0,2017,"yes"
"NYC_2017_GCF_002856945.1","Klebsiella pneumoniae","NYC","0",0,0,0,0,0,0,0,0,0,0,1,1,1,1,0,0,0,0,0,0,1,0,0,0,0,1,1,1,1,1,1,1,1,0,2017,"yes"
"NYC_2017_GCF_002856995.1","Klebsiella pneumoniae","NYC","0",0,0,0,0,0,1,1,0,1,0,1,1,1,1,0,0,0,0,0,0,1,1,0,0,0,0,1,1,1,1,0,1,1,0,2017,"yes"
"NYC_2017_GCF_002857005.1","Klebsiella pneumoniae","NYC","0",0,0,0,0,0,0,0,0,0,0,1,1,1,1,0,0,0,0,0,0,1,0,0,0,0,1,1,1,1,1,0,1,1,0,2017,"yes"
"NYC_2017_GCF_002857035.1","Klebsiella pneumoniae","NYC","0",0,0,0,0,0,0,0,0,0,0,1,1,1,1,0,0,0,0,0,0,1,1,0,0,0,1,1,1,1,1,0,1,1,0,2017,"yes"
"NYC_2017_GCF_002857065.1","Klebsiella pneumoniae","NYC","0",0,0,0,0,0,0,0,0,0,0,1,1,1,1,0,0,0,0,0,0,1,1,0,0,0,1,1,1,1,1,0,1,1,0,2017,"yes"
"NYC_2017_GCF_002857085.1","Klebsiella pneumoniae","NYC","0",0,0,0,0,0,0,0,0,0,0,1,1,1,1,0,0,0,0,0,0,1,0,0,0,0,1,1,1,1,1,1,1,1,0,2017,"yes"
"NYC_2017_GCF_002857115.1","Klebsiella pneumoniae","NYC","0",0,0,0,0,0,0,0,0,0,0,1,1,1,1,0,0,0,0,0,0,1,0,0,0,0,1,1,1,1,1,0,1,1,0,2017,"yes"
"NYC_2017_GCF_002857125.1","Klebsiella pneumoniae","NYC","0",0,0,0,0,0,0,0,0,0,0,1,1,1,1,0,0,0,0,0,0,1,0,0,0,0,1,1,1,1,1,1,1,1,0,2017,"yes"
"NYC_2017_GCF_002857135.1","Klebsiella pneumoniae","NYC","0",0,0,0,0,0,0,0,0,0,0,1,1,1,1,0,0,0,0,0,0,1,0,0,0,0,1,1,1,1,1,0,1,1,0,2017,"yes"
"NYC_2017_GCF_002857205.1","Klebsiella pneumoniae","NYC","0",0,0,0,0,0,0,0,0,0,0,1,1,1,1,0,0,0,0,0,0,1,1,0,0,0,1,1,1,1,1,0,1,1,0,2017,"yes"
"NYC_2017_GCF_002857235.1","Klebsiella pneumoniae","NYC","0",0,0,0,0,0,0,0,0,0,0,1,1,1,1,0,0,0,0,0,0,1,0,0,0,0,1,1,0,1,1,1,1,1,0,2017,"yes"
"NYC_2017_GCF_002857315.1","Klebsiella pneumoniae","NYC","0",0,0,0,0,0,1,1,1,1,1,1,1,1,1,0,0,0,0,0,0,1,0,0,0,0,1,1,1,1,1,0,1,1,0,2017,"yes"
"NYC_2016_GCF_002857345.1","Klebsiella pneumoniae","NYC","0",0,0,0,0,0,0,0,0,0,0,1,1,1,1,0,0,0,0,0,0,1,0,0,0,0,1,1,1,1,1,1,1,1,0,2016,"yes"
"BAL_2015_GCF_003334885.1","Klebsiella pneumoniae","BAL","0",0,0,0,0,0,1,1,1,1,1,1,1,1,1,0,1,0,0,0,0,1,0,0,0,0,0,1,1,1,1,0,1,1,0,2015,"yes"
"BAL_2015_GCF_003334895.1","Klebsiella pneumoniae","BAL","0",0,0,0,0,0,1,1,1,1,1,1,1,1,1,0,1,0,0,0,0,1,1,0,0,0,1,1,1,1,1,0,1,1,0,2015,"yes"
"BAL_2015_GCF_003334925.1","Klebsiella pneumoniae","BAL","0",0,0,0,0,0,1,1,1,1,1,1,1,1,1,0,1,0,0,0,0,1,0,0,0,0,0,1,1,1,1,0,1,1,0,2015,"yes"
"BAL_2015_GCF_003334945.1","Klebsiella pneumoniae","BAL","0",0,0,0,0,0,1,1,1,1,1,1,1,1,1,0,1,0,0,0,0,1,1,0,0,0,1,1,1,1,1,0,1,1,0,2015,"yes"
"BAL_2015_GCF_003334955.1","Klebsiella pneumoniae","BAL","0",0,0,0,0,0,1,1,1,1,1,1,1,1,1,0,1,0,0,0,0,1,1,0,0,0,1,1,1,1,1,0,1,1,0,2015,"yes"
"BAL_2015_GCF_003334965.1","Klebsiella pneumoniae","BAL","0",0,0,0,0,0,1,1,1,1,1,1,1,1,1,0,1,0,0,0,0,1,1,0,0,0,1,1,1,1,1,0,1,1,0,2015,"yes"
"BAL_2015_GCF_003335005.1","Klebsiella pneumoniae","BAL","0",0,0,0,0,0,1,1,1,1,1,1,1,1,1,0,1,0,0,0,0,1,0,0,0,0,0,1,1,1,1,0,1,1,0,2015,"yes"
"BAL_2015_GCF_003335025.1","Klebsiella pneumoniae","BAL","0",0,0,0,0,0,1,1,1,1,1,1,1,1,1,0,1,0,0,0,0,1,0,0,0,0,0,1,1,1,1,0,1,1,0,2015,"yes"
"BAL_2015_GCF_003335065.1","Klebsiella pneumoniae","BAL","0",0,0,0,0,0,1,1,1,1,1,1,1,1,1,0,1,0,0,0,0,1,1,0,0,0,1,1,1,1,1,0,1,1,0,2015,"yes"
"BAL_2015_GCF_003345685.1","Klebsiella pneumoniae","BAL","0",0,0,0,0,0,1,1,1,1,1,1,1,1,1,0,1,0,0,0,0,1,0,0,0,0,0,1,1,1,1,0,1,1,0,2015,"yes"
"BAL_2015_GCF_003345715.1","Klebsiella pneumoniae","BAL","0",0,0,0,0,0,1,1,1,1,1,1,1,1,1,0,1,0,0,0,0,1,1,0,0,0,1,1,1,1,1,0,1,1,0,2015,"yes"
"BAL_2015_GCF_003345765.1","Klebsiella pneumoniae","BAL","0",0,0,0,0,0,1,1,1,1,1,1,1,1,1,0,1,0,0,0,0,1,1,0,0,0,1,1,1,1,1,0,1,1,0,2015,"yes"
"BAL_2017_GCF_003860845.1","Klebsiella pneumoniae","BAL","0",0,0,0,0,0,1,1,1,1,1,1,1,1,1,0,1,0,0,0,0,1,0,0,0,0,1,1,1,1,1,0,1,1,1,2017,"yes"
"BAL_2017_GCF_003860885.1","Klebsiella pneumoniae","BAL","0",0,0,0,0,0,0,0,0,0,0,1,1,1,1,0,0,0,0,0,0,1,0,0,0,0,1,1,1,1,1,0,1,1,0,2017,"yes"
"BAL_2017_GCF_003860895.1","Klebsiella pneumoniae","BAL","0",0,0,0,0,0,0,0,0,0,0,1,1,1,1,0,0,0,0,0,0,1,0,0,0,0,1,1,1,1,1,0,1,1,0,2017,"yes"
"BAL_2017_GCF_003860985.1","Klebsiella pneumoniae","BAL","0",0,0,0,0,0,0,0,0,0,0,1,1,1,1,0,0,0,0,0,0,1,0,0,0,0,1,1,1,1,1,0,1,1,0,2017,"yes"
"BAL_2017_GCF_003860995.1","Klebsiella pneumoniae","BAL","0",0,0,0,0,0,1,1,1,1,1,1,1,1,1,0,0,0,0,0,0,1,0,0,0,0,1,1,1,1,1,0,1,1,1,2017,"yes"
"BAL_2017_GCF_003861035.1","Klebsiella pneumoniae","BAL","0",0,0,0,0,0,1,1,1,1,1,1,1,1,1,0,1,0,0,0,0,1,0,0,0,0,1,1,1,1,1,0,1,1,0,2017,"yes"
"BAL_2017_GCF_003861085.1","Klebsiella pneumoniae","BAL","0",0,0,0,0,0,0,0,0,0,0,1,1,1,1,0,0,0,0,0,0,1,0,0,0,0,1,1,1,1,1,1,1,1,0,2017,"yes"
"BAL_2017_GCF_003861135.1","Klebsiella pneumoniae","BAL","0",0,0,0,0,0,0,0,0,0,0,1,1,1,1,0,0,0,0,0,0,1,0,0,0,0,1,1,1,1,1,0,1,1,1,2017,"yes"
"BAL_2017_GCF_003861365.1","Klebsiella pneumoniae","BAL","0",0,0,0,0,0,0,0,0,0,0,1,1,1,1,0,0,0,0,0,0,1,0,0,0,0,1,1,1,1,1,0,1,1,0,2017,"yes"
"BAL_2017_GCF_003861425.1","Klebsiella pneumoniae","BAL","0",0,0,0,0,0,0,0,0,0,0,1,1,1,1,0,0,0,0,0,0,1,0,1,0,0,1,1,1,1,1,1,1,1,0,2017,"yes"
"BAL_2017_GCF_003861435.1","Klebsiella pneumoniae","BAL","0",0,0,0,0,0,1,1,1,1,1,1,1,1,1,0,1,0,0,0,0,1,0,0,0,0,1,1,1,1,1,0,1,1,0,2017,"yes"
"BAL_2017_GCF_003861475.1","Klebsiella pneumoniae","BAL","0",0,0,0,0,0,0,0,0,0,0,1,1,1,1,0,0,0,0,0,0,1,0,0,0,0,1,1,1,1,1,0,1,1,1,2017,"yes"
"BAL_2017_GCF_003861575.1","Klebsiella pneumoniae","BAL","0",0,0,0,0,0,1,1,1,1,1,1,1,1,1,0,1,0,0,0,0,1,0,0,0,0,1,1,1,1,1,1,1,1,0,2017,"yes"
"SAN_2018_GCF_019927725.1","Klebsiella pneumoniae","SAN","0",0,0,0,0,0,0,0,0,0,0,1,1,1,1,0,0,0,0,0,0,1,0,0,0,0,1,1,1,1,1,1,1,1,1,2018,"yes"
"SAN_2018_GCF_019927885.1","Klebsiella pneumoniae","SAN","0",0,0,0,0,0,0,0,0,0,0,1,1,1,1,0,0,0,0,0,0,1,0,0,0,0,1,1,1,1,1,1,1,1,0,2018,"yes"
"SAN_2017_GCF_019927925.1","Klebsiella pneumoniae","SAN","0",0,0,0,0,0,0,0,0,0,0,1,1,1,1,0,0,0,0,0,0,1,0,0,0,0,1,1,1,1,1,0,1,1,0,2017,"yes"
"SAN_2016_GCF_019928325.1","Klebsiella pneumoniae","SAN","0",0,0,0,0,0,1,1,1,1,1,1,1,1,1,0,1,0,0,0,0,1,0,0,0,0,1,1,1,1,1,0,1,1,1,2016,"yes"
"NYC_2015_GCF_027584255.1","Klebsiella pneumoniae","NYC","0",0,0,0,0,0,0,0,0,0,0,1,1,1,1,0,0,0,0,0,0,1,0,0,0,0,1,1,1,1,1,0,1,1,0,2015,"yes"
"NYC_2015_GCF_027584275.1","Klebsiella pneumoniae","NYC","0",0,0,0,0,0,1,1,1,1,1,1,1,1,1,0,1,0,0,0,0,1,0,0,0,0,1,1,1,1,1,0,1,1,0,2015,"yes"
"NYC_2015_GCF_027584375.1","Klebsiella pneumoniae","NYC","0",0,0,0,0,0,1,1,1,1,1,1,1,1,1,0,1,0,0,0,0,1,1,0,0,0,1,1,1,1,1,0,1,1,0,2015,"yes"
"NYC_2015_GCF_027584385.1","Klebsiella pneumoniae","NYC","0",0,0,0,0,0,0,0,0,0,0,1,1,1,1,0,0,0,1,0,0,1,0,0,0,0,1,1,1,1,1,1,1,1,1,2015,"yes"
"NYC_2015_GCF_027584415.1","Klebsiella pneumoniae","NYC","0",0,0,0,0,0,0,0,0,0,0,1,1,1,1,0,0,0,0,0,0,1,0,0,0,0,1,1,1,1,1,0,1,1,0,2015,"yes"
"NYC_2015_GCF_027584435.1","Klebsiella pneumoniae","NYC","0",0,0,0,0,1,0,0,0,0,0,1,1,1,1,0,0,0,1,0,0,1,0,0,0,0,1,1,1,1,1,0,1,1,0,2015,"yes"
"NYC_2015_GCF_027584455.1","Klebsiella pneumoniae","NYC","0",0,0,0,0,0,0,0,0,0,0,1,1,1,1,0,0,0,0,0,0,1,0,0,0,0,1,1,1,1,1,1,1,1,0,2015,"yes"
"NYC_2015_GCF_027584485.1","Klebsiella pneumoniae","NYC","0",0,0,0,0,0,0,0,0,0,0,1,1,1,1,0,0,0,0,0,0,1,0,0,0,0,1,1,1,1,1,0,1,1,0,2015,"yes"
"NYC_2015_GCF_027584495.1","Klebsiella pneumoniae","NYC","0",0,0,0,0,0,0,0,0,0,0,1,1,1,1,0,0,0,0,0,0,1,0,0,0,0,1,1,1,1,1,0,1,1,1,2015,"yes"
"NYC_2015_GCF_027584535.1","Klebsiella pneumoniae","NYC","0",0,0,0,0,0,0,0,0,0,0,1,1,1,1,0,0,0,0,0,0,1,0,0,0,0,1,1,1,1,1,0,1,1,0,2015,"yes"
"NYC_2015_GCF_027584585.1","Klebsiella pneumoniae","NYC","0",0,0,0,0,0,0,0,0,0,0,1,1,1,1,0,0,0,0,0,0,1,0,0,0,0,1,1,1,1,1,1,1,1,0,2015,"yes"
"NYC_2015_GCF_027584695.1","Klebsiella pneumoniae","NYC","0",0,0,0,0,0,0,0,0,0,0,1,1,1,1,0,0,0,0,0,0,1,0,0,0,0,1,1,1,1,1,0,1,1,0,2015,"yes"
"NYC_2015_GCF_027585065.1","Klebsiella pneumoniae","NYC","0",0,0,0,0,0,0,0,0,0,0,1,1,1,1,0,0,0,0,0,0,1,0,0,0,0,0,1,1,1,1,1,1,1,0,2015,"yes"
"NYC_2015_GCF_027585115.1","Klebsiella pneumoniae","NYC","0",0,0,0,0,0,0,0,0,0,0,1,1,1,1,0,0,0,0,0,0,1,0,0,0,0,1,1,1,1,1,1,1,1,0,2015,"yes"
"NYC_2015_GCF_027585155.1","Klebsiella pneumoniae","NYC","0",0,0,0,0,0,0,0,0,0,0,1,1,1,1,0,0,0,0,0,0,1,0,0,0,0,1,1,1,1,1,1,1,1,0,2015,"yes"
"NYC_2015_GCF_027585165.1","Klebsiella pneumoniae","NYC","0",0,0,0,0,0,0,0,0,0,0,1,1,1,1,0,0,0,0,0,0,1,0,0,0,0,1,1,1,1,1,1,1,1,0,2015,"yes"
"BAL_En","Enterobacter hormaechei","BAL","0",0,0,0,0,0,0,0,0,0,0,1,0,0,0,0,0,0,0,0,0,0,0,0,1,1,0,0,0,0,0,0,1,1,0,0,"0"
"BAL_Es","Escherichia coli","BAL","0",0,0,0,0,0,0,0,0,0,0,0,0,0,0,0,0,0,0,0,0,0,0,0,0,0,0,0,0,0,0,0,0,0,0,0,"0"
"BAL_Kl","Klebsiella pneumoniae","BAL","0",0,0,0,0,0,0,0,0,0,0,0,0,0,0,0,0,0,1,0,0,0,0,0,0,0,1,0,0,0,0,0,1,1,0,0,"0"
"DEN_En","Enterobacter hormaechei","DEN","0",0,0,0,0,0,0,0,0,0,0,0,0,1,0,0,0,0,0,0,0,0,0,0,0,0,0,0,0,0,0,0,0,0,0,0,"0"
"DEN_Es","Escherichia coli","DEN","0",0,0,0,0,0,0,0,0,0,0,0,0,0,0,0,0,1,0,0,1,0,0,1,0,0,0,0,0,0,0,0,0,0,1,0,"0"
"DEN_Kl","Klebsiella pneumoniae","DEN","0",0,0,0,0,0,1,1,1,1,1,1,1,1,1,0,1,0,1,0,0,0,0,0,0,0,1,0,1,12,0,1,0,0,0,0,"0"
"MIN_En","Enterobacter hormaechei","MIN","0",1,0,0,0,0,0,0,0,0,0,0,0,0,0,0,0,0,0,0,0,0,0,0,0,0,0,0,0,0,0,0,0,0,0,0,"0"
"NYC_En","Enterobacter hormaechei","NYC","0",1,0,0,0,0,0,0,0,0,0,1,1,1,1,0,0,0,1,1,1,0,0,1,1,1,1,1,1,57,0,0,1,1,0,0,"0"
"NYC_Es","Escherichia coli","NYC","0",0,0,0,0,0,1,0,0,0,1,1,1,1,1,0,0,1,1,0,1,0,0,1,1,1,0,1,1,5,0,0,0,0,1,0,"0"
"NYC_Kl","Klebsiella pneumoniae","NYC","0",0,0,0,0,0,0,1,1,1,0,1,1,1,1,0,1,0,1,1,0,0,0,0,0,1,1,1,1,17,0,2,1,1,2,0,"0"
"SAC_En","Enterobacter hormaechei","SAC","0",0,0,0,0,0,0,0,0,0,0,0,0,1,0,0,0,0,0,1,0,0,0,0,0,0,0,0,0,0,0,0,0,0,0,0,"0"
"SAC_Kl","Klebsiella pneumoniae","SAC","0",0,0,0,0,0,0,0,0,0,0,0,0,0,0,0,0,0,0,0,0,0,0,0,0,0,0,0,0,0,0,0,0,0,0,0,"0"
"SAN_Es","Escherichia coli","SAN","0",0,0,0,0,0,0,0,0,0,0,0,0,0,0,1,0,0,0,0,1,0,0,0,0,0,0,0,0,1,0,0,0,0,0,0,"0"
"SAN_Kl","Klebsiella pneumoniae","SAN","0",0,0,0,0,0,0,0,0,0,0,0,0,0,0,0,0,0,1,0,0,0,0,0,0,0,0,0,0,0,0,0,0,0,0,0,"0"
"MIN_Es","Escherichia coli","MIN","0",0,0,0,0,0,0,0,0,0,0,0,0,0,0,0,0,0,0,0,0,0,0,0,0,0,0,0,0,0,0,0,0,0,0,0,"0"
"MIN_Kl","Klebsiella pneumoniae","MIN","0",0,0,0,0,0,0,0,0,0,0,0,0,0,0,0,0,0,0,0,0,0,0,0,0,0,0,0,0,0,0,0,0,0,0,0,"0"
"SAC_Es","Escherichia coli","SAC","0",0,0,0,0,0,0,0,0,0,0,0,0,0,0,0,0,0,0,0,0,0,0,0,0,0,0,0,0,0,0,0,0,0,0,0,"0"
"SAN_En","Enterobacter hormaechei","SAN","0",0,0,0,0,0,0,0,0,0,0,0,0,0,0,0,0,0,0,0,0,0,0,0,0,0,0,0,0,0,0,0,0,0,0,0,"0"
"BAL_En_COA","Enterobacter hormaechei","BAL","0",0,0,0,0,0,0,0,0,0,0,1,0,1,1,0,0,0,0,0,0,0,0,0,0,1,0,0,0,0,0,0,0,0,0,0,"0"
"BAL_Es_COA","Escherichia coli","BAL","0",0,0,0,0,0,0,0,0,0,0,0,0,0,0,0,0,0,0,0,0,0,0,0,1,0,0,0,0,0,0,0,0,0,1,0,"0"
"BAL_Kl_COA","Klebsiella pneumoniae","BAL","0",0,0,0,0,0,1,0,1,0,0,0,0,1,0,0,0,0,0,0,0,0,0,0,0,0,1,1,0,1,0,0,1,1,0,0,"0"
"DEN_En_COA","Enterobacter hormaechei","DEN","0",0,0,0,0,0,0,0,0,0,0,0,0,1,0,0,0,0,1,0,0,0,0,0,0,0,0,0,0,0,0,0,0,0,0,0,"0"
"DEN_Es_COA","Escherichia coli","DEN","0",0,0,0,0,0,0,0,0,0,0,0,0,0,0,0,1,1,0,0,1,1,0,1,0,0,0,0,0,0,0,0,0,0,0,0,"0"
"DEN_Kl_COA","Klebsiella pneumoniae","DEN","0",0,0,0,0,0,1,1,1,1,1,1,1,1,1,0,1,0,1,0,0,0,0,0,0,0,1,1,1,1,0,1,1,1,0,0,"0"
"MIN_En_COA","Enterobacter hormaechei","MIN","0",1,0,0,0,0,0,0,0,0,0,0,0,0,0,0,0,0,0,0,0,0,0,0,0,0,0,0,0,0,0,0,0,0,0,0,"0"
"MIN_Kl_COA","Klebsiella pneumoniae","MIN","0",0,0,0,0,0,0,0,0,0,0,0,0,0,0,0,0,0,0,0,0,0,0,0,0,0,0,0,0,0,0,0,0,0,0,0,"0"
"NYC_En_COA","Enterobacter hormaechei","NYC","0",1,0,0,0,0,0,0,0,0,0,1,1,1,1,0,0,0,0,1,1,0,0,1,1,1,0,1,1,1,0,0,1,1,0,0,"0"
"NYC_Es_COA","Escherichia coli","NYC","0",0,0,0,0,0,1,0,0,0,1,0,1,1,0,1,1,1,1,0,1,1,0,1,1,1,0,1,1,1,0,0,0,0,1,0,"0"
"NYC_Kl_COA","Klebsiella pneumoniae","NYC","0",0,0,0,0,0,1,1,1,1,1,1,1,1,1,0,1,0,1,1,0,0,0,0,0,1,1,1,1,1,0,1,1,1,0,0,"0"
"SAC_En_COA","Enterobacter hormaechei","SAC","0",0,0,0,0,0,0,0,0,0,0,0,0,1,0,0,0,0,0,1,0,0,0,0,0,0,0,0,0,0,0,0,0,0,0,0,"0"
"SAC_Es_COA","Escherichia coli","SAC","0",0,0,0,0,0,0,0,0,0,0,0,0,0,0,0,0,0,0,0,1,0,0,0,0,0,0,0,0,0,0,0,0,0,1,0,"0"
"SAC_Kl_COA","Klebsiella pneumoniae","SAC","0",0,0,0,0,0,0,0,0,0,0,0,0,0,0,0,0,0,1,0,0,0,0,0,0,0,0,0,0,1,0,0,0,0,0,0,"0"
"SAN_Es_COA","Escherichia coli","SAN","0",0,0,0,0,0,0,0,0,0,0,0,0,0,0,1,0,0,0,0,1,0,0,0,0,1,0,1,0,1,0,0,0,0,0,0,"0"
"SAN_Kl_COA","Klebsiella pneumoniae","SAN","0",0,0,0,0,0,0,0,0,0,0,0,0,0,0,0,0,0,0,0,0,0,0,0,0,0,0,0,0,0,0,0,0,0,0,0,"0"
"MIN_Es_COA","Escherichia coli","MIN","0",0,0,0,0,0,0,0,0,0,0,0,0,0,0,0,0,0,0,0,0,0,0,0,0,0,0,0,0,0,0,0,0,0,0,0,"0"
"SAN_En_COA","Enterobacter hormaechei","SAN","0",0,0,0,0,0,0,0,0,0,0,0,0,0,0,0,0,0,0,0,0,0,0,0,0,0,0,0,0,0,0,0,0,0,0,0,"0"
