"OTU","pvalues","model","score","loc1","loc2","locs","adj_pvalues","hlevel","sign_rank","OtuClass"
158,0,"p",8020.79309179622,"DEN17","ZRH17","DEN17_vs_ZRH17",0,"_Phylum",5,"158_Phylum"
316,0,"p",4491692.85637541,"AKL16","BAL17","AKL16_vs_BAL17",0,"_Phylum",1,"316_Phylum"
316,0,"p",57471995.9422191,"AKL16","BER16","AKL16_vs_BER16",0,"_Phylum",1,"316_Phylum"
316,0,"p",11898456.3817038,"AKL16","BOG16","AKL16_vs_BOG16",0,"_Phylum",1,"316_Phylum"
316,0,"p",3459828.49263579,"AKL16","DEN16","AKL16_vs_DEN16",0,"_Phylum",1,"316_Phylum"
316,0,"p",4287797.20467052,"AKL16","DEN17","AKL16_vs_DEN17",0,"_Phylum",1,"316_Phylum"
316,0,"p",3751772.19597336,"AKL16","DOH16","AKL16_vs_DOH16",0,"_Phylum",1,"316_Phylum"
316,0,"p",5486574.73192944,"AKL16","DOH17","AKL16_vs_DOH17",0,"_Phylum",1,"316_Phylum"
316,0,"p",92523336.9784923,"AKL16","ILR16","AKL16_vs_ILR16",0,"_Phylum",1,"316_Phylum"
316,0,"p",6715521.08736454,"AKL16","ILR17","AKL16_vs_ILR17",0,"_Phylum",1,"316_Phylum"
316,0,"p",4524517.00128302,"AKL16","LIS16","AKL16_vs_LIS16",0,"_Phylum",1,"316_Phylum"
316,0,"p",2916720.30604815,"AKL16","MIN17","AKL16_vs_MIN17",0,"_Phylum",1,"316_Phylum"
316,0,"p",101298421.934864,"AKL16","NYC16","AKL16_vs_NYC16",0,"_Phylum",1,"316_Phylum"
316,0,"p",11064988.4937213,"AKL16","NYC17","AKL16_vs_NYC17",0,"_Phylum",1,"316_Phylum"
316,0,"p",3095092.42081122,"AKL16","SAC16","AKL16_vs_SAC16",0,"_Phylum",1,"316_Phylum"
316,0,"p",3158988.83035608,"AKL16","SAN17","AKL16_vs_SAN17",0,"_Phylum",1,"316_Phylum"
316,0,"p",7483257.88024022,"AKL16","SAO17","AKL16_vs_SAO17",0,"_Phylum",1,"316_Phylum"
316,0,"p",22502467.6498034,"AKL16","TOK16","AKL16_vs_TOK16",0,"_Phylum",1,"316_Phylum"
316,0,"p",8491132.91827365,"AKL16","TOK17","AKL16_vs_TOK17",0,"_Phylum",1,"316_Phylum"
316,0,"p",8669918.46608778,"AKL16","VIE17","AKL16_vs_VIE17",0,"_Phylum",1,"316_Phylum"
316,0,"p",7197663.32469468,"AKL16","ZRH17","AKL16_vs_ZRH17",0,"_Phylum",1,"316_Phylum"
316,0,"p",3147530.11271406,"BAL17","DEN17","BAL17_vs_DEN17",0,"_Phylum",1,"316_Phylum"
316,0,"p",4346307.63997298,"BAL17","DOH17","BAL17_vs_DOH17",0,"_Phylum",1,"316_Phylum"
316,0,"p",5575253.99540808,"BAL17","ILR17","BAL17_vs_ILR17",0,"_Phylum",1,"316_Phylum"
316,0,"p",1776453.21409169,"BAL17","MIN17","BAL17_vs_MIN17",0,"_Phylum",1,"316_Phylum"
316,0,"p",9924721.40176488,"BAL17","NYC17","BAL17_vs_NYC17",0,"_Phylum",1,"316_Phylum"
316,0,"p",2018721.73839962,"BAL17","SAN17","BAL17_vs_SAN17",0,"_Phylum",1,"316_Phylum"
316,0,"p",6342990.78828376,"BAL17","SAO17","BAL17_vs_SAO17",0,"_Phylum",1,"316_Phylum"
316,0,"p",7350865.82631718,"BAL17","TOK17","BAL17_vs_TOK17",0,"_Phylum",1,"316_Phylum"
316,0,"p",7529651.37413132,"BAL17","VIE17","BAL17_vs_VIE17",0,"_Phylum",1,"316_Phylum"
316,0,"p",6057396.23273822,"BAL17","ZRH17","BAL17_vs_ZRH17",0,"_Phylum",1,"316_Phylum"
316,0,"p",56331728.8502627,"BER16","BAL17","BER16_vs_BAL17",0,"_Phylum",1,"316_Phylum"
316,0,"p",63738492.3755911,"BER16","BOG16","BER16_vs_BOG16",0,"_Phylum",1,"316_Phylum"
316,0,"p",55299864.4865231,"BER16","DEN16","BER16_vs_DEN16",0,"_Phylum",1,"316_Phylum"
316,0,"p",55591808.1898606,"BER16","DOH16","BER16_vs_DOH16",0,"_Phylum",1,"316_Phylum"
316,0,"p",57326610.7258167,"BER16","DOH17","BER16_vs_DOH17",0,"_Phylum",1,"316_Phylum"
316,0,"p",144363372.97238,"BER16","ILR16","BER16_vs_ILR16",0,"_Phylum",1,"316_Phylum"
316,0,"p",58555557.0812518,"BER16","ILR17","BER16_vs_ILR17",0,"_Phylum",1,"316_Phylum"
316,0,"p",56364552.9951703,"BER16","LIS16","BER16_vs_LIS16",0,"_Phylum",1,"316_Phylum"
316,0,"p",54756756.2999354,"BER16","MIN17","BER16_vs_MIN17",0,"_Phylum",1,"316_Phylum"
316,0,"p",153138457.928752,"BER16","NYC16","BER16_vs_NYC16",0,"_Phylum",1,"316_Phylum"
316,0,"p",62905024.4876086,"BER16","NYC17","BER16_vs_NYC17",0,"_Phylum",1,"316_Phylum"
316,0,"p",54935128.4146985,"BER16","SAC16","BER16_vs_SAC16",0,"_Phylum",1,"316_Phylum"
316,0,"p",54999024.8242433,"BER16","SAN17","BER16_vs_SAN17",0,"_Phylum",1,"316_Phylum"
316,0,"p",59323293.8741275,"BER16","SAO17","BER16_vs_SAO17",0,"_Phylum",1,"316_Phylum"
316,0,"p",74342503.6436907,"BER16","TOK16","BER16_vs_TOK16",0,"_Phylum",1,"316_Phylum"
316,0,"p",60331168.9121609,"BER16","TOK17","BER16_vs_TOK17",0,"_Phylum",1,"316_Phylum"
316,0,"p",60509954.459975,"BER16","VIE17","BER16_vs_VIE17",0,"_Phylum",1,"316_Phylum"
316,0,"p",10758189.2897474,"BOG16","BAL17","BOG16_vs_BAL17",0,"_Phylum",1,"316_Phylum"
316,0,"p",9726324.92600774,"BOG16","DEN16","BOG16_vs_DEN16",0,"_Phylum",1,"316_Phylum"
316,0,"p",10018268.6293453,"BOG16","DOH16","BOG16_vs_DOH16",0,"_Phylum",1,"316_Phylum"
316,0,"p",11753071.1653014,"BOG16","DOH17","BOG16_vs_DOH17",0,"_Phylum",1,"316_Phylum"
316,0,"p",98789833.4118643,"BOG16","ILR16","BOG16_vs_ILR16",0,"_Phylum",1,"316_Phylum"
316,0,"p",12982017.5207365,"BOG16","ILR17","BOG16_vs_ILR17",0,"_Phylum",1,"316_Phylum"
316,0,"p",10791013.434655,"BOG16","LIS16","BOG16_vs_LIS16",0,"_Phylum",1,"316_Phylum"
316,0,"p",9183216.73942009,"BOG16","MIN17","BOG16_vs_MIN17",0,"_Phylum",1,"316_Phylum"
316,0,"p",107564918.368236,"BOG16","NYC16","BOG16_vs_NYC16",0,"_Phylum",1,"316_Phylum"
316,0,"p",17331484.9270933,"BOG16","NYC17","BOG16_vs_NYC17",0,"_Phylum",1,"316_Phylum"
316,0,"p",9361588.85418316,"BOG16","SAC16","BOG16_vs_SAC16",0,"_Phylum",1,"316_Phylum"
316,0,"p",9425485.26372802,"BOG16","SAN17","BOG16_vs_SAN17",0,"_Phylum",1,"316_Phylum"
316,0,"p",13749754.3136122,"BOG16","SAO17","BOG16_vs_SAO17",0,"_Phylum",1,"316_Phylum"
316,0,"p",28768964.0831754,"BOG16","TOK16","BOG16_vs_TOK16",0,"_Phylum",1,"316_Phylum"
316,0,"p",14757629.3516456,"BOG16","TOK17","BOG16_vs_TOK17",0,"_Phylum",1,"316_Phylum"
316,0,"p",14936414.8994597,"BOG16","VIE17","BOG16_vs_VIE17",0,"_Phylum",1,"316_Phylum"
316,0,"p",13464159.7580666,"BOG16","ZRH17","BOG16_vs_ZRH17",0,"_Phylum",1,"316_Phylum"
316,0,"p",2319561.40067933,"DEN16","BAL17","DEN16_vs_BAL17",0,"_Phylum",1,"316_Phylum"
316,0,"p",2115665.74897444,"DEN16","DEN17","DEN16_vs_DEN17",0,"_Phylum",1,"316_Phylum"
316,0,"p",1579640.74027728,"DEN16","DOH16","DEN16_vs_DOH16",0,"_Phylum",1,"316_Phylum"
316,0,"p",3314443.27623336,"DEN16","DOH17","DEN16_vs_DOH17",0,"_Phylum",1,"316_Phylum"
316,0,"p",90351205.5227963,"DEN16","ILR16","DEN16_vs_ILR16",0,"_Phylum",1,"316_Phylum"
316,0,"p",4543389.63166846,"DEN16","ILR17","DEN16_vs_ILR17",0,"_Phylum",1,"316_Phylum"
316,0,"p",2352385.54558695,"DEN16","LIS16","DEN16_vs_LIS16",0,"_Phylum",1,"316_Phylum"
316,0,"p",744588.850352068,"DEN16","MIN17","DEN16_vs_MIN17",0,"_Phylum",1,"316_Phylum"
316,0,"p",99126290.4791684,"DEN16","NYC16","DEN16_vs_NYC16",0,"_Phylum",1,"316_Phylum"
316,0,"p",8892857.03802527,"DEN16","NYC17","DEN16_vs_NYC17",0,"_Phylum",1,"316_Phylum"
316,0,"p",922960.965115139,"DEN16","SAC16","DEN16_vs_SAC16",0,"_Phylum",1,"316_Phylum"
316,0,"p",986857.37466,"DEN16","SAN17","DEN16_vs_SAN17",0,"_Phylum",1,"316_Phylum"
316,0,"p",5311126.42454415,"DEN16","SAO17","DEN16_vs_SAO17",0,"_Phylum",1,"316_Phylum"
316,0,"p",20330336.1941074,"DEN16","TOK16","DEN16_vs_TOK16",0,"_Phylum",1,"316_Phylum"
316,0,"p",6319001.46257757,"DEN16","TOK17","DEN16_vs_TOK17",0,"_Phylum",1,"316_Phylum"
316,0,"p",6497787.01039171,"DEN16","VIE17","DEN16_vs_VIE17",0,"_Phylum",1,"316_Phylum"
316,0,"p",5025531.8689986,"DEN16","ZRH17","DEN16_vs_ZRH17",0,"_Phylum",1,"316_Phylum"
316,0,"p",4142411.98826809,"DEN17","DOH17","DEN17_vs_DOH17",0,"_Phylum",1,"316_Phylum"
316,0,"p",5371358.34370319,"DEN17","ILR17","DEN17_vs_ILR17",0,"_Phylum",1,"316_Phylum"
316,0,"p",1572557.56238679,"DEN17","MIN17","DEN17_vs_MIN17",0,"_Phylum",1,"316_Phylum"
316,0,"p",9720825.75005999,"DEN17","NYC17","DEN17_vs_NYC17",0,"_Phylum",1,"316_Phylum"
316,0,"p",1814826.08669473,"DEN17","SAN17","DEN17_vs_SAN17",0,"_Phylum",1,"316_Phylum"
316,0,"p",6139095.13657887,"DEN17","SAO17","DEN17_vs_SAO17",0,"_Phylum",1,"316_Phylum"
316,0,"p",7146970.17461229,"DEN17","TOK17","DEN17_vs_TOK17",0,"_Phylum",1,"316_Phylum"
316,0,"p",7325755.72242643,"DEN17","VIE17","DEN17_vs_VIE17",0,"_Phylum",1,"316_Phylum"
316,0,"p",2611505.1040169,"DOH16","BAL17","DOH16_vs_BAL17",0,"_Phylum",1,"316_Phylum"
316,0,"p",2407609.452312,"DOH16","DEN17","DOH16_vs_DEN17",0,"_Phylum",1,"316_Phylum"
316,0,"p",3606386.97957093,"DOH16","DOH17","DOH16_vs_DOH17",0,"_Phylum",1,"316_Phylum"
316,0,"p",90643149.2261338,"DOH16","ILR16","DOH16_vs_ILR16",0,"_Phylum",1,"316_Phylum"
316,0,"p",4835333.33500603,"DOH16","ILR17","DOH16_vs_ILR17",0,"_Phylum",1,"316_Phylum"
316,0,"p",2644329.24892451,"DOH16","LIS16","DOH16_vs_LIS16",0,"_Phylum",1,"316_Phylum"
316,0,"p",1036532.55368963,"DOH16","MIN17","DOH16_vs_MIN17",0,"_Phylum",1,"316_Phylum"
316,0,"p",99418234.182506,"DOH16","NYC16","DOH16_vs_NYC16",0,"_Phylum",1,"316_Phylum"
316,0,"p",9184800.74136283,"DOH16","NYC17","DOH16_vs_NYC17",0,"_Phylum",1,"316_Phylum"
316,0,"p",1214904.6684527,"DOH16","SAC16","DOH16_vs_SAC16",0,"_Phylum",1,"316_Phylum"
316,0,"p",1278801.07799756,"DOH16","SAN17","DOH16_vs_SAN17",0,"_Phylum",1,"316_Phylum"
316,0,"p",5603070.12788171,"DOH16","SAO17","DOH16_vs_SAO17",0,"_Phylum",1,"316_Phylum"
316,0,"p",20622279.8974449,"DOH16","TOK16","DOH16_vs_TOK16",0,"_Phylum",1,"316_Phylum"
316,0,"p",6610945.16591513,"DOH16","TOK17","DOH16_vs_TOK17",0,"_Phylum",1,"316_Phylum"
316,0,"p",6789730.71372927,"DOH16","VIE17","DOH16_vs_VIE17",0,"_Phylum",1,"316_Phylum"
316,0,"p",5317475.57233616,"DOH16","ZRH17","DOH16_vs_ZRH17",0,"_Phylum",1,"316_Phylum"
316,0,"p",6570135.87096211,"DOH17","ILR17","DOH17_vs_ILR17",0,"_Phylum",1,"316_Phylum"
316,0,"p",2771335.08964572,"DOH17","MIN17","DOH17_vs_MIN17",0,"_Phylum",1,"316_Phylum"
316,0,"p",10919603.2773189,"DOH17","NYC17","DOH17_vs_NYC17",0,"_Phylum",1,"316_Phylum"
316,0,"p",3013603.61395365,"DOH17","SAN17","DOH17_vs_SAN17",0,"_Phylum",1,"316_Phylum"
316,0,"p",7337872.6638378,"DOH17","SAO17","DOH17_vs_SAO17",0,"_Phylum",1,"316_Phylum"
316,0,"p",8345747.70187122,"DOH17","TOK17","DOH17_vs_TOK17",0,"_Phylum",1,"316_Phylum"
316,0,"p",8524533.24968536,"DOH17","VIE17","DOH17_vs_VIE17",0,"_Phylum",1,"316_Phylum"
316,0,"p",7052278.10829225,"DOH17","ZRH17","DOH17_vs_ZRH17",0,"_Phylum",1,"316_Phylum"
316,0,"p",91383069.8865359,"ILR16","BAL17","ILR16_vs_BAL17",0,"_Phylum",1,"316_Phylum"
316,0,"p",91179174.234831,"ILR16","DEN17","ILR16_vs_DEN17",0,"_Phylum",1,"316_Phylum"
316,0,"p",92377951.7620899,"ILR16","DOH17","ILR16_vs_DOH17",0,"_Phylum",1,"316_Phylum"
316,0,"p",93606898.117525,"ILR16","ILR17","ILR16_vs_ILR17",0,"_Phylum",1,"316_Phylum"
316,0,"p",91415894.0314435,"ILR16","LIS16","ILR16_vs_LIS16",0,"_Phylum",1,"316_Phylum"
316,0,"p",89808097.3362086,"ILR16","MIN17","ILR16_vs_MIN17",0,"_Phylum",1,"316_Phylum"
316,0,"p",188189798.965025,"ILR16","NYC16","ILR16_vs_NYC16",0,"_Phylum",1,"316_Phylum"
316,0,"p",97956365.5238818,"ILR16","NYC17","ILR16_vs_NYC17",0,"_Phylum",1,"316_Phylum"
316,0,"p",89986469.4509717,"ILR16","SAC16","ILR16_vs_SAC16",0,"_Phylum",1,"316_Phylum"
316,0,"p",90050365.8605165,"ILR16","SAN17","ILR16_vs_SAN17",0,"_Phylum",1,"316_Phylum"
316,0,"p",94374634.9104007,"ILR16","SAO17","ILR16_vs_SAO17",0,"_Phylum",1,"316_Phylum"
316,0,"p",109393844.679964,"ILR16","TOK16","ILR16_vs_TOK16",0,"_Phylum",1,"316_Phylum"
316,0,"p",95382509.9484341,"ILR16","TOK17","ILR16_vs_TOK17",0,"_Phylum",1,"316_Phylum"
316,0,"p",95561295.4962483,"ILR16","VIE17","ILR16_vs_VIE17",0,"_Phylum",1,"316_Phylum"
316,0,"p",94089040.3548551,"ILR16","ZRH17","ILR16_vs_ZRH17",0,"_Phylum",1,"316_Phylum"
316,0,"p",4000281.44508082,"ILR17","MIN17","ILR17_vs_MIN17",0,"_Phylum",1,"316_Phylum"
316,0,"p",12148549.632754,"ILR17","NYC17","ILR17_vs_NYC17",0,"_Phylum",1,"316_Phylum"
316,0,"p",4242549.96938875,"ILR17","SAN17","ILR17_vs_SAN17",0,"_Phylum",1,"316_Phylum"
316,0,"p",8566819.01927289,"ILR17","SAO17","ILR17_vs_SAO17",0,"_Phylum",1,"316_Phylum"
316,0,"p",9574694.05730631,"ILR17","TOK17","ILR17_vs_TOK17",0,"_Phylum",1,"316_Phylum"
316,0,"p",9753479.60512045,"ILR17","VIE17","ILR17_vs_VIE17",0,"_Phylum",1,"316_Phylum"
316,0,"p",8281224.46372735,"ILR17","ZRH17","ILR17_vs_ZRH17",0,"_Phylum",1,"316_Phylum"
316,0,"p",3384249.90932656,"LIS16","BAL17","LIS16_vs_BAL17",0,"_Phylum",1,"316_Phylum"
316,0,"p",3180354.25762167,"LIS16","DEN17","LIS16_vs_DEN17",0,"_Phylum",1,"316_Phylum"
316,0,"p",4379131.7848806,"LIS16","DOH17","LIS16_vs_DOH17",0,"_Phylum",1,"316_Phylum"
316,0,"p",5608078.14031569,"LIS16","ILR17","LIS16_vs_ILR17",0,"_Phylum",1,"316_Phylum"
316,0,"p",1809277.3589993,"LIS16","MIN17","LIS16_vs_MIN17",0,"_Phylum",1,"316_Phylum"
316,0,"p",100190978.987816,"LIS16","NYC16","LIS16_vs_NYC16",0,"_Phylum",1,"316_Phylum"
316,0,"p",9957545.5466725,"LIS16","NYC17","LIS16_vs_NYC17",0,"_Phylum",1,"316_Phylum"
316,0,"p",1987649.47376237,"LIS16","SAC16","LIS16_vs_SAC16",0,"_Phylum",1,"316_Phylum"
316,0,"p",2051545.88330723,"LIS16","SAN17","LIS16_vs_SAN17",0,"_Phylum",1,"316_Phylum"
316,0,"p",6375814.93319137,"LIS16","SAO17","LIS16_vs_SAO17",0,"_Phylum",1,"316_Phylum"
316,0,"p",21395024.7027546,"LIS16","TOK16","LIS16_vs_TOK16",0,"_Phylum",1,"316_Phylum"
316,0,"p",7383689.9712248,"LIS16","TOK17","LIS16_vs_TOK17",0,"_Phylum",1,"316_Phylum"
316,0,"p",7562475.51903894,"LIS16","VIE17","LIS16_vs_VIE17",0,"_Phylum",1,"316_Phylum"
316,0,"p",6090220.37764583,"LIS16","ZRH17","LIS16_vs_ZRH17",0,"_Phylum",1,"316_Phylum"
316,0,"p",8349748.85143761,"MIN17","NYC17","MIN17_vs_NYC17",0,"_Phylum",1,"316_Phylum"
316,0,"p",443749.188072353,"MIN17","SAN17","MIN17_vs_SAN17",0,"_Phylum",1,"316_Phylum"
316,0,"p",4768018.2379565,"MIN17","SAO17","MIN17_vs_SAO17",0,"_Phylum",1,"316_Phylum"
316,0,"p",5775893.27598992,"MIN17","TOK17","MIN17_vs_TOK17",0,"_Phylum",1,"316_Phylum"
316,0,"p",5954678.82380406,"MIN17","VIE17","MIN17_vs_VIE17",0,"_Phylum",1,"316_Phylum"
316,0,"p",4482423.68241095,"MIN17","ZRH17","MIN17_vs_ZRH17",0,"_Phylum",1,"316_Phylum"
316,0,"p",100158154.842908,"NYC16","BAL17","NYC16_vs_BAL17",0,"_Phylum",1,"316_Phylum"
316,0,"p",99954259.1912031,"NYC16","DEN17","NYC16_vs_DEN17",0,"_Phylum",1,"316_Phylum"
316,0,"p",101153036.718462,"NYC16","DOH17","NYC16_vs_DOH17",0,"_Phylum",1,"316_Phylum"
316,0,"p",102381983.073897,"NYC16","ILR17","NYC16_vs_ILR17",0,"_Phylum",1,"316_Phylum"
316,0,"p",98583182.2925807,"NYC16","MIN17","NYC16_vs_MIN17",0,"_Phylum",1,"316_Phylum"
316,0,"p",106731450.480254,"NYC16","NYC17","NYC16_vs_NYC17",0,"_Phylum",1,"316_Phylum"
316,0,"p",98761554.4073438,"NYC16","SAC16","NYC16_vs_SAC16",0,"_Phylum",1,"316_Phylum"
316,0,"p",98825450.8168887,"NYC16","SAN17","NYC16_vs_SAN17",0,"_Phylum",1,"316_Phylum"
316,0,"p",103149719.866773,"NYC16","SAO17","NYC16_vs_SAO17",0,"_Phylum",1,"316_Phylum"
316,0,"p",118168929.636336,"NYC16","TOK16","NYC16_vs_TOK16",0,"_Phylum",1,"316_Phylum"
316,0,"p",104157594.904806,"NYC16","TOK17","NYC16_vs_TOK17",0,"_Phylum",1,"316_Phylum"
316,0,"p",104336380.45262,"NYC16","VIE17","NYC16_vs_VIE17",0,"_Phylum",1,"316_Phylum"
316,0,"p",102864125.311227,"NYC16","ZRH17","NYC16_vs_ZRH17",0,"_Phylum",1,"316_Phylum"
316,0,"p",8592017.37574555,"NYC17","SAN17","NYC17_vs_SAN17",0,"_Phylum",1,"316_Phylum"
316,0,"p",12916286.4256297,"NYC17","SAO17","NYC17_vs_SAO17",0,"_Phylum",1,"316_Phylum"
316,0,"p",13924161.4636631,"NYC17","TOK17","NYC17_vs_TOK17",0,"_Phylum",1,"316_Phylum"
316,0,"p",14102947.0114773,"NYC17","VIE17","NYC17_vs_VIE17",0,"_Phylum",1,"316_Phylum"
316,0,"p",12630691.8700841,"NYC17","ZRH17","NYC17_vs_ZRH17",0,"_Phylum",1,"316_Phylum"
316,0,"p",1954825.32885476,"SAC16","BAL17","SAC16_vs_BAL17",0,"_Phylum",1,"316_Phylum"
316,0,"p",1750929.67714986,"SAC16","DEN17","SAC16_vs_DEN17",0,"_Phylum",1,"316_Phylum"
316,0,"p",2949707.20440879,"SAC16","DOH17","SAC16_vs_DOH17",0,"_Phylum",1,"316_Phylum"
316,0,"p",4178653.55984389,"SAC16","ILR17","SAC16_vs_ILR17",0,"_Phylum",1,"316_Phylum"
316,0,"p",379852.778527491,"SAC16","MIN17","SAC16_vs_MIN17",0,"_Phylum",1,"316_Phylum"
316,0,"p",8528120.96620069,"SAC16","NYC17","SAC16_vs_NYC17",0,"_Phylum",1,"316_Phylum"
316,0,"p",622121.302835423,"SAC16","SAN17","SAC16_vs_SAN17",0,"_Phylum",1,"316_Phylum"
316,0,"p",4946390.35271957,"SAC16","SAO17","SAC16_vs_SAO17",0,"_Phylum",1,"316_Phylum"
316,0,"p",19965600.1222828,"SAC16","TOK16","SAC16_vs_TOK16",0,"_Phylum",1,"316_Phylum"
316,0,"p",5954265.39075299,"SAC16","TOK17","SAC16_vs_TOK17",0,"_Phylum",1,"316_Phylum"
316,0,"p",6133050.93856713,"SAC16","VIE17","SAC16_vs_VIE17",0,"_Phylum",1,"316_Phylum"
316,0,"p",4660795.79717402,"SAC16","ZRH17","SAC16_vs_ZRH17",0,"_Phylum",1,"316_Phylum"
316,0,"p",5010286.76226443,"SAN17","SAO17","SAN17_vs_SAO17",0,"_Phylum",1,"316_Phylum"
316,0,"p",6018161.80029785,"SAN17","TOK17","SAN17_vs_TOK17",0,"_Phylum",1,"316_Phylum"
316,0,"p",6196947.34811199,"SAN17","VIE17","SAN17_vs_VIE17",0,"_Phylum",1,"316_Phylum"
316,0,"p",4724692.20671889,"SAN17","ZRH17","SAN17_vs_ZRH17",0,"_Phylum",1,"316_Phylum"
316,0,"p",10342430.850182,"SAO17","TOK17","SAO17_vs_TOK17",0,"_Phylum",1,"316_Phylum"
316,0,"p",10521216.3979961,"SAO17","VIE17","SAO17_vs_VIE17",0,"_Phylum",1,"316_Phylum"
316,0,"p",9048961.25660303,"SAO17","ZRH17","SAO17_vs_ZRH17",0,"_Phylum",1,"316_Phylum"
316,0,"p",21362200.557847,"TOK16","BAL17","TOK16_vs_BAL17",0,"_Phylum",1,"316_Phylum"
316,0,"p",21158304.9061421,"TOK16","DEN17","TOK16_vs_DEN17",0,"_Phylum",1,"316_Phylum"
316,0,"p",22357082.433401,"TOK16","DOH17","TOK16_vs_DOH17",0,"_Phylum",1,"316_Phylum"
316,0,"p",23586028.7888361,"TOK16","ILR17","TOK16_vs_ILR17",0,"_Phylum",1,"316_Phylum"
316,0,"p",19787228.0075197,"TOK16","MIN17","TOK16_vs_MIN17",0,"_Phylum",1,"316_Phylum"
316,0,"p",27935496.1951929,"TOK16","NYC17","TOK16_vs_NYC17",0,"_Phylum",1,"316_Phylum"
316,0,"p",20029496.5318277,"TOK16","SAN17","TOK16_vs_SAN17",0,"_Phylum",1,"316_Phylum"
316,0,"p",24353765.5817118,"TOK16","SAO17","TOK16_vs_SAO17",0,"_Phylum",1,"316_Phylum"
316,0,"p",25361640.6197452,"TOK16","TOK17","TOK16_vs_TOK17",0,"_Phylum",1,"316_Phylum"
316,0,"p",25540426.1675594,"TOK16","VIE17","TOK16_vs_VIE17",0,"_Phylum",1,"316_Phylum"
316,0,"p",24068171.0261662,"TOK16","ZRH17","TOK16_vs_ZRH17",0,"_Phylum",1,"316_Phylum"
316,0,"p",10056836.2946365,"TOK17","ZRH17","TOK17_vs_ZRH17",0,"_Phylum",1,"316_Phylum"
316,0,"p",10235621.8424506,"VIE17","ZRH17","VIE17_vs_ZRH17",0,"_Phylum",1,"316_Phylum"
833,0,"p",2530.28828037803,"BOG16","DOH17","BOG16_vs_DOH17",0,"_Phylum",3,"833_Phylum"
833,0,"p",2909.87393645789,"ILR16","DOH17","ILR16_vs_DOH17",0,"_Phylum",4,"833_Phylum"
833,0,"p",2596.41537786447,"NYC16","DOH17","NYC16_vs_DOH17",0,"_Phylum",4,"833_Phylum"
833,0,"p",2634.72565244612,"TOK16","DOH17","TOK16_vs_DOH17",0,"_Phylum",2,"833_Phylum"
1280,0,"p",4238076.20673501,"AKL16","BAL17","AKL16_vs_BAL17",0,"_Phylum",4,"1280_Phylum"
1280,0,"p",5099383.32231972,"AKL16","BER16","AKL16_vs_BER16",0,"_Phylum",4,"1280_Phylum"
1280,0,"p",6233836.93632152,"AKL16","BOG16","AKL16_vs_BOG16",0,"_Phylum",4,"1280_Phylum"
1280,0,"p",4905581.15868726,"AKL16","DEN16","AKL16_vs_DEN16",0,"_Phylum",3,"1280_Phylum"
1280,0,"p",4276486.37687733,"AKL16","DEN17","AKL16_vs_DEN17",0,"_Phylum",4,"1280_Phylum"
1280,0,"p",4599867.10094825,"AKL16","DOH16","AKL16_vs_DOH16",0,"_Phylum",4,"1280_Phylum"
1280,0,"p",4241129.96014344,"AKL16","DOH17","AKL16_vs_DOH17",0,"_Phylum",4,"1280_Phylum"
1280,0,"p",173476714.11625,"AKL16","ILR16","AKL16_vs_ILR16",0,"_Phylum",4,"1280_Phylum"
1280,0,"p",4349357.20327681,"AKL16","ILR17","AKL16_vs_ILR17",0,"_Phylum",4,"1280_Phylum"
1280,0,"p",4857615.6015461,"AKL16","LIS16","AKL16_vs_LIS16",0,"_Phylum",3,"1280_Phylum"
1280,0,"p",4187836.10214781,"AKL16","MIN17","AKL16_vs_MIN17",0,"_Phylum",4,"1280_Phylum"
1280,0,"p",9530716.99089646,"AKL16","NYC16","AKL16_vs_NYC16",0,"_Phylum",4,"1280_Phylum"
1280,0,"p",4335790.20309453,"AKL16","NYC17","AKL16_vs_NYC17",0,"_Phylum",4,"1280_Phylum"
1280,0,"p",4367858.05474228,"AKL16","SAC16","AKL16_vs_SAC16",0,"_Phylum",5,"1280_Phylum"
1280,0,"p",4266347.30437171,"AKL16","SAN17","AKL16_vs_SAN17",0,"_Phylum",5,"1280_Phylum"
1280,0,"p",4886646.1791821,"AKL16","SAO17","AKL16_vs_SAO17",0,"_Phylum",4,"1280_Phylum"
1280,0,"p",15427842.0352446,"AKL16","TOK16","AKL16_vs_TOK16",0,"_Phylum",4,"1280_Phylum"
1280,0,"p",6860865.3498879,"AKL16","TOK17","AKL16_vs_TOK17",0,"_Phylum",4,"1280_Phylum"
1280,0,"p",4834522.03575424,"AKL16","VIE17","AKL16_vs_VIE17",0,"_Phylum",4,"1280_Phylum"
1280,0,"p",4413271.49695657,"AKL16","ZRH17","AKL16_vs_ZRH17",0,"_Phylum",4,"1280_Phylum"
1280,0,"p",155250.282585599,"BAL17","DEN17","BAL17_vs_DEN17",0,"_Phylum",2,"1280_Phylum"
1280,0,"p",119893.865851715,"BAL17","DOH17","BAL17_vs_DOH17",0,"_Phylum",3,"1280_Phylum"
1280,0,"p",228121.108985083,"BAL17","ILR17","BAL17_vs_ILR17",0,"_Phylum",4,"1280_Phylum"
1280,0,"p",66600.0078560785,"BAL17","MIN17","BAL17_vs_MIN17",0,"_Phylum",4,"1280_Phylum"
1280,0,"p",214554.108802797,"BAL17","NYC17","BAL17_vs_NYC17",0,"_Phylum",3,"1280_Phylum"
1280,0,"p",145111.210079982,"BAL17","SAN17","BAL17_vs_SAN17",0,"_Phylum",4,"1280_Phylum"
1280,0,"p",765410.084890367,"BAL17","SAO17","BAL17_vs_SAO17",0,"_Phylum",3,"1280_Phylum"
1280,0,"p",2739629.25559617,"BAL17","TOK17","BAL17_vs_TOK17",0,"_Phylum",3,"1280_Phylum"
1280,0,"p",713285.941462512,"BAL17","VIE17","BAL17_vs_VIE17",0,"_Phylum",2,"1280_Phylum"
1280,0,"p",292035.402664839,"BAL17","ZRH17","BAL17_vs_ZRH17",0,"_Phylum",2,"1280_Phylum"
1280,0,"p",978147.22802799,"BER16","BAL17","BER16_vs_BAL17",0,"_Phylum",3,"1280_Phylum"
1280,0,"p",2973907.9576145,"BER16","BOG16","BER16_vs_BOG16",0,"_Phylum",4,"1280_Phylum"
1280,0,"p",1645652.17998024,"BER16","DEN16","BER16_vs_DEN16",0,"_Phylum",2,"1280_Phylum"
1280,0,"p",1016557.39817031,"BER16","DEN17","BER16_vs_DEN17",0,"_Phylum",3,"1280_Phylum"
1280,0,"p",1339938.12224123,"BER16","DOH16","BER16_vs_DOH16",0,"_Phylum",3,"1280_Phylum"
1280,0,"p",981200.981436425,"BER16","DOH17","BER16_vs_DOH17",0,"_Phylum",3,"1280_Phylum"
1280,0,"p",170216785.137543,"BER16","ILR16","BER16_vs_ILR16",0,"_Phylum",4,"1280_Phylum"
1280,0,"p",1089428.22456979,"BER16","ILR17","BER16_vs_ILR17",0,"_Phylum",5,"1280_Phylum"
1280,0,"p",1597686.62283908,"BER16","LIS16","BER16_vs_LIS16",0,"_Phylum",3,"1280_Phylum"
1280,0,"p",927907.123440788,"BER16","MIN17","BER16_vs_MIN17",0,"_Phylum",5,"1280_Phylum"
1280,0,"p",6270788.01218944,"BER16","NYC16","BER16_vs_NYC16",0,"_Phylum",4,"1280_Phylum"
1280,0,"p",1075861.22438751,"BER16","NYC17","BER16_vs_NYC17",0,"_Phylum",3,"1280_Phylum"
1280,0,"p",1107929.07603527,"BER16","SAC16","BER16_vs_SAC16",0,"_Phylum",5,"1280_Phylum"
1280,0,"p",1006418.32566469,"BER16","SAN17","BER16_vs_SAN17",0,"_Phylum",5,"1280_Phylum"
1280,0,"p",1626717.20047508,"BER16","SAO17","BER16_vs_SAO17",0,"_Phylum",3,"1280_Phylum"
1280,0,"p",12167913.0565375,"BER16","TOK16","BER16_vs_TOK16",0,"_Phylum",3,"1280_Phylum"
1280,0,"p",3600936.37118089,"BER16","TOK17","BER16_vs_TOK17",0,"_Phylum",3,"1280_Phylum"
1280,0,"p",1574593.05704722,"BER16","VIE17","BER16_vs_VIE17",0,"_Phylum",3,"1280_Phylum"
1280,0,"p",1153342.51824955,"BER16","ZRH17","BER16_vs_ZRH17",0,"_Phylum",3,"1280_Phylum"
1280,0,"p",2112600.84202979,"BOG16","BAL17","BOG16_vs_BAL17",0,"_Phylum",3,"1280_Phylum"
1280,0,"p",2780105.79398204,"BOG16","DEN16","BOG16_vs_DEN16",0,"_Phylum",4,"1280_Phylum"
1280,0,"p",2151011.01217211,"BOG16","DEN17","BOG16_vs_DEN17",0,"_Phylum",2,"1280_Phylum"
1280,0,"p",2474391.73624304,"BOG16","DOH16","BOG16_vs_DOH16",0,"_Phylum",4,"1280_Phylum"
1280,0,"p",2115654.59543823,"BOG16","DOH17","BOG16_vs_DOH17",0,"_Phylum",4,"1280_Phylum"
1280,0,"p",171351238.751545,"BOG16","ILR16","BOG16_vs_ILR16",0,"_Phylum",5,"1280_Phylum"
1280,0,"p",2223881.83857159,"BOG16","ILR17","BOG16_vs_ILR17",0,"_Phylum",4,"1280_Phylum"
1280,0,"p",2732140.23684088,"BOG16","LIS16","BOG16_vs_LIS16",0,"_Phylum",4,"1280_Phylum"
1280,0,"p",2062360.73744259,"BOG16","MIN17","BOG16_vs_MIN17",0,"_Phylum",4,"1280_Phylum"
1280,0,"p",7405241.62619124,"BOG16","NYC16","BOG16_vs_NYC16",0,"_Phylum",5,"1280_Phylum"
1280,0,"p",2210314.83838931,"BOG16","NYC17","BOG16_vs_NYC17",0,"_Phylum",4,"1280_Phylum"
1280,0,"p",2242382.69003707,"BOG16","SAC16","BOG16_vs_SAC16",0,"_Phylum",4,"1280_Phylum"
1280,0,"p",2140871.93966649,"BOG16","SAN17","BOG16_vs_SAN17",0,"_Phylum",4,"1280_Phylum"
1280,0,"p",2761170.81447688,"BOG16","SAO17","BOG16_vs_SAO17",0,"_Phylum",3,"1280_Phylum"
1280,0,"p",13302366.6705393,"BOG16","TOK16","BOG16_vs_TOK16",0,"_Phylum",5,"1280_Phylum"
1280,0,"p",4735389.98518269,"BOG16","TOK17","BOG16_vs_TOK17",0,"_Phylum",3,"1280_Phylum"
1280,0,"p",2709046.67104902,"BOG16","VIE17","BOG16_vs_VIE17",0,"_Phylum",3,"1280_Phylum"
1280,0,"p",2287796.13225135,"BOG16","ZRH17","BOG16_vs_ZRH17",0,"_Phylum",3,"1280_Phylum"
1280,0,"p",784345.064395529,"DEN16","BAL17","DEN16_vs_BAL17",0,"_Phylum",4,"1280_Phylum"
1280,0,"p",822755.234537847,"DEN16","DEN17","DEN16_vs_DEN17",0,"_Phylum",4,"1280_Phylum"
1280,0,"p",1146135.95860877,"DEN16","DOH16","DEN16_vs_DOH16",0,"_Phylum",3,"1280_Phylum"
1280,0,"p",787398.817803964,"DEN16","DOH17","DEN16_vs_DOH17",0,"_Phylum",4,"1280_Phylum"
1280,0,"p",170022982.97391,"DEN16","ILR16","DEN16_vs_ILR16",0,"_Phylum",3,"1280_Phylum"
1280,0,"p",895626.060937332,"DEN16","ILR17","DEN16_vs_ILR17",0,"_Phylum",4,"1280_Phylum"
1280,0,"p",1403884.45920662,"DEN16","LIS16","DEN16_vs_LIS16",0,"_Phylum",2,"1280_Phylum"
1280,0,"p",734104.959808327,"DEN16","MIN17","DEN16_vs_MIN17",0,"_Phylum",4,"1280_Phylum"
1280,0,"p",6076985.84855697,"DEN16","NYC16","DEN16_vs_NYC16",0,"_Phylum",3,"1280_Phylum"
1280,0,"p",882059.060755046,"DEN16","NYC17","DEN16_vs_NYC17",0,"_Phylum",3,"1280_Phylum"
1280,0,"p",914126.912402803,"DEN16","SAC16","DEN16_vs_SAC16",0,"_Phylum",4,"1280_Phylum"
1280,0,"p",812616.16203223,"DEN16","SAN17","DEN16_vs_SAN17",0,"_Phylum",4,"1280_Phylum"
1280,0,"p",1432915.03684262,"DEN16","SAO17","DEN16_vs_SAO17",0,"_Phylum",4,"1280_Phylum"
1280,0,"p",11974110.8929051,"DEN16","TOK16","DEN16_vs_TOK16",0,"_Phylum",3,"1280_Phylum"
1280,0,"p",3407134.20754842,"DEN16","TOK17","DEN16_vs_TOK17",0,"_Phylum",4,"1280_Phylum"
1280,0,"p",1380790.89341476,"DEN16","VIE17","DEN16_vs_VIE17",0,"_Phylum",4,"1280_Phylum"
1280,0,"p",959540.354617088,"DEN16","ZRH17","DEN16_vs_ZRH17",0,"_Phylum",3,"1280_Phylum"
1280,0,"p",158304.035994034,"DEN17","DOH17","DEN17_vs_DOH17",0,"_Phylum",4,"1280_Phylum"
1280,0,"p",266531.279127401,"DEN17","ILR17","DEN17_vs_ILR17",0,"_Phylum",3,"1280_Phylum"
1280,0,"p",105010.177998397,"DEN17","MIN17","DEN17_vs_MIN17",0,"_Phylum",4,"1280_Phylum"
1280,0,"p",252964.278945115,"DEN17","NYC17","DEN17_vs_NYC17",0,"_Phylum",4,"1280_Phylum"
1280,0,"p",183521.3802223,"DEN17","SAN17","DEN17_vs_SAN17",0,"_Phylum",4,"1280_Phylum"
1280,0,"p",2778039.42573849,"DEN17","TOK17","DEN17_vs_TOK17",0,"_Phylum",4,"1280_Phylum"
1280,0,"p",478631.006656524,"DOH16","BAL17","DOH16_vs_BAL17",0,"_Phylum",3,"1280_Phylum"
1280,0,"p",517041.176798842,"DOH16","DEN17","DOH16_vs_DEN17",0,"_Phylum",4,"1280_Phylum"
1280,0,"p",481684.760064958,"DOH16","DOH17","DOH16_vs_DOH17",0,"_Phylum",2,"1280_Phylum"
1280,0,"p",169717268.916171,"DOH16","ILR16","DOH16_vs_ILR16",0,"_Phylum",4,"1280_Phylum"
1280,0,"p",589912.003198326,"DOH16","ILR17","DOH16_vs_ILR17",0,"_Phylum",4,"1280_Phylum"
1280,0,"p",1098170.40146761,"DOH16","LIS16","DOH16_vs_LIS16",0,"_Phylum",4,"1280_Phylum"
1280,0,"p",428390.902069321,"DOH16","MIN17","DOH16_vs_MIN17",0,"_Phylum",4,"1280_Phylum"
1280,0,"p",5771271.79081797,"DOH16","NYC16","DOH16_vs_NYC16",0,"_Phylum",3,"1280_Phylum"
1280,0,"p",576345.00301604,"DOH16","NYC17","DOH16_vs_NYC17",0,"_Phylum",3,"1280_Phylum"
1280,0,"p",608412.854663798,"DOH16","SAC16","DOH16_vs_SAC16",0,"_Phylum",4,"1280_Phylum"
1280,0,"p",506902.104293225,"DOH16","SAN17","DOH16_vs_SAN17",0,"_Phylum",4,"1280_Phylum"
1280,0,"p",1127200.97910361,"DOH16","SAO17","DOH16_vs_SAO17",0,"_Phylum",3,"1280_Phylum"
1280,0,"p",11668396.8351661,"DOH16","TOK16","DOH16_vs_TOK16",0,"_Phylum",2,"1280_Phylum"
1280,0,"p",3101420.14980942,"DOH16","TOK17","DOH16_vs_TOK17",0,"_Phylum",2,"1280_Phylum"
1280,0,"p",1075076.83567575,"DOH16","VIE17","DOH16_vs_VIE17",0,"_Phylum",3,"1280_Phylum"
1280,0,"p",653826.296878082,"DOH16","ZRH17","DOH16_vs_ZRH17",0,"_Phylum",4,"1280_Phylum"
1280,0,"p",231174.862393518,"DOH17","ILR17","DOH17_vs_ILR17",0,"_Phylum",4,"1280_Phylum"
1280,0,"p",69653.7612645131,"DOH17","MIN17","DOH17_vs_MIN17",0,"_Phylum",4,"1280_Phylum"
1280,0,"p",217607.862211232,"DOH17","NYC17","DOH17_vs_NYC17",0,"_Phylum",3,"1280_Phylum"
1280,0,"p",768463.838298802,"DOH17","SAO17","DOH17_vs_SAO17",0,"_Phylum",3,"1280_Phylum"
1280,0,"p",2742683.00900461,"DOH17","TOK17","DOH17_vs_TOK17",0,"_Phylum",2,"1280_Phylum"
1280,0,"p",716339.694870946,"DOH17","VIE17","DOH17_vs_VIE17",0,"_Phylum",3,"1280_Phylum"
1280,0,"p",295089.156073274,"DOH17","ZRH17","DOH17_vs_ZRH17",0,"_Phylum",4,"1280_Phylum"
1280,0,"p",169355478.021958,"ILR16","BAL17","ILR16_vs_BAL17",0,"_Phylum",4,"1280_Phylum"
1280,0,"p",169393888.1921,"ILR16","DEN17","ILR16_vs_DEN17",0,"_Phylum",4,"1280_Phylum"
1280,0,"p",169358531.775366,"ILR16","DOH17","ILR16_vs_DOH17",0,"_Phylum",5,"1280_Phylum"
1280,0,"p",169466759.0185,"ILR16","ILR17","ILR16_vs_ILR17",0,"_Phylum",5,"1280_Phylum"
1280,0,"p",169975017.416769,"ILR16","LIS16","ILR16_vs_LIS16",0,"_Phylum",3,"1280_Phylum"
1280,0,"p",169305237.917371,"ILR16","MIN17","ILR16_vs_MIN17",0,"_Phylum",5,"1280_Phylum"
1280,0,"p",174648118.806119,"ILR16","NYC16","ILR16_vs_NYC16",0,"_Phylum",4,"1280_Phylum"
1280,0,"p",169453192.018317,"ILR16","NYC17","ILR16_vs_NYC17",0,"_Phylum",5,"1280_Phylum"
1280,0,"p",169485259.869965,"ILR16","SAC16","ILR16_vs_SAC16",0,"_Phylum",5,"1280_Phylum"
1280,0,"p",169383749.119595,"ILR16","SAN17","ILR16_vs_SAN17",0,"_Phylum",5,"1280_Phylum"
1280,0,"p",170004047.994405,"ILR16","SAO17","ILR16_vs_SAO17",0,"_Phylum",3,"1280_Phylum"
1280,0,"p",180545243.850468,"ILR16","TOK16","ILR16_vs_TOK16",0,"_Phylum",4,"1280_Phylum"
1280,0,"p",171978267.165111,"ILR16","TOK17","ILR16_vs_TOK17",0,"_Phylum",4,"1280_Phylum"
1280,0,"p",169951923.850977,"ILR16","VIE17","ILR16_vs_VIE17",0,"_Phylum",5,"1280_Phylum"
1280,0,"p",169530673.31218,"ILR16","ZRH17","ILR16_vs_ZRH17",0,"_Phylum",4,"1280_Phylum"
1280,0,"p",177881.004397881,"ILR17","MIN17","ILR17_vs_MIN17",0,"_Phylum",3,"1280_Phylum"
1280,0,"p",325835.1053446,"ILR17","NYC17","ILR17_vs_NYC17",0,"_Phylum",4,"1280_Phylum"
1280,0,"p",876691.081432169,"ILR17","SAO17","ILR17_vs_SAO17",0,"_Phylum",4,"1280_Phylum"
1280,0,"p",2850910.25213798,"ILR17","TOK17","ILR17_vs_TOK17",0,"_Phylum",4,"1280_Phylum"
1280,0,"p",824566.938004314,"ILR17","VIE17","ILR17_vs_VIE17",0,"_Phylum",4,"1280_Phylum"
1280,0,"p",403316.399206642,"ILR17","ZRH17","ILR17_vs_ZRH17",0,"_Phylum",4,"1280_Phylum"
1280,0,"p",736379.50725437,"LIS16","BAL17","LIS16_vs_BAL17",0,"_Phylum",4,"1280_Phylum"
1280,0,"p",774789.677396687,"LIS16","DEN17","LIS16_vs_DEN17",0,"_Phylum",4,"1280_Phylum"
1280,0,"p",739433.260662806,"LIS16","DOH17","LIS16_vs_DOH17",0,"_Phylum",4,"1280_Phylum"
1280,0,"p",847660.503796171,"LIS16","ILR17","LIS16_vs_ILR17",0,"_Phylum",4,"1280_Phylum"
1280,0,"p",686139.402667168,"LIS16","MIN17","LIS16_vs_MIN17",0,"_Phylum",5,"1280_Phylum"
1280,0,"p",6029020.29141581,"LIS16","NYC16","LIS16_vs_NYC16",0,"_Phylum",3,"1280_Phylum"
1280,0,"p",834093.503613886,"LIS16","NYC17","LIS16_vs_NYC17",0,"_Phylum",4,"1280_Phylum"
1280,0,"p",866161.355261643,"LIS16","SAC16","LIS16_vs_SAC16",0,"_Phylum",5,"1280_Phylum"
1280,0,"p",764650.60489107,"LIS16","SAN17","LIS16_vs_SAN17",0,"_Phylum",5,"1280_Phylum"
1280,0,"p",1384949.47970145,"LIS16","SAO17","LIS16_vs_SAO17",0,"_Phylum",4,"1280_Phylum"
1280,0,"p",11926145.3357639,"LIS16","TOK16","LIS16_vs_TOK16",0,"_Phylum",4,"1280_Phylum"
1280,0,"p",3359168.65040727,"LIS16","TOK17","LIS16_vs_TOK17",0,"_Phylum",4,"1280_Phylum"
1280,0,"p",1332825.3362736,"LIS16","VIE17","LIS16_vs_VIE17",0,"_Phylum",4,"1280_Phylum"
1280,0,"p",911574.797475929,"LIS16","ZRH17","LIS16_vs_ZRH17",0,"_Phylum",4,"1280_Phylum"
1280,0,"p",94871.1054927798,"MIN17","SAN17","MIN17_vs_SAN17",0,"_Phylum",3,"1280_Phylum"
1280,0,"p",715169.980303165,"MIN17","SAO17","MIN17_vs_SAO17",0,"_Phylum",4,"1280_Phylum"
1280,0,"p",2689389.15100897,"MIN17","TOK17","MIN17_vs_TOK17",0,"_Phylum",4,"1280_Phylum"
1280,0,"p",663045.836875309,"MIN17","VIE17","MIN17_vs_VIE17",0,"_Phylum",4,"1280_Phylum"
1280,0,"p",241795.298077637,"MIN17","ZRH17","MIN17_vs_ZRH17",0,"_Phylum",4,"1280_Phylum"
1280,0,"p",5409480.89660473,"NYC16","BAL17","NYC16_vs_BAL17",0,"_Phylum",4,"1280_Phylum"
1280,0,"p",5447891.06674705,"NYC16","DEN17","NYC16_vs_DEN17",0,"_Phylum",4,"1280_Phylum"
1280,0,"p",5412534.65001316,"NYC16","DOH17","NYC16_vs_DOH17",0,"_Phylum",5,"1280_Phylum"
1280,0,"p",5520761.89314653,"NYC16","ILR17","NYC16_vs_ILR17",0,"_Phylum",5,"1280_Phylum"
1280,0,"p",5359240.79201753,"NYC16","MIN17","NYC16_vs_MIN17",0,"_Phylum",5,"1280_Phylum"
1280,0,"p",5507194.89296424,"NYC16","NYC17","NYC16_vs_NYC17",0,"_Phylum",4,"1280_Phylum"
1280,0,"p",5539262.744612,"NYC16","SAC16","NYC16_vs_SAC16",0,"_Phylum",5,"1280_Phylum"
1280,0,"p",5437751.99424143,"NYC16","SAN17","NYC16_vs_SAN17",0,"_Phylum",5,"1280_Phylum"
1280,0,"p",6058050.86905181,"NYC16","SAO17","NYC16_vs_SAO17",0,"_Phylum",4,"1280_Phylum"
1280,0,"p",8032270.03975762,"NYC16","TOK17","NYC16_vs_TOK17",0,"_Phylum",4,"1280_Phylum"
1280,0,"p",6005926.72562396,"NYC16","VIE17","NYC16_vs_VIE17",0,"_Phylum",4,"1280_Phylum"
1280,0,"p",5584676.18682629,"NYC16","ZRH17","NYC16_vs_ZRH17",0,"_Phylum",4,"1280_Phylum"
1280,0,"p",242825.206439498,"NYC17","SAN17","NYC17_vs_SAN17",0,"_Phylum",4,"1280_Phylum"
1280,0,"p",863124.081249883,"NYC17","SAO17","NYC17_vs_SAO17",0,"_Phylum",3,"1280_Phylum"
1280,0,"p",2837343.25195569,"NYC17","TOK17","NYC17_vs_TOK17",0,"_Phylum",3,"1280_Phylum"
1280,0,"p",810999.937822028,"NYC17","VIE17","NYC17_vs_VIE17",0,"_Phylum",3,"1280_Phylum"
1280,0,"p",389749.399024356,"NYC17","ZRH17","NYC17_vs_ZRH17",0,"_Phylum",4,"1280_Phylum"
1280,0,"p",246621.960450555,"SAC16","BAL17","SAC16_vs_BAL17",0,"_Phylum",4,"1280_Phylum"
1280,0,"p",285032.130592873,"SAC16","DEN17","SAC16_vs_DEN17",0,"_Phylum",4,"1280_Phylum"
1280,0,"p",249675.71385899,"SAC16","DOH17","SAC16_vs_DOH17",0,"_Phylum",4,"1280_Phylum"
1280,0,"p",357902.956992358,"SAC16","ILR17","SAC16_vs_ILR17",0,"_Phylum",4,"1280_Phylum"
1280,0,"p",196381.855863353,"SAC16","MIN17","SAC16_vs_MIN17",0,"_Phylum",3,"1280_Phylum"
1280,0,"p",344335.956810072,"SAC16","NYC17","SAC16_vs_NYC17",0,"_Phylum",4,"1280_Phylum"
1280,0,"p",274893.058087257,"SAC16","SAN17","SAC16_vs_SAN17",0,"_Phylum",3,"1280_Phylum"
1280,0,"p",895191.932897642,"SAC16","SAO17","SAC16_vs_SAO17",0,"_Phylum",4,"1280_Phylum"
1280,0,"p",11436387.7889601,"SAC16","TOK16","SAC16_vs_TOK16",0,"_Phylum",5,"1280_Phylum"
1280,0,"p",843067.789469786,"SAC16","VIE17","SAC16_vs_VIE17",0,"_Phylum",4,"1280_Phylum"
1280,0,"p",421817.250672114,"SAC16","ZRH17","SAC16_vs_ZRH17",0,"_Phylum",4,"1280_Phylum"
1280,0,"p",793681.182527068,"SAN17","SAO17","SAN17_vs_SAO17",0,"_Phylum",4,"1280_Phylum"
1280,0,"p",2767900.35323288,"SAN17","TOK17","SAN17_vs_TOK17",0,"_Phylum",4,"1280_Phylum"
1280,0,"p",741557.039099212,"SAN17","VIE17","SAN17_vs_VIE17",0,"_Phylum",4,"1280_Phylum"
1280,0,"p",320306.500301541,"SAN17","ZRH17","SAN17_vs_ZRH17",0,"_Phylum",4,"1280_Phylum"
1280,0,"p",3388199.22804326,"SAO17","TOK17","SAO17_vs_TOK17",0,"_Phylum",3,"1280_Phylum"
1280,0,"p",11306605.9409528,"TOK16","BAL17","TOK16_vs_BAL17",0,"_Phylum",3,"1280_Phylum"
1280,0,"p",11345016.1110951,"TOK16","DEN17","TOK16_vs_DEN17",0,"_Phylum",4,"1280_Phylum"
1280,0,"p",11309659.6943613,"TOK16","DOH17","TOK16_vs_DOH17",0,"_Phylum",3,"1280_Phylum"
1280,0,"p",11417886.9374946,"TOK16","ILR17","TOK16_vs_ILR17",0,"_Phylum",5,"1280_Phylum"
1280,0,"p",11256365.8363656,"TOK16","MIN17","TOK16_vs_MIN17",0,"_Phylum",5,"1280_Phylum"
1280,0,"p",11404319.9373123,"TOK16","NYC17","TOK16_vs_NYC17",0,"_Phylum",4,"1280_Phylum"
1280,0,"p",11334877.0385895,"TOK16","SAN17","TOK16_vs_SAN17",0,"_Phylum",5,"1280_Phylum"
1280,0,"p",11955175.9133999,"TOK16","SAO17","TOK16_vs_SAO17",0,"_Phylum",3,"1280_Phylum"
1280,0,"p",13929395.0841057,"TOK16","TOK17","TOK16_vs_TOK17",0,"_Phylum",3,"1280_Phylum"
1280,0,"p",11903051.7699721,"TOK16","VIE17","TOK16_vs_VIE17",0,"_Phylum",5,"1280_Phylum"
1280,0,"p",11481801.2311744,"TOK16","ZRH17","TOK16_vs_ZRH17",0,"_Phylum",4,"1280_Phylum"
1280,0,"p",3336075.08461541,"TOK17","VIE17","TOK17_vs_VIE17",0,"_Phylum",2,"1280_Phylum"
1280,0,"p",2914824.54581773,"TOK17","ZRH17","TOK17_vs_ZRH17",0,"_Phylum",4,"1280_Phylum"
1747,0,"p",2678414.56558002,"AKL16","BAL17","AKL16_vs_BAL17",0,"_Phylum",5,"1747_Phylum"
1747,0,"p",10534845.0660465,"AKL16","BER16","AKL16_vs_BER16",0,"_Phylum",5,"1747_Phylum"
1747,0,"p",7474561.37696111,"AKL16","BOG16","AKL16_vs_BOG16",0,"_Phylum",5,"1747_Phylum"
1747,0,"p",3241932.3342313,"AKL16","DEN16","AKL16_vs_DEN16",0,"_Phylum",4,"1747_Phylum"
1747,0,"p",3574022.48451087,"AKL16","DEN17","AKL16_vs_DEN17",0,"_Phylum",5,"1747_Phylum"
1747,0,"p",2815724.77156252,"AKL16","DOH16","AKL16_vs_DOH16",0,"_Phylum",5,"1747_Phylum"
1747,0,"p",3743864.08697755,"AKL16","DOH17","AKL16_vs_DOH17",0,"_Phylum",5,"1747_Phylum"
1747,0,"p",4517783.10222682,"AKL16","ILR16","AKL16_vs_ILR16",0,"_Phylum",5,"1747_Phylum"
1747,0,"p",3649649.38093883,"AKL16","ILR17","AKL16_vs_ILR17",0,"_Phylum",5,"1747_Phylum"
1747,0,"p",10496723.2008677,"AKL16","LIS16","AKL16_vs_LIS16",0,"_Phylum",4,"1747_Phylum"
1747,0,"p",2523463.71424397,"AKL16","MIN17","AKL16_vs_MIN17",0,"_Phylum",5,"1747_Phylum"
1747,0,"p",16680889.4498539,"AKL16","NYC16","AKL16_vs_NYC16",0,"_Phylum",5,"1747_Phylum"
1747,0,"p",8459742.0223282,"AKL16","NYC17","AKL16_vs_NYC17",0,"_Phylum",5,"1747_Phylum"
1747,0,"p",4917614.76786579,"AKL16","SAO17","AKL16_vs_SAO17",0,"_Phylum",5,"1747_Phylum"
1747,0,"p",11098453.4271902,"AKL16","TOK16","AKL16_vs_TOK16",0,"_Phylum",5,"1747_Phylum"
1747,0,"p",4617947.23126975,"AKL16","TOK17","AKL16_vs_TOK17",0,"_Phylum",5,"1747_Phylum"
1747,0,"p",4461351.13367518,"AKL16","VIE17","AKL16_vs_VIE17",0,"_Phylum",5,"1747_Phylum"
1747,0,"p",5461617.81813181,"AKL16","ZRH17","AKL16_vs_ZRH17",0,"_Phylum",5,"1747_Phylum"
1747,0,"p",1377411.34368609,"BAL17","DEN17","BAL17_vs_DEN17",0,"_Phylum",3,"1747_Phylum"
1747,0,"p",1547252.94615277,"BAL17","DOH17","BAL17_vs_DOH17",0,"_Phylum",4,"1747_Phylum"
1747,0,"p",1453038.24011405,"BAL17","ILR17","BAL17_vs_ILR17",0,"_Phylum",5,"1747_Phylum"
1747,0,"p",326852.573419191,"BAL17","MIN17","BAL17_vs_MIN17",0,"_Phylum",5,"1747_Phylum"
1747,0,"p",6263130.88150343,"BAL17","NYC17","BAL17_vs_NYC17",0,"_Phylum",4,"1747_Phylum"
1747,0,"p",591401.591338834,"BAL17","SAN17","BAL17_vs_SAN17",0,"_Phylum",5,"1747_Phylum"
1747,0,"p",2721003.627041,"BAL17","SAO17","BAL17_vs_SAO17",0,"_Phylum",4,"1747_Phylum"
1747,0,"p",2421336.09044497,"BAL17","TOK17","BAL17_vs_TOK17",0,"_Phylum",4,"1747_Phylum"
1747,0,"p",2264739.9928504,"BAL17","VIE17","BAL17_vs_VIE17",0,"_Phylum",3,"1747_Phylum"
1747,0,"p",3265006.67730703,"BAL17","ZRH17","BAL17_vs_ZRH17",0,"_Phylum",3,"1747_Phylum"
1747,0,"p",8338233.92522174,"BER16","BAL17","BER16_vs_BAL17",0,"_Phylum",4,"1747_Phylum"
1747,0,"p",13134380.7366028,"BER16","BOG16","BER16_vs_BOG16",0,"_Phylum",5,"1747_Phylum"
1747,0,"p",9233841.84415258,"BER16","DEN17","BER16_vs_DEN17",0,"_Phylum",4,"1747_Phylum"
1747,0,"p",8475544.13120424,"BER16","DOH16","BER16_vs_DOH16",0,"_Phylum",4,"1747_Phylum"
1747,0,"p",9403683.44661926,"BER16","DOH17","BER16_vs_DOH17",0,"_Phylum",4,"1747_Phylum"
1747,0,"p",10177602.4618685,"BER16","ILR16","BER16_vs_ILR16",0,"_Phylum",5,"1747_Phylum"
1747,0,"p",16156542.5605094,"BER16","LIS16","BER16_vs_LIS16",0,"_Phylum",4,"1747_Phylum"
1747,0,"p",22340708.8094956,"BER16","NYC16","BER16_vs_NYC16",0,"_Phylum",5,"1747_Phylum"
1747,0,"p",14119561.3819699,"BER16","NYC17","BER16_vs_NYC17",0,"_Phylum",4,"1747_Phylum"
1747,0,"p",10577434.1275075,"BER16","SAO17","BER16_vs_SAO17",0,"_Phylum",4,"1747_Phylum"
1747,0,"p",16758272.786832,"BER16","TOK16","BER16_vs_TOK16",0,"_Phylum",4,"1747_Phylum"
1747,0,"p",10277766.5909115,"BER16","TOK17","BER16_vs_TOK17",0,"_Phylum",4,"1747_Phylum"
1747,0,"p",10121170.4933169,"BER16","VIE17","BER16_vs_VIE17",0,"_Phylum",4,"1747_Phylum"
1747,0,"p",11121437.1777735,"BER16","ZRH17","BER16_vs_ZRH17",0,"_Phylum",4,"1747_Phylum"
1747,0,"p",5277950.23613633,"BOG16","BAL17","BOG16_vs_BAL17",0,"_Phylum",4,"1747_Phylum"
1747,0,"p",5841468.00478761,"BOG16","DEN16","BOG16_vs_DEN16",0,"_Phylum",5,"1747_Phylum"
1747,0,"p",6173558.15506717,"BOG16","DEN17","BOG16_vs_DEN17",0,"_Phylum",3,"1747_Phylum"
1747,0,"p",5415260.44211883,"BOG16","DOH16","BOG16_vs_DOH16",0,"_Phylum",5,"1747_Phylum"
1747,0,"p",6343399.75753386,"BOG16","DOH17","BOG16_vs_DOH17",0,"_Phylum",5,"1747_Phylum"
1747,0,"p",6249185.05149514,"BOG16","ILR17","BOG16_vs_ILR17",0,"_Phylum",5,"1747_Phylum"
1747,0,"p",13096258.871424,"BOG16","LIS16","BOG16_vs_LIS16",0,"_Phylum",5,"1747_Phylum"
1747,0,"p",5122999.38480028,"BOG16","MIN17","BOG16_vs_MIN17",0,"_Phylum",5,"1747_Phylum"
1747,0,"p",11059277.6928845,"BOG16","NYC17","BOG16_vs_NYC17",0,"_Phylum",5,"1747_Phylum"
1747,0,"p",5858393.31734522,"BOG16","SAC16","BOG16_vs_SAC16",0,"_Phylum",5,"1747_Phylum"
1747,0,"p",5387548.40271992,"BOG16","SAN17","BOG16_vs_SAN17",0,"_Phylum",5,"1747_Phylum"
1747,0,"p",7517150.43842209,"BOG16","SAO17","BOG16_vs_SAO17",0,"_Phylum",4,"1747_Phylum"
1747,0,"p",7217482.90182606,"BOG16","TOK17","BOG16_vs_TOK17",0,"_Phylum",4,"1747_Phylum"
1747,0,"p",7060886.80423149,"BOG16","VIE17","BOG16_vs_VIE17",0,"_Phylum",4,"1747_Phylum"
1747,0,"p",8061153.48868812,"BOG16","ZRH17","BOG16_vs_ZRH17",0,"_Phylum",4,"1747_Phylum"
1747,0,"p",1045321.19340652,"DEN16","BAL17","DEN16_vs_BAL17",0,"_Phylum",5,"1747_Phylum"
1747,0,"p",1940929.11233737,"DEN16","DEN17","DEN16_vs_DEN17",0,"_Phylum",5,"1747_Phylum"
1747,0,"p",1182631.39938902,"DEN16","DOH16","DEN16_vs_DOH16",0,"_Phylum",4,"1747_Phylum"
1747,0,"p",2110770.71480405,"DEN16","DOH17","DEN16_vs_DOH17",0,"_Phylum",5,"1747_Phylum"
1747,0,"p",2884689.73005332,"DEN16","ILR16","DEN16_vs_ILR16",0,"_Phylum",4,"1747_Phylum"
1747,0,"p",2016556.00876533,"DEN16","ILR17","DEN16_vs_ILR17",0,"_Phylum",5,"1747_Phylum"
1747,0,"p",8863629.82869421,"DEN16","LIS16","DEN16_vs_LIS16",0,"_Phylum",3,"1747_Phylum"
1747,0,"p",890370.342070471,"DEN16","MIN17","DEN16_vs_MIN17",0,"_Phylum",5,"1747_Phylum"
1747,0,"p",6826648.65015471,"DEN16","NYC17","DEN16_vs_NYC17",0,"_Phylum",4,"1747_Phylum"
1747,0,"p",1625764.27461541,"DEN16","SAC16","DEN16_vs_SAC16",0,"_Phylum",5,"1747_Phylum"
1747,0,"p",1154919.35999012,"DEN16","SAN17","DEN16_vs_SAN17",0,"_Phylum",5,"1747_Phylum"
1747,0,"p",3284521.39569229,"DEN16","SAO17","DEN16_vs_SAO17",0,"_Phylum",5,"1747_Phylum"
1747,0,"p",9465360.05501674,"DEN16","TOK16","DEN16_vs_TOK16",0,"_Phylum",4,"1747_Phylum"
1747,0,"p",2984853.85909625,"DEN16","TOK17","DEN16_vs_TOK17",0,"_Phylum",5,"1747_Phylum"
1747,0,"p",2828257.76150168,"DEN16","VIE17","DEN16_vs_VIE17",0,"_Phylum",5,"1747_Phylum"
1747,0,"p",3828524.44595832,"DEN16","ZRH17","DEN16_vs_ZRH17",0,"_Phylum",4,"1747_Phylum"
1747,0,"p",2442860.86508361,"DEN17","DOH17","DEN17_vs_DOH17",0,"_Phylum",5,"1747_Phylum"
1747,0,"p",2348646.15904489,"DEN17","ILR17","DEN17_vs_ILR17",0,"_Phylum",4,"1747_Phylum"
1747,0,"p",1222460.49235003,"DEN17","MIN17","DEN17_vs_MIN17",0,"_Phylum",5,"1747_Phylum"
1747,0,"p",7158738.80043427,"DEN17","NYC17","DEN17_vs_NYC17",0,"_Phylum",5,"1747_Phylum"
1747,0,"p",1487009.51026968,"DEN17","SAN17","DEN17_vs_SAN17",0,"_Phylum",5,"1747_Phylum"
1747,0,"p",3616611.54597185,"DEN17","SAO17","DEN17_vs_SAO17",0,"_Phylum",4,"1747_Phylum"
1747,0,"p",3316944.00937581,"DEN17","TOK17","DEN17_vs_TOK17",0,"_Phylum",5,"1747_Phylum"
1747,0,"p",3160347.91178124,"DEN17","VIE17","DEN17_vs_VIE17",0,"_Phylum",3,"1747_Phylum"
1747,0,"p",4160614.59623788,"DEN17","ZRH17","DEN17_vs_ZRH17",0,"_Phylum",2,"1747_Phylum"
1747,0,"p",619113.630737741,"DOH16","BAL17","DOH16_vs_BAL17",0,"_Phylum",4,"1747_Phylum"
1747,0,"p",1514721.54966859,"DOH16","DEN17","DOH16_vs_DEN17",0,"_Phylum",5,"1747_Phylum"
1747,0,"p",1684563.15213526,"DOH16","DOH17","DOH16_vs_DOH17",0,"_Phylum",3,"1747_Phylum"
1747,0,"p",2458482.16738454,"DOH16","ILR16","DOH16_vs_ILR16",0,"_Phylum",5,"1747_Phylum"
1747,0,"p",1590348.44609655,"DOH16","ILR17","DOH16_vs_ILR17",0,"_Phylum",5,"1747_Phylum"
1747,0,"p",8437422.26602543,"DOH16","LIS16","DOH16_vs_LIS16",0,"_Phylum",5,"1747_Phylum"
1747,0,"p",464162.779401689,"DOH16","MIN17","DOH16_vs_MIN17",0,"_Phylum",5,"1747_Phylum"
1747,0,"p",14621588.5150116,"DOH16","NYC16","DOH16_vs_NYC16",0,"_Phylum",4,"1747_Phylum"
1747,0,"p",6400441.08748592,"DOH16","NYC17","DOH16_vs_NYC17",0,"_Phylum",4,"1747_Phylum"
1747,0,"p",1199556.71194663,"DOH16","SAC16","DOH16_vs_SAC16",0,"_Phylum",5,"1747_Phylum"
1747,0,"p",728711.797321333,"DOH16","SAN17","DOH16_vs_SAN17",0,"_Phylum",5,"1747_Phylum"
1747,0,"p",2858313.8330235,"DOH16","SAO17","DOH16_vs_SAO17",0,"_Phylum",4,"1747_Phylum"
1747,0,"p",9039152.49234796,"DOH16","TOK16","DOH16_vs_TOK16",0,"_Phylum",3,"1747_Phylum"
1747,0,"p",2558646.29642746,"DOH16","TOK17","DOH16_vs_TOK17",0,"_Phylum",3,"1747_Phylum"
1747,0,"p",2402050.1988329,"DOH16","VIE17","DOH16_vs_VIE17",0,"_Phylum",4,"1747_Phylum"
1747,0,"p",3402316.88328953,"DOH16","ZRH17","DOH16_vs_ZRH17",0,"_Phylum",5,"1747_Phylum"
1747,0,"p",2518487.76151157,"DOH17","ILR17","DOH17_vs_ILR17",0,"_Phylum",5,"1747_Phylum"
1747,0,"p",1392302.09481671,"DOH17","MIN17","DOH17_vs_MIN17",0,"_Phylum",5,"1747_Phylum"
1747,0,"p",7328580.40290095,"DOH17","NYC17","DOH17_vs_NYC17",0,"_Phylum",4,"1747_Phylum"
1747,0,"p",1656851.11273636,"DOH17","SAN17","DOH17_vs_SAN17",0,"_Phylum",4,"1747_Phylum"
1747,0,"p",3786453.14843853,"DOH17","SAO17","DOH17_vs_SAO17",0,"_Phylum",4,"1747_Phylum"
1747,0,"p",3486785.61184249,"DOH17","TOK17","DOH17_vs_TOK17",0,"_Phylum",3,"1747_Phylum"
1747,0,"p",3330189.51424792,"DOH17","VIE17","DOH17_vs_VIE17",0,"_Phylum",4,"1747_Phylum"
1747,0,"p",2321171.96140204,"ILR16","BAL17","ILR16_vs_BAL17",0,"_Phylum",5,"1747_Phylum"
1747,0,"p",3216779.88033288,"ILR16","DEN17","ILR16_vs_DEN17",0,"_Phylum",5,"1747_Phylum"
1747,0,"p",10139480.5966897,"ILR16","LIS16","ILR16_vs_LIS16",0,"_Phylum",4,"1747_Phylum"
1747,0,"p",16323646.8456759,"ILR16","NYC16","ILR16_vs_NYC16",0,"_Phylum",5,"1747_Phylum"
1747,0,"p",4560372.1636878,"ILR16","SAO17","ILR16_vs_SAO17",0,"_Phylum",4,"1747_Phylum"
1747,0,"p",10741210.8230123,"ILR16","TOK16","ILR16_vs_TOK16",0,"_Phylum",5,"1747_Phylum"
1747,0,"p",4260704.62709176,"ILR16","TOK17","ILR16_vs_TOK17",0,"_Phylum",5,"1747_Phylum"
1747,0,"p",5104375.21395383,"ILR16","ZRH17","ILR16_vs_ZRH17",0,"_Phylum",5,"1747_Phylum"
1747,0,"p",3692238.44239981,"ILR17","SAO17","ILR17_vs_SAO17",0,"_Phylum",5,"1747_Phylum"
1747,0,"p",3392570.90580377,"ILR17","TOK17","ILR17_vs_TOK17",0,"_Phylum",5,"1747_Phylum"
1747,0,"p",3235974.80820921,"ILR17","VIE17","ILR17_vs_VIE17",0,"_Phylum",5,"1747_Phylum"
1747,0,"p",4236241.49266584,"ILR17","ZRH17","ILR17_vs_ZRH17",0,"_Phylum",5,"1747_Phylum"
1747,0,"p",8300112.06004293,"LIS16","BAL17","LIS16_vs_BAL17",0,"_Phylum",5,"1747_Phylum"
1747,0,"p",9195719.97897378,"LIS16","DEN17","LIS16_vs_DEN17",0,"_Phylum",5,"1747_Phylum"
1747,0,"p",9365561.58144046,"LIS16","DOH17","LIS16_vs_DOH17",0,"_Phylum",5,"1747_Phylum"
1747,0,"p",9271346.87540174,"LIS16","ILR17","LIS16_vs_ILR17",0,"_Phylum",5,"1747_Phylum"
1747,0,"p",22302586.9443168,"LIS16","NYC16","LIS16_vs_NYC16",0,"_Phylum",4,"1747_Phylum"
1747,0,"p",14081439.5167911,"LIS16","NYC17","LIS16_vs_NYC17",0,"_Phylum",5,"1747_Phylum"
1747,0,"p",10539312.2623287,"LIS16","SAO17","LIS16_vs_SAO17",0,"_Phylum",5,"1747_Phylum"
1747,0,"p",16720150.9216531,"LIS16","TOK16","LIS16_vs_TOK16",0,"_Phylum",5,"1747_Phylum"
1747,0,"p",10239644.7257327,"LIS16","TOK17","LIS16_vs_TOK17",0,"_Phylum",5,"1747_Phylum"
1747,0,"p",10083048.6281381,"LIS16","VIE17","LIS16_vs_VIE17",0,"_Phylum",5,"1747_Phylum"
1747,0,"p",11083315.3125947,"LIS16","ZRH17","LIS16_vs_ZRH17",0,"_Phylum",5,"1747_Phylum"
1747,0,"p",436450.740002782,"MIN17","SAN17","MIN17_vs_SAN17",0,"_Phylum",4,"1747_Phylum"
1747,0,"p",2566052.77570495,"MIN17","SAO17","MIN17_vs_SAO17",0,"_Phylum",5,"1747_Phylum"
1747,0,"p",2266385.23910891,"MIN17","TOK17","MIN17_vs_TOK17",0,"_Phylum",5,"1747_Phylum"
1747,0,"p",2109789.14151435,"MIN17","VIE17","MIN17_vs_VIE17",0,"_Phylum",5,"1747_Phylum"
1747,0,"p",3110055.82597098,"MIN17","ZRH17","MIN17_vs_ZRH17",0,"_Phylum",5,"1747_Phylum"
1747,0,"p",14484278.3090291,"NYC16","BAL17","NYC16_vs_BAL17",0,"_Phylum",5,"1747_Phylum"
1747,0,"p",15379886.2279599,"NYC16","DEN17","NYC16_vs_DEN17",0,"_Phylum",5,"1747_Phylum"
1747,0,"p",20265605.7657773,"NYC16","NYC17","NYC16_vs_NYC17",0,"_Phylum",5,"1747_Phylum"
1747,0,"p",16723478.5113148,"NYC16","SAO17","NYC16_vs_SAO17",0,"_Phylum",5,"1747_Phylum"
1747,0,"p",22904317.1706393,"NYC16","TOK16","NYC16_vs_TOK16",0,"_Phylum",4,"1747_Phylum"
1747,0,"p",16423810.9747188,"NYC16","TOK17","NYC16_vs_TOK17",0,"_Phylum",5,"1747_Phylum"
1747,0,"p",16267214.8771242,"NYC16","VIE17","NYC16_vs_VIE17",0,"_Phylum",5,"1747_Phylum"
1747,0,"p",17267481.5615809,"NYC16","ZRH17","NYC16_vs_ZRH17",0,"_Phylum",5,"1747_Phylum"
1747,0,"p",8502331.08378919,"NYC17","SAO17","NYC17_vs_SAO17",0,"_Phylum",4,"1747_Phylum"
1747,0,"p",8202663.54719315,"NYC17","TOK17","NYC17_vs_TOK17",0,"_Phylum",4,"1747_Phylum"
1747,0,"p",8046067.44959859,"NYC17","VIE17","NYC17_vs_VIE17",0,"_Phylum",4,"1747_Phylum"
1747,0,"p",9046334.13405522,"NYC17","ZRH17","NYC17_vs_ZRH17",0,"_Phylum",5,"1747_Phylum"
1747,0,"p",1062246.50596413,"SAC16","BAL17","SAC16_vs_BAL17",0,"_Phylum",5,"1747_Phylum"
1747,0,"p",1957854.42489497,"SAC16","DEN17","SAC16_vs_DEN17",0,"_Phylum",5,"1747_Phylum"
1747,0,"p",2127696.02736165,"SAC16","DOH17","SAC16_vs_DOH17",0,"_Phylum",5,"1747_Phylum"
1747,0,"p",2033481.32132294,"SAC16","ILR17","SAC16_vs_ILR17",0,"_Phylum",5,"1747_Phylum"
1747,0,"p",907295.654628078,"SAC16","MIN17","SAC16_vs_MIN17",0,"_Phylum",4,"1747_Phylum"
1747,0,"p",6843573.96271232,"SAC16","NYC17","SAC16_vs_NYC17",0,"_Phylum",5,"1747_Phylum"
1747,0,"p",1171844.67254772,"SAC16","SAN17","SAC16_vs_SAN17",0,"_Phylum",4,"1747_Phylum"
1747,0,"p",3301446.70824989,"SAC16","SAO17","SAC16_vs_SAO17",0,"_Phylum",5,"1747_Phylum"
1747,0,"p",3001779.17165385,"SAC16","TOK17","SAC16_vs_TOK17",0,"_Phylum",4,"1747_Phylum"
1747,0,"p",2845183.07405929,"SAC16","VIE17","SAC16_vs_VIE17",0,"_Phylum",5,"1747_Phylum"
1747,0,"p",3845449.75851592,"SAC16","ZRH17","SAC16_vs_ZRH17",0,"_Phylum",5,"1747_Phylum"
1747,0,"p",2830601.7936246,"SAN17","SAO17","SAN17_vs_SAO17",0,"_Phylum",5,"1747_Phylum"
1747,0,"p",2530934.25702856,"SAN17","TOK17","SAN17_vs_TOK17",0,"_Phylum",5,"1747_Phylum"
1747,0,"p",2374338.15943399,"SAN17","VIE17","SAN17_vs_VIE17",0,"_Phylum",5,"1747_Phylum"
1747,0,"p",3374604.84389063,"SAN17","ZRH17","SAN17_vs_ZRH17",0,"_Phylum",5,"1747_Phylum"
1747,0,"p",4660536.29273073,"SAO17","TOK17","SAO17_vs_TOK17",0,"_Phylum",4,"1747_Phylum"
1747,0,"p",4503940.19513616,"SAO17","VIE17","SAO17_vs_VIE17",0,"_Phylum",3,"1747_Phylum"
1747,0,"p",5504206.8795928,"SAO17","ZRH17","SAO17_vs_ZRH17",0,"_Phylum",4,"1747_Phylum"
1747,0,"p",8901842.28636546,"TOK16","BAL17","TOK16_vs_BAL17",0,"_Phylum",4,"1747_Phylum"
1747,0,"p",9797450.2052963,"TOK16","DEN17","TOK16_vs_DEN17",0,"_Phylum",5,"1747_Phylum"
1747,0,"p",9967291.80776298,"TOK16","DOH17","TOK16_vs_DOH17",0,"_Phylum",4,"1747_Phylum"
1747,0,"p",14683169.7431136,"TOK16","NYC17","TOK16_vs_NYC17",0,"_Phylum",5,"1747_Phylum"
1747,0,"p",11141042.4886512,"TOK16","SAO17","TOK16_vs_SAO17",0,"_Phylum",4,"1747_Phylum"
1747,0,"p",10841374.9520552,"TOK16","TOK17","TOK16_vs_TOK17",0,"_Phylum",4,"1747_Phylum"
1747,0,"p",11685045.5389172,"TOK16","ZRH17","TOK16_vs_ZRH17",0,"_Phylum",5,"1747_Phylum"
1747,0,"p",4204272.65854012,"TOK17","VIE17","TOK17_vs_VIE17",0,"_Phylum",3,"1747_Phylum"
1747,0,"p",5204539.34299676,"TOK17","ZRH17","TOK17_vs_ZRH17",0,"_Phylum",5,"1747_Phylum"
1747,0,"p",5047943.24540219,"VIE17","ZRH17","VIE17_vs_ZRH17",0,"_Phylum",4,"1747_Phylum"
2057,0,"p",1182.44567459048,"MIN17","NYC17","MIN17_vs_NYC17",0,"_Phylum",5,"2057_Phylum"
83451,0,"p",61052.9319056188,"DEN17","VIE17","DEN17_vs_VIE17",0,"_Phylum",5,"83451_Phylum"
83451,0,"p",320042.415458916,"DOH16","TOK16","DOH16_vs_TOK16",0,"_Phylum",5,"83451_Phylum"
119532,0,"p",195293.692849818,"AKL16","DEN16","AKL16_vs_DEN16",0,"_Phylum",5,"119532_Phylum"
119532,0,"p",20121.7416481226,"AKL16","LIS16","AKL16_vs_LIS16",0,"_Phylum",5,"119532_Phylum"
119532,0,"p",32531.8524559778,"BAL17","DEN17","BAL17_vs_DEN17",0,"_Phylum",4,"119532_Phylum"
119532,0,"p",19425.0549802829,"BAL17","DOH17","BAL17_vs_DOH17",0,"_Phylum",5,"119532_Phylum"
119532,0,"p",31354.4607079605,"BAL17","NYC17","BAL17_vs_NYC17",0,"_Phylum",5,"119532_Phylum"
119532,0,"p",122769.007568605,"BAL17","SAO17","BAL17_vs_SAO17",0,"_Phylum",5,"119532_Phylum"
119532,0,"p",272762.609091023,"BAL17","TOK17","BAL17_vs_TOK17",0,"_Phylum",5,"119532_Phylum"
119532,0,"p",144612.611676138,"BAL17","VIE17","BAL17_vs_VIE17",0,"_Phylum",4,"119532_Phylum"
119532,0,"p",90377.018264754,"BAL17","ZRH17","BAL17_vs_ZRH17",0,"_Phylum",4,"119532_Phylum"
119532,0,"p",537524.915343143,"BER16","BAL17","BER16_vs_BAL17",0,"_Phylum",5,"119532_Phylum"
119532,0,"p",716511.90719592,"BER16","DEN16","BER16_vs_DEN16",0,"_Phylum",3,"119532_Phylum"
119532,0,"p",545629.321205072,"BER16","DOH16","BER16_vs_DOH16",0,"_Phylum",5,"119532_Phylum"
119532,0,"p",553190.782161312,"BER16","DOH17","BER16_vs_DOH17",0,"_Phylum",5,"119532_Phylum"
119532,0,"p",541339.955994225,"BER16","LIS16","BER16_vs_LIS16",0,"_Phylum",5,"119532_Phylum"
119532,0,"p",565120.187888989,"BER16","NYC17","BER16_vs_NYC17",0,"_Phylum",5,"119532_Phylum"
119532,0,"p",2315673.78934777,"BER16","TOK16","BER16_vs_TOK16",0,"_Phylum",5,"119532_Phylum"
119532,0,"p",806528.336272052,"BER16","TOK17","BER16_vs_TOK17",0,"_Phylum",5,"119532_Phylum"
119532,0,"p",678378.338857167,"BER16","VIE17","BER16_vs_VIE17",0,"_Phylum",5,"119532_Phylum"
119532,0,"p",624142.745445783,"BER16","ZRH17","BER16_vs_ZRH17",0,"_Phylum",5,"119532_Phylum"
119532,0,"p",215159.318907369,"BOG16","BAL17","BOG16_vs_BAL17",0,"_Phylum",5,"119532_Phylum"
119532,0,"p",243931.983201233,"BOG16","DEN17","BOG16_vs_DEN17",0,"_Phylum",4,"119532_Phylum"
119532,0,"p",334169.13831386,"BOG16","SAO17","BOG16_vs_SAO17",0,"_Phylum",5,"119532_Phylum"
119532,0,"p",484162.739836278,"BOG16","TOK17","BOG16_vs_TOK17",0,"_Phylum",5,"119532_Phylum"
119532,0,"p",356012.742421393,"BOG16","VIE17","BOG16_vs_VIE17",0,"_Phylum",5,"119532_Phylum"
119532,0,"p",301777.149010009,"BOG16","ZRH17","BOG16_vs_ZRH17",0,"_Phylum",5,"119532_Phylum"
119532,0,"p",190850.58587682,"DEN16","DOH16","DEN16_vs_DOH16",0,"_Phylum",5,"119532_Phylum"
119532,0,"p",263810.835426135,"DEN16","ILR16","DEN16_vs_ILR16",0,"_Phylum",5,"119532_Phylum"
119532,0,"p",186561.220665973,"DEN16","LIS16","DEN16_vs_LIS16",0,"_Phylum",4,"119532_Phylum"
119532,0,"p",369845.084752737,"DEN16","NYC16","DEN16_vs_NYC16",0,"_Phylum",4,"119532_Phylum"
119532,0,"p",210341.452560738,"DEN16","NYC17","DEN16_vs_NYC17",0,"_Phylum",5,"119532_Phylum"
119532,0,"p",1960895.05401952,"DEN16","TOK16","DEN16_vs_TOK16",0,"_Phylum",5,"119532_Phylum"
119532,0,"p",269364.010117531,"DEN16","ZRH17","DEN16_vs_ZRH17",0,"_Phylum",5,"119532_Phylum"
119532,0,"p",130873.413430534,"DOH16","SAO17","DOH16_vs_SAO17",0,"_Phylum",5,"119532_Phylum"
119532,0,"p",1790012.46802867,"DOH16","TOK16","DOH16_vs_TOK16",0,"_Phylum",4,"119532_Phylum"
119532,0,"p",280867.014952952,"DOH16","TOK17","DOH16_vs_TOK17",0,"_Phylum",4,"119532_Phylum"
119532,0,"p",152717.017538067,"DOH16","VIE17","DOH16_vs_VIE17",0,"_Phylum",5,"119532_Phylum"
119532,0,"p",69621.6729760726,"DOH17","SAN17","DOH17_vs_SAN17",0,"_Phylum",5,"119532_Phylum"
119532,0,"p",138434.874386774,"DOH17","SAO17","DOH17_vs_SAO17",0,"_Phylum",5,"119532_Phylum"
119532,0,"p",288428.475909192,"DOH17","TOK17","DOH17_vs_TOK17",0,"_Phylum",4,"119532_Phylum"
119532,0,"p",160278.478494307,"DOH17","VIE17","DOH17_vs_VIE17",0,"_Phylum",5,"119532_Phylum"
119532,0,"p",106042.885082923,"DOH17","ZRH17","DOH17_vs_ZRH17",0,"_Phylum",5,"119532_Phylum"
119532,0,"p",88638.8842244397,"ILR16","LIS16","ILR16_vs_LIS16",0,"_Phylum",5,"119532_Phylum"
119532,0,"p",203833.662979848,"ILR16","SAO17","ILR16_vs_SAO17",0,"_Phylum",5,"119532_Phylum"
119532,0,"p",56374.6234721072,"ILR17","MIN17","ILR17_vs_MIN17",0,"_Phylum",4,"119532_Phylum"
119532,0,"p",84590.7915678044,"ILR17","NYC17","ILR17_vs_NYC17",0,"_Phylum",5,"119532_Phylum"
119532,0,"p",107192.137017747,"ILR17","SAN17","ILR17_vs_SAN17",0,"_Phylum",4,"119532_Phylum"
119532,0,"p",194673.133551043,"LIS16","NYC16","LIS16_vs_NYC16",0,"_Phylum",5,"119532_Phylum"
119532,0,"p",30733.5651581101,"MIN17","NYC17","MIN17_vs_NYC17",0,"_Phylum",3,"119532_Phylum"
119532,0,"p",53334.910608053,"MIN17","SAN17","MIN17_vs_SAN17",0,"_Phylum",5,"119532_Phylum"
119532,0,"p",1969006.96690458,"NYC16","TOK16","NYC16_vs_TOK16",0,"_Phylum",5,"119532_Phylum"
119532,0,"p",81551.0787037502,"NYC17","SAN17","NYC17_vs_SAN17",0,"_Phylum",5,"119532_Phylum"
119532,0,"p",150364.280114452,"NYC17","SAO17","NYC17_vs_SAO17",0,"_Phylum",5,"119532_Phylum"
119532,0,"p",300357.88163687,"NYC17","TOK17","NYC17_vs_TOK17",0,"_Phylum",5,"119532_Phylum"
119532,0,"p",172207.884221984,"NYC17","VIE17","NYC17_vs_VIE17",0,"_Phylum",5,"119532_Phylum"
119532,0,"p",47145.8443860912,"SAC16","MIN17","SAC16_vs_MIN17",0,"_Phylum",5,"119532_Phylum"
119532,0,"p",97963.3579317314,"SAC16","SAN17","SAC16_vs_SAN17",0,"_Phylum",5,"119532_Phylum"
119532,0,"p",316770.160864851,"SAC16","TOK17","SAC16_vs_TOK17",0,"_Phylum",5,"119532_Phylum"
119532,0,"p",391772.428497514,"SAO17","TOK17","SAO17_vs_TOK17",0,"_Phylum",5,"119532_Phylum"
119532,0,"p",1781908.06216674,"TOK16","BAL17","TOK16_vs_BAL17",0,"_Phylum",5,"119532_Phylum"
119532,0,"p",1797573.92898491,"TOK16","DOH17","TOK16_vs_DOH17",0,"_Phylum",5,"119532_Phylum"
119532,0,"p",1900917.88157323,"TOK16","SAO17","TOK16_vs_SAO17",0,"_Phylum",5,"119532_Phylum"
119532,0,"p",2050911.48309565,"TOK16","TOK17","TOK16_vs_TOK17",0,"_Phylum",5,"119532_Phylum"
119532,0,"p",413616.032605047,"TOK17","VIE17","TOK17_vs_VIE17",0,"_Phylum",4,"119532_Phylum"
225148,0,"p",11568.2308385996,"BER16","DEN16","BER16_vs_DEN16",0,"_Phylum",5,"225148_Phylum"
274537,0,"p",703.911157411865,"AKL16","SAC16","AKL16_vs_SAC16",0,"_Phylum",3,"274537_Phylum"
274537,0,"p",624.699694526721,"AKL16","SAN17","AKL16_vs_SAN17",0,"_Phylum",3,"274537_Phylum"
274537,0,"p",4296.30282211788,"BER16","ILR17","BER16_vs_ILR17",0,"_Phylum",3,"274537_Phylum"
274537,0,"p",3619.86377263721,"BER16","MIN17","BER16_vs_MIN17",0,"_Phylum",3,"274537_Phylum"
274537,0,"p",3757.22525583791,"BER16","SAC16","BER16_vs_SAC16",0,"_Phylum",3,"274537_Phylum"
274537,0,"p",3678.01379295277,"BER16","SAN17","BER16_vs_SAN17",0,"_Phylum",3,"274537_Phylum"
274537,0,"p",7431.54061044726,"BOG16","ILR16","BOG16_vs_ILR16",0,"_Phylum",3,"274537_Phylum"
274537,0,"p",4942.23623333778,"BOG16","NYC16","BOG16_vs_NYC16",0,"_Phylum",3,"274537_Phylum"
274537,0,"p",6168.82476101617,"BOG16","TOK16","BOG16_vs_TOK16",0,"_Phylum",3,"274537_Phylum"
274537,0,"p",5707.50643333054,"ILR16","ILR17","ILR16_vs_ILR17",0,"_Phylum",3,"274537_Phylum"
274537,0,"p",5031.06738384988,"ILR16","MIN17","ILR16_vs_MIN17",0,"_Phylum",3,"274537_Phylum"
274537,0,"p",5941.57755142882,"ILR16","NYC17","ILR16_vs_NYC17",0,"_Phylum",3,"274537_Phylum"
274537,0,"p",5168.42886705057,"ILR16","SAC16","ILR16_vs_SAC16",0,"_Phylum",3,"274537_Phylum"
274537,0,"p",5089.21740416543,"ILR16","SAN17","ILR16_vs_SAN17",0,"_Phylum",3,"274537_Phylum"
274537,0,"p",5837.4666598536,"ILR16","VIE17","ILR16_vs_VIE17",0,"_Phylum",3,"274537_Phylum"
274537,0,"p",593.802978208642,"LIS16","MIN17","LIS16_vs_MIN17",0,"_Phylum",3,"274537_Phylum"
274537,0,"p",731.164461409337,"LIS16","SAC16","LIS16_vs_SAC16",0,"_Phylum",3,"274537_Phylum"
274537,0,"p",651.952998524194,"LIS16","SAN17","LIS16_vs_SAN17",0,"_Phylum",3,"274537_Phylum"
274537,0,"p",3218.20205622106,"NYC16","ILR17","NYC16_vs_ILR17",0,"_Phylum",3,"274537_Phylum"
274537,0,"p",2541.7630067404,"NYC16","MIN17","NYC16_vs_MIN17",0,"_Phylum",3,"274537_Phylum"
274537,0,"p",2679.12448994109,"NYC16","SAC16","NYC16_vs_SAC16",0,"_Phylum",3,"274537_Phylum"
274537,0,"p",2599.91302705595,"NYC16","SAN17","NYC16_vs_SAN17",0,"_Phylum",3,"274537_Phylum"
274537,0,"p",3905.71301761948,"SAC16","TOK16","SAC16_vs_TOK16",0,"_Phylum",3,"274537_Phylum"
274537,0,"p",4444.79058389945,"TOK16","ILR17","TOK16_vs_ILR17",0,"_Phylum",3,"274537_Phylum"
274537,0,"p",3768.35153441879,"TOK16","MIN17","TOK16_vs_MIN17",0,"_Phylum",3,"274537_Phylum"
274537,0,"p",4678.86170199773,"TOK16","NYC17","TOK16_vs_NYC17",0,"_Phylum",3,"274537_Phylum"
274537,0,"p",3826.50155473434,"TOK16","SAN17","TOK16_vs_SAN17",0,"_Phylum",3,"274537_Phylum"
274537,0,"p",4574.75081042251,"TOK16","VIE17","TOK16_vs_VIE17",0,"_Phylum",3,"274537_Phylum"
343874,0,"p",10331797.5751876,"AKL16","BAL17","AKL16_vs_BAL17",0,"_Phylum",2,"343874_Phylum"
343874,0,"p",11795377.8051205,"AKL16","BER16","AKL16_vs_BER16",0,"_Phylum",2,"343874_Phylum"
343874,0,"p",11253567.1958664,"AKL16","BOG16","AKL16_vs_BOG16",0,"_Phylum",2,"343874_Phylum"
343874,0,"p",10434099.0022997,"AKL16","DEN16","AKL16_vs_DEN16",0,"_Phylum",2,"343874_Phylum"
343874,0,"p",10378881.4673955,"AKL16","DEN17","AKL16_vs_DEN17",0,"_Phylum",2,"343874_Phylum"
343874,0,"p",10334234.7539276,"AKL16","DOH16","AKL16_vs_DOH16",0,"_Phylum",2,"343874_Phylum"
343874,0,"p",10444694.8326808,"AKL16","DOH17","AKL16_vs_DOH17",0,"_Phylum",2,"343874_Phylum"
343874,0,"p",27331776.4259472,"AKL16","ILR16","AKL16_vs_ILR16",0,"_Phylum",2,"343874_Phylum"
343874,0,"p",10418047.5140195,"AKL16","ILR17","AKL16_vs_ILR17",0,"_Phylum",2,"343874_Phylum"
343874,0,"p",12300319.0046231,"AKL16","LIS16","AKL16_vs_LIS16",0,"_Phylum",2,"343874_Phylum"
343874,0,"p",10314330.8656851,"AKL16","MIN17","AKL16_vs_MIN17",0,"_Phylum",2,"343874_Phylum"
343874,0,"p",11932804.3843274,"AKL16","NYC16","AKL16_vs_NYC16",0,"_Phylum",2,"343874_Phylum"
343874,0,"p",10834128.9188067,"AKL16","NYC17","AKL16_vs_NYC17",0,"_Phylum",2,"343874_Phylum"
343874,0,"p",10529866.8193051,"AKL16","SAC16","AKL16_vs_SAC16",0,"_Phylum",2,"343874_Phylum"
343874,0,"p",10473818.4057922,"AKL16","SAN17","AKL16_vs_SAN17",0,"_Phylum",2,"343874_Phylum"
343874,0,"p",10619307.4287774,"AKL16","SAO17","AKL16_vs_SAO17",0,"_Phylum",2,"343874_Phylum"
343874,0,"p",11772837.6851466,"AKL16","TOK16","AKL16_vs_TOK16",0,"_Phylum",2,"343874_Phylum"
343874,0,"p",10510333.6649668,"AKL16","TOK17","AKL16_vs_TOK17",0,"_Phylum",2,"343874_Phylum"
343874,0,"p",10457334.7431595,"AKL16","VIE17","AKL16_vs_VIE17",0,"_Phylum",2,"343874_Phylum"
343874,0,"p",10492567.6825435,"AKL16","ZRH17","AKL16_vs_ZRH17",0,"_Phylum",2,"343874_Phylum"
343874,0,"p",194405.332283094,"BAL17","DOH17","BAL17_vs_DOH17",0,"_Phylum",2,"343874_Phylum"
343874,0,"p",167758.013621813,"BAL17","ILR17","BAL17_vs_ILR17",0,"_Phylum",2,"343874_Phylum"
343874,0,"p",64041.3652874615,"BAL17","MIN17","BAL17_vs_MIN17",0,"_Phylum",2,"343874_Phylum"
343874,0,"p",583839.418409072,"BAL17","NYC17","BAL17_vs_NYC17",0,"_Phylum",2,"343874_Phylum"
343874,0,"p",223528.905394496,"BAL17","SAN17","BAL17_vs_SAN17",0,"_Phylum",2,"343874_Phylum"
343874,0,"p",369017.928379673,"BAL17","SAO17","BAL17_vs_SAO17",0,"_Phylum",2,"343874_Phylum"
343874,0,"p",260044.164569112,"BAL17","TOK17","BAL17_vs_TOK17",0,"_Phylum",2,"343874_Phylum"
343874,0,"p",1545088.30472284,"BER16","BAL17","BER16_vs_BAL17",0,"_Phylum",2,"343874_Phylum"
343874,0,"p",2466857.92540165,"BER16","BOG16","BER16_vs_BOG16",0,"_Phylum",2,"343874_Phylum"
343874,0,"p",1592172.19693079,"BER16","DEN17","BER16_vs_DEN17",0,"_Phylum",1,"343874_Phylum"
343874,0,"p",1547525.48346285,"BER16","DOH16","BER16_vs_DOH16",0,"_Phylum",2,"343874_Phylum"
343874,0,"p",1657985.56221601,"BER16","DOH17","BER16_vs_DOH17",0,"_Phylum",2,"343874_Phylum"
343874,0,"p",18545067.1554825,"BER16","ILR16","BER16_vs_ILR16",0,"_Phylum",2,"343874_Phylum"
343874,0,"p",1631338.24355473,"BER16","ILR17","BER16_vs_ILR17",0,"_Phylum",2,"343874_Phylum"
343874,0,"p",1527621.59522038,"BER16","MIN17","BER16_vs_MIN17",0,"_Phylum",2,"343874_Phylum"
343874,0,"p",3146095.1138626,"BER16","NYC16","BER16_vs_NYC16",0,"_Phylum",2,"343874_Phylum"
343874,0,"p",2047419.64834199,"BER16","NYC17","BER16_vs_NYC17",0,"_Phylum",2,"343874_Phylum"
343874,0,"p",1743157.54884037,"BER16","SAC16","BER16_vs_SAC16",0,"_Phylum",2,"343874_Phylum"
343874,0,"p",1687109.13532741,"BER16","SAN17","BER16_vs_SAN17",0,"_Phylum",2,"343874_Phylum"
343874,0,"p",1832598.15831259,"BER16","SAO17","BER16_vs_SAO17",0,"_Phylum",2,"343874_Phylum"
343874,0,"p",2986128.41468184,"BER16","TOK16","BER16_vs_TOK16",0,"_Phylum",2,"343874_Phylum"
343874,0,"p",1723624.39450203,"BER16","TOK17","BER16_vs_TOK17",0,"_Phylum",2,"343874_Phylum"
343874,0,"p",1670625.47269471,"BER16","VIE17","BER16_vs_VIE17",0,"_Phylum",2,"343874_Phylum"
343874,0,"p",1705858.41207878,"BER16","ZRH17","BER16_vs_ZRH17",0,"_Phylum",1,"343874_Phylum"
343874,0,"p",1003277.69546873,"BOG16","BAL17","BOG16_vs_BAL17",0,"_Phylum",2,"343874_Phylum"
343874,0,"p",1105579.12258079,"BOG16","DEN16","BOG16_vs_DEN16",0,"_Phylum",2,"343874_Phylum"
343874,0,"p",1050361.58767668,"BOG16","DEN17","BOG16_vs_DEN17",0,"_Phylum",1,"343874_Phylum"
343874,0,"p",1005714.87420875,"BOG16","DOH16","BOG16_vs_DOH16",0,"_Phylum",2,"343874_Phylum"
343874,0,"p",1116174.9529619,"BOG16","DOH17","BOG16_vs_DOH17",0,"_Phylum",2,"343874_Phylum"
343874,0,"p",18003256.5462284,"BOG16","ILR16","BOG16_vs_ILR16",0,"_Phylum",2,"343874_Phylum"
343874,0,"p",1089527.63430062,"BOG16","ILR17","BOG16_vs_ILR17",0,"_Phylum",2,"343874_Phylum"
343874,0,"p",2971799.12490427,"BOG16","LIS16","BOG16_vs_LIS16",0,"_Phylum",2,"343874_Phylum"
343874,0,"p",985810.985966271,"BOG16","MIN17","BOG16_vs_MIN17",0,"_Phylum",2,"343874_Phylum"
343874,0,"p",2604284.5046085,"BOG16","NYC16","BOG16_vs_NYC16",0,"_Phylum",2,"343874_Phylum"
343874,0,"p",1505609.03908788,"BOG16","NYC17","BOG16_vs_NYC17",0,"_Phylum",2,"343874_Phylum"
343874,0,"p",1201346.93958627,"BOG16","SAC16","BOG16_vs_SAC16",0,"_Phylum",2,"343874_Phylum"
343874,0,"p",1145298.52607331,"BOG16","SAN17","BOG16_vs_SAN17",0,"_Phylum",2,"343874_Phylum"
343874,0,"p",1290787.54905848,"BOG16","SAO17","BOG16_vs_SAO17",0,"_Phylum",2,"343874_Phylum"
343874,0,"p",2444317.80542774,"BOG16","TOK16","BOG16_vs_TOK16",0,"_Phylum",2,"343874_Phylum"
343874,0,"p",1181813.78524792,"BOG16","TOK17","BOG16_vs_TOK17",0,"_Phylum",2,"343874_Phylum"
343874,0,"p",1128814.86344061,"BOG16","VIE17","BOG16_vs_VIE17",0,"_Phylum",2,"343874_Phylum"
343874,0,"p",1164047.80282468,"BOG16","ZRH17","BOG16_vs_ZRH17",0,"_Phylum",2,"343874_Phylum"
343874,0,"p",183809.501901981,"DEN16","BAL17","DEN16_vs_BAL17",0,"_Phylum",2,"343874_Phylum"
343874,0,"p",230893.394109933,"DEN16","DEN17","DEN16_vs_DEN17",0,"_Phylum",2,"343874_Phylum"
343874,0,"p",186246.680641996,"DEN16","DOH16","DEN16_vs_DOH16",0,"_Phylum",2,"343874_Phylum"
343874,0,"p",296706.759395152,"DEN16","DOH17","DEN16_vs_DOH17",0,"_Phylum",2,"343874_Phylum"
343874,0,"p",17183788.3526616,"DEN16","ILR16","DEN16_vs_ILR16",0,"_Phylum",2,"343874_Phylum"
343874,0,"p",270059.440733872,"DEN16","ILR17","DEN16_vs_ILR17",0,"_Phylum",2,"343874_Phylum"
343874,0,"p",166342.79239952,"DEN16","MIN17","DEN16_vs_MIN17",0,"_Phylum",2,"343874_Phylum"
343874,0,"p",1784816.31104175,"DEN16","NYC16","DEN16_vs_NYC16",0,"_Phylum",2,"343874_Phylum"
343874,0,"p",686140.84552113,"DEN16","NYC17","DEN16_vs_NYC17",0,"_Phylum",2,"343874_Phylum"
343874,0,"p",381878.746019518,"DEN16","SAC16","DEN16_vs_SAC16",0,"_Phylum",2,"343874_Phylum"
343874,0,"p",325830.332506555,"DEN16","SAN17","DEN16_vs_SAN17",0,"_Phylum",2,"343874_Phylum"
343874,0,"p",471319.355491731,"DEN16","SAO17","DEN16_vs_SAO17",0,"_Phylum",2,"343874_Phylum"
343874,0,"p",1624849.61186099,"DEN16","TOK16","DEN16_vs_TOK16",0,"_Phylum",2,"343874_Phylum"
343874,0,"p",362345.591681171,"DEN16","TOK17","DEN16_vs_TOK17",0,"_Phylum",2,"343874_Phylum"
343874,0,"p",309346.669873858,"DEN16","VIE17","DEN16_vs_VIE17",0,"_Phylum",2,"343874_Phylum"
343874,0,"p",241489.224491046,"DEN17","DOH17","DEN17_vs_DOH17",0,"_Phylum",2,"343874_Phylum"
343874,0,"p",214841.905829765,"DEN17","ILR17","DEN17_vs_ILR17",0,"_Phylum",2,"343874_Phylum"
343874,0,"p",111125.257495413,"DEN17","MIN17","DEN17_vs_MIN17",0,"_Phylum",2,"343874_Phylum"
343874,0,"p",630923.310617024,"DEN17","NYC17","DEN17_vs_NYC17",0,"_Phylum",2,"343874_Phylum"
343874,0,"p",270612.797602448,"DEN17","SAN17","DEN17_vs_SAN17",0,"_Phylum",2,"343874_Phylum"
343874,0,"p",416101.820587624,"DEN17","SAO17","DEN17_vs_SAO17",0,"_Phylum",2,"343874_Phylum"
343874,0,"p",307128.056777064,"DEN17","TOK17","DEN17_vs_TOK17",0,"_Phylum",2,"343874_Phylum"
343874,0,"p",289362.074353818,"DEN17","ZRH17","DEN17_vs_ZRH17",0,"_Phylum",1,"343874_Phylum"
343874,0,"p",83945.2535299377,"DOH16","BAL17","DOH16_vs_BAL17",0,"_Phylum",2,"343874_Phylum"
343874,0,"p",131029.14573789,"DOH16","DEN17","DOH16_vs_DEN17",0,"_Phylum",2,"343874_Phylum"
343874,0,"p",17083924.1042896,"DOH16","ILR16","DOH16_vs_ILR16",0,"_Phylum",2,"343874_Phylum"
343874,0,"p",170195.192361828,"DOH16","ILR17","DOH16_vs_ILR17",0,"_Phylum",2,"343874_Phylum"
343874,0,"p",2052466.68296547,"DOH16","LIS16","DOH16_vs_LIS16",0,"_Phylum",2,"343874_Phylum"
343874,0,"p",66478.5440274761,"DOH16","MIN17","DOH16_vs_MIN17",0,"_Phylum",2,"343874_Phylum"
343874,0,"p",1684952.0626697,"DOH16","NYC16","DOH16_vs_NYC16",0,"_Phylum",2,"343874_Phylum"
343874,0,"p",586276.597149086,"DOH16","NYC17","DOH16_vs_NYC17",0,"_Phylum",2,"343874_Phylum"
343874,0,"p",282014.497647474,"DOH16","SAC16","DOH16_vs_SAC16",0,"_Phylum",2,"343874_Phylum"
343874,0,"p",225966.084134511,"DOH16","SAN17","DOH16_vs_SAN17",0,"_Phylum",2,"343874_Phylum"
343874,0,"p",371455.107119687,"DOH16","SAO17","DOH16_vs_SAO17",0,"_Phylum",2,"343874_Phylum"
343874,0,"p",209482.421501814,"DOH16","VIE17","DOH16_vs_VIE17",0,"_Phylum",2,"343874_Phylum"
343874,0,"p",244715.360885881,"DOH16","ZRH17","DOH16_vs_ZRH17",0,"_Phylum",2,"343874_Phylum"
343874,0,"p",280655.271114984,"DOH17","ILR17","DOH17_vs_ILR17",0,"_Phylum",2,"343874_Phylum"
343874,0,"p",176938.622780632,"DOH17","MIN17","DOH17_vs_MIN17",0,"_Phylum",2,"343874_Phylum"
343874,0,"p",696736.675902243,"DOH17","NYC17","DOH17_vs_NYC17",0,"_Phylum",2,"343874_Phylum"
343874,0,"p",336426.162887667,"DOH17","SAN17","DOH17_vs_SAN17",0,"_Phylum",2,"343874_Phylum"
343874,0,"p",481915.185872843,"DOH17","SAO17","DOH17_vs_SAO17",0,"_Phylum",2,"343874_Phylum"
343874,0,"p",319942.50025497,"DOH17","VIE17","DOH17_vs_VIE17",0,"_Phylum",2,"343874_Phylum"
343874,0,"p",355175.439639037,"DOH17","ZRH17","DOH17_vs_ZRH17",0,"_Phylum",2,"343874_Phylum"
343874,0,"p",17081486.9255496,"ILR16","BAL17","ILR16_vs_BAL17",0,"_Phylum",2,"343874_Phylum"
343874,0,"p",17128570.8177575,"ILR16","DEN17","ILR16_vs_DEN17",0,"_Phylum",2,"343874_Phylum"
343874,0,"p",17194384.1830427,"ILR16","DOH17","ILR16_vs_DOH17",0,"_Phylum",2,"343874_Phylum"
343874,0,"p",17167736.8643815,"ILR16","ILR17","ILR16_vs_ILR17",0,"_Phylum",2,"343874_Phylum"
343874,0,"p",19050008.3549851,"ILR16","LIS16","ILR16_vs_LIS16",0,"_Phylum",2,"343874_Phylum"
343874,0,"p",17064020.2160471,"ILR16","MIN17","ILR16_vs_MIN17",0,"_Phylum",2,"343874_Phylum"
343874,0,"p",18682493.7346893,"ILR16","NYC16","ILR16_vs_NYC16",0,"_Phylum",2,"343874_Phylum"
343874,0,"p",17583818.2691687,"ILR16","NYC17","ILR16_vs_NYC17",0,"_Phylum",2,"343874_Phylum"
343874,0,"p",17279556.1696671,"ILR16","SAC16","ILR16_vs_SAC16",0,"_Phylum",2,"343874_Phylum"
343874,0,"p",17223507.7561541,"ILR16","SAN17","ILR16_vs_SAN17",0,"_Phylum",2,"343874_Phylum"
343874,0,"p",18522527.0355086,"ILR16","TOK16","ILR16_vs_TOK16",0,"_Phylum",2,"343874_Phylum"
343874,0,"p",17260023.0153288,"ILR16","TOK17","ILR16_vs_TOK17",0,"_Phylum",2,"343874_Phylum"
343874,0,"p",17207024.0935214,"ILR16","VIE17","ILR16_vs_VIE17",0,"_Phylum",2,"343874_Phylum"
343874,0,"p",17242257.0329055,"ILR16","ZRH17","ILR16_vs_ZRH17",0,"_Phylum",2,"343874_Phylum"
343874,0,"p",150291.304119351,"ILR17","MIN17","ILR17_vs_MIN17",0,"_Phylum",2,"343874_Phylum"
343874,0,"p",670089.357240961,"ILR17","NYC17","ILR17_vs_NYC17",0,"_Phylum",2,"343874_Phylum"
343874,0,"p",309778.844226387,"ILR17","SAN17","ILR17_vs_SAN17",0,"_Phylum",2,"343874_Phylum"
343874,0,"p",455267.867211563,"ILR17","SAO17","ILR17_vs_SAO17",0,"_Phylum",2,"343874_Phylum"
343874,0,"p",346294.103401002,"ILR17","TOK17","ILR17_vs_TOK17",0,"_Phylum",2,"343874_Phylum"
343874,0,"p",293295.18159369,"ILR17","VIE17","ILR17_vs_VIE17",0,"_Phylum",2,"343874_Phylum"
343874,0,"p",328528.120977757,"ILR17","ZRH17","ILR17_vs_ZRH17",0,"_Phylum",2,"343874_Phylum"
343874,0,"p",2050029.50422546,"LIS16","BAL17","LIS16_vs_BAL17",0,"_Phylum",2,"343874_Phylum"
343874,0,"p",2097113.39643341,"LIS16","DEN17","LIS16_vs_DEN17",0,"_Phylum",2,"343874_Phylum"
343874,0,"p",2162926.76171863,"LIS16","DOH17","LIS16_vs_DOH17",0,"_Phylum",2,"343874_Phylum"
343874,0,"p",2136279.44305735,"LIS16","ILR17","LIS16_vs_ILR17",0,"_Phylum",2,"343874_Phylum"
343874,0,"p",2032562.794723,"LIS16","MIN17","LIS16_vs_MIN17",0,"_Phylum",2,"343874_Phylum"
343874,0,"p",2552360.84784461,"LIS16","NYC17","LIS16_vs_NYC17",0,"_Phylum",2,"343874_Phylum"
343874,0,"p",2248098.748343,"LIS16","SAC16","LIS16_vs_SAC16",0,"_Phylum",2,"343874_Phylum"
343874,0,"p",2192050.33483003,"LIS16","SAN17","LIS16_vs_SAN17",0,"_Phylum",2,"343874_Phylum"
343874,0,"p",2337539.35781521,"LIS16","SAO17","LIS16_vs_SAO17",0,"_Phylum",2,"343874_Phylum"
343874,0,"p",3491069.61418446,"LIS16","TOK16","LIS16_vs_TOK16",0,"_Phylum",2,"343874_Phylum"
343874,0,"p",2228565.59400465,"LIS16","TOK17","LIS16_vs_TOK17",0,"_Phylum",2,"343874_Phylum"
343874,0,"p",2175566.67219734,"LIS16","VIE17","LIS16_vs_VIE17",0,"_Phylum",2,"343874_Phylum"
343874,0,"p",2210799.6115814,"LIS16","ZRH17","LIS16_vs_ZRH17",0,"_Phylum",2,"343874_Phylum"
343874,0,"p",206062.195892035,"MIN17","SAN17","MIN17_vs_SAN17",0,"_Phylum",2,"343874_Phylum"
343874,0,"p",351551.218877211,"MIN17","SAO17","MIN17_vs_SAO17",0,"_Phylum",2,"343874_Phylum"
343874,0,"p",242577.455066651,"MIN17","TOK17","MIN17_vs_TOK17",0,"_Phylum",2,"343874_Phylum"
343874,0,"p",189578.533259338,"MIN17","VIE17","MIN17_vs_VIE17",0,"_Phylum",2,"343874_Phylum"
343874,0,"p",224811.472643405,"MIN17","ZRH17","MIN17_vs_ZRH17",0,"_Phylum",2,"343874_Phylum"
343874,0,"p",1682514.88392969,"NYC16","BAL17","NYC16_vs_BAL17",0,"_Phylum",2,"343874_Phylum"
343874,0,"p",1729598.77613764,"NYC16","DEN17","NYC16_vs_DEN17",0,"_Phylum",2,"343874_Phylum"
343874,0,"p",1795412.14142286,"NYC16","DOH17","NYC16_vs_DOH17",0,"_Phylum",2,"343874_Phylum"
343874,0,"p",1768764.82276158,"NYC16","ILR17","NYC16_vs_ILR17",0,"_Phylum",2,"343874_Phylum"
343874,0,"p",1665048.17442723,"NYC16","MIN17","NYC16_vs_MIN17",0,"_Phylum",2,"343874_Phylum"
343874,0,"p",2184846.22754884,"NYC16","NYC17","NYC16_vs_NYC17",0,"_Phylum",2,"343874_Phylum"
343874,0,"p",1880584.12804722,"NYC16","SAC16","NYC16_vs_SAC16",0,"_Phylum",2,"343874_Phylum"
343874,0,"p",1824535.71453426,"NYC16","SAN17","NYC16_vs_SAN17",0,"_Phylum",2,"343874_Phylum"
343874,0,"p",1970024.73751944,"NYC16","SAO17","NYC16_vs_SAO17",0,"_Phylum",2,"343874_Phylum"
343874,0,"p",3123554.99388869,"NYC16","TOK16","NYC16_vs_TOK16",0,"_Phylum",2,"343874_Phylum"
343874,0,"p",1861050.97370888,"NYC16","TOK17","NYC16_vs_TOK17",0,"_Phylum",2,"343874_Phylum"
343874,0,"p",1808052.05190156,"NYC16","VIE17","NYC16_vs_VIE17",0,"_Phylum",2,"343874_Phylum"
343874,0,"p",1843284.99128563,"NYC16","ZRH17","NYC16_vs_ZRH17",0,"_Phylum",2,"343874_Phylum"
343874,0,"p",725860.249013645,"NYC17","SAN17","NYC17_vs_SAN17",0,"_Phylum",2,"343874_Phylum"
343874,0,"p",871349.271998822,"NYC17","SAO17","NYC17_vs_SAO17",0,"_Phylum",2,"343874_Phylum"
343874,0,"p",762375.508188261,"NYC17","TOK17","NYC17_vs_TOK17",0,"_Phylum",2,"343874_Phylum"
343874,0,"p",709376.586380949,"NYC17","VIE17","NYC17_vs_VIE17",0,"_Phylum",2,"343874_Phylum"
343874,0,"p",744609.525765015,"NYC17","ZRH17","NYC17_vs_ZRH17",0,"_Phylum",2,"343874_Phylum"
343874,0,"p",279577.318907459,"SAC16","BAL17","SAC16_vs_BAL17",0,"_Phylum",2,"343874_Phylum"
343874,0,"p",326661.211115411,"SAC16","DEN17","SAC16_vs_DEN17",0,"_Phylum",2,"343874_Phylum"
343874,0,"p",392474.57640063,"SAC16","DOH17","SAC16_vs_DOH17",0,"_Phylum",2,"343874_Phylum"
343874,0,"p",365827.25773935,"SAC16","ILR17","SAC16_vs_ILR17",0,"_Phylum",2,"343874_Phylum"
343874,0,"p",262110.609404998,"SAC16","MIN17","SAC16_vs_MIN17",0,"_Phylum",2,"343874_Phylum"
343874,0,"p",781908.662526608,"SAC16","NYC17","SAC16_vs_NYC17",0,"_Phylum",2,"343874_Phylum"
343874,0,"p",421598.149512033,"SAC16","SAN17","SAC16_vs_SAN17",0,"_Phylum",2,"343874_Phylum"
343874,0,"p",567087.172497209,"SAC16","SAO17","SAC16_vs_SAO17",0,"_Phylum",2,"343874_Phylum"
343874,0,"p",1720617.42886646,"SAC16","TOK16","SAC16_vs_TOK16",0,"_Phylum",2,"343874_Phylum"
343874,0,"p",458113.408686648,"SAC16","TOK17","SAC16_vs_TOK17",0,"_Phylum",2,"343874_Phylum"
343874,0,"p",405114.486879336,"SAC16","VIE17","SAC16_vs_VIE17",0,"_Phylum",2,"343874_Phylum"
343874,0,"p",440347.426263402,"SAC16","ZRH17","SAC16_vs_ZRH17",0,"_Phylum",2,"343874_Phylum"
343874,0,"p",511038.758984246,"SAN17","SAO17","SAN17_vs_SAO17",0,"_Phylum",2,"343874_Phylum"
343874,0,"p",402064.995173686,"SAN17","TOK17","SAN17_vs_TOK17",0,"_Phylum",2,"343874_Phylum"
343874,0,"p",349066.073366373,"SAN17","VIE17","SAN17_vs_VIE17",0,"_Phylum",2,"343874_Phylum"
343874,0,"p",384299.012750439,"SAN17","ZRH17","SAN17_vs_ZRH17",0,"_Phylum",2,"343874_Phylum"
343874,0,"p",547554.018158862,"SAO17","TOK17","SAO17_vs_TOK17",0,"_Phylum",2,"343874_Phylum"
343874,0,"p",494555.096351549,"SAO17","VIE17","SAO17_vs_VIE17",0,"_Phylum",2,"343874_Phylum"
343874,0,"p",529788.035735616,"SAO17","ZRH17","SAO17_vs_ZRH17",0,"_Phylum",2,"343874_Phylum"
343874,0,"p",1522548.18474893,"TOK16","BAL17","TOK16_vs_BAL17",0,"_Phylum",2,"343874_Phylum"
343874,0,"p",1569632.07695688,"TOK16","DEN17","TOK16_vs_DEN17",0,"_Phylum",2,"343874_Phylum"
343874,0,"p",1608798.12358082,"TOK16","ILR17","TOK16_vs_ILR17",0,"_Phylum",2,"343874_Phylum"
343874,0,"p",1505081.47524647,"TOK16","MIN17","TOK16_vs_MIN17",0,"_Phylum",2,"343874_Phylum"
343874,0,"p",2024879.52836808,"TOK16","NYC17","TOK16_vs_NYC17",0,"_Phylum",2,"343874_Phylum"
343874,0,"p",1664569.0153535,"TOK16","SAN17","TOK16_vs_SAN17",0,"_Phylum",2,"343874_Phylum"
343874,0,"p",1810058.03833868,"TOK16","SAO17","TOK16_vs_SAO17",0,"_Phylum",2,"343874_Phylum"
343874,0,"p",1648085.3527208,"TOK16","VIE17","TOK16_vs_VIE17",0,"_Phylum",2,"343874_Phylum"
343874,0,"p",1683318.29210487,"TOK16","ZRH17","TOK16_vs_ZRH17",0,"_Phylum",2,"343874_Phylum"
343874,0,"p",385581.332540989,"TOK17","VIE17","TOK17_vs_VIE17",0,"_Phylum",1,"343874_Phylum"
343874,0,"p",420814.271925055,"TOK17","ZRH17","TOK17_vs_ZRH17",0,"_Phylum",2,"343874_Phylum"
343874,0,"p",367815.350117743,"VIE17","ZRH17","VIE17_vs_ZRH17",0,"_Phylum",2,"343874_Phylum"
861299,0,"p",4607.94960587864,"AKL16","BAL17","AKL16_vs_BAL17",0,"_Phylum",3,"861299_Phylum"
861299,0,"p",53854.8780215076,"AKL16","BER16","AKL16_vs_BER16",0,"_Phylum",3,"861299_Phylum"
861299,0,"p",32145.4006159788,"AKL16","BOG16","AKL16_vs_BOG16",0,"_Phylum",3,"861299_Phylum"
861299,0,"p",8445.52360998967,"AKL16","DEN17","AKL16_vs_DEN17",0,"_Phylum",3,"861299_Phylum"
861299,0,"p",5840.15326566059,"AKL16","DOH16","AKL16_vs_DOH16",0,"_Phylum",3,"861299_Phylum"
861299,0,"p",13446.9665413079,"AKL16","DOH17","AKL16_vs_DOH17",0,"_Phylum",3,"861299_Phylum"
861299,0,"p",7915.74274568796,"AKL16","ILR16","AKL16_vs_ILR16",0,"_Phylum",3,"861299_Phylum"
861299,0,"p",25013.6061363252,"AKL16","ILR17","AKL16_vs_ILR17",0,"_Phylum",3,"861299_Phylum"
861299,0,"p",5541.39169441305,"AKL16","MIN17","AKL16_vs_MIN17",0,"_Phylum",3,"861299_Phylum"
861299,0,"p",25804.9342074542,"AKL16","NYC16","AKL16_vs_NYC16",0,"_Phylum",3,"861299_Phylum"
861299,0,"p",11397.0173394064,"AKL16","NYC17","AKL16_vs_NYC17",0,"_Phylum",3,"861299_Phylum"
861299,0,"p",7938.66200198649,"AKL16","SAC16","AKL16_vs_SAC16",0,"_Phylum",4,"861299_Phylum"
861299,0,"p",6139.02319903124,"AKL16","SAN17","AKL16_vs_SAN17",0,"_Phylum",4,"861299_Phylum"
861299,0,"p",16284.5722168468,"AKL16","SAO17","AKL16_vs_SAO17",0,"_Phylum",3,"861299_Phylum"
861299,0,"p",101873.137499522,"AKL16","TOK16","AKL16_vs_TOK16",0,"_Phylum",3,"861299_Phylum"
861299,0,"p",24122.0890039489,"AKL16","TOK17","AKL16_vs_TOK17",0,"_Phylum",3,"861299_Phylum"
861299,0,"p",9957.60928560789,"AKL16","VIE17","AKL16_vs_VIE17",0,"_Phylum",3,"861299_Phylum"
861299,0,"p",35235.471361648,"AKL16","ZRH17","AKL16_vs_ZRH17",0,"_Phylum",3,"861299_Phylum"
861299,0,"p",21899.3408356071,"BAL17","ILR17","BAL17_vs_ILR17",0,"_Phylum",3,"861299_Phylum"
861299,0,"p",2427.12639369494,"BAL17","MIN17","BAL17_vs_MIN17",0,"_Phylum",3,"861299_Phylum"
861299,0,"p",3024.75789831312,"BAL17","SAN17","BAL17_vs_SAN17",0,"_Phylum",3,"861299_Phylum"
861299,0,"p",78278.0637308896,"BER16","BOG16","BER16_vs_BOG16",0,"_Phylum",3,"861299_Phylum"
861299,0,"p",54578.1867249005,"BER16","DEN17","BER16_vs_DEN17",0,"_Phylum",2,"861299_Phylum"
861299,0,"p",54048.4058605988,"BER16","ILR16","BER16_vs_ILR16",0,"_Phylum",3,"861299_Phylum"
861299,0,"p",71146.269251236,"BER16","ILR17","BER16_vs_ILR17",0,"_Phylum",4,"861299_Phylum"
861299,0,"p",51177.5159109062,"BER16","LIS16","BER16_vs_LIS16",0,"_Phylum",2,"861299_Phylum"
861299,0,"p",51674.0548093239,"BER16","MIN17","BER16_vs_MIN17",0,"_Phylum",4,"861299_Phylum"
861299,0,"p",71937.597322365,"BER16","NYC16","BER16_vs_NYC16",0,"_Phylum",3,"861299_Phylum"
861299,0,"p",54071.3251168973,"BER16","SAC16","BER16_vs_SAC16",0,"_Phylum",4,"861299_Phylum"
861299,0,"p",52271.6863139421,"BER16","SAN17","BER16_vs_SAN17",0,"_Phylum",4,"861299_Phylum"
861299,0,"p",81368.1344765588,"BER16","ZRH17","BER16_vs_ZRH17",0,"_Phylum",2,"861299_Phylum"
861299,0,"p",28931.6781908624,"BOG16","DEN16","BOG16_vs_DEN16",0,"_Phylum",3,"861299_Phylum"
861299,0,"p",30263.3389750426,"BOG16","DOH16","BOG16_vs_DOH16",0,"_Phylum",3,"861299_Phylum"
861299,0,"p",32338.92845507,"BOG16","ILR16","BOG16_vs_ILR16",0,"_Phylum",4,"861299_Phylum"
861299,0,"p",49436.7918457072,"BOG16","ILR17","BOG16_vs_ILR17",0,"_Phylum",3,"861299_Phylum"
861299,0,"p",29468.0385053775,"BOG16","LIS16","BOG16_vs_LIS16",0,"_Phylum",3,"861299_Phylum"
861299,0,"p",29964.5774037951,"BOG16","MIN17","BOG16_vs_MIN17",0,"_Phylum",3,"861299_Phylum"
861299,0,"p",50228.1199168362,"BOG16","NYC16","BOG16_vs_NYC16",0,"_Phylum",4,"861299_Phylum"
861299,0,"p",35820.2030487885,"BOG16","NYC17","BOG16_vs_NYC17",0,"_Phylum",3,"861299_Phylum"
861299,0,"p",32361.8477113685,"BOG16","SAC16","BOG16_vs_SAC16",0,"_Phylum",3,"861299_Phylum"
861299,0,"p",30562.2089084133,"BOG16","SAN17","BOG16_vs_SAN17",0,"_Phylum",3,"861299_Phylum"
861299,0,"p",126296.323208904,"BOG16","TOK16","BOG16_vs_TOK16",0,"_Phylum",4,"861299_Phylum"
861299,0,"p",1394.22718076219,"DEN16","BAL17","DEN16_vs_BAL17",0,"_Phylum",3,"861299_Phylum"
861299,0,"p",5231.80118487322,"DEN16","DEN17","DEN16_vs_DEN17",0,"_Phylum",3,"861299_Phylum"
861299,0,"p",10233.2441161915,"DEN16","DOH17","DEN16_vs_DOH17",0,"_Phylum",3,"861299_Phylum"
861299,0,"p",21799.8837112087,"DEN16","ILR17","DEN16_vs_ILR17",0,"_Phylum",3,"861299_Phylum"
861299,0,"p",2327.6692692966,"DEN16","MIN17","DEN16_vs_MIN17",0,"_Phylum",3,"861299_Phylum"
861299,0,"p",4724.93957687004,"DEN16","SAC16","DEN16_vs_SAC16",0,"_Phylum",3,"861299_Phylum"
861299,0,"p",2925.30077391479,"DEN16","SAN17","DEN16_vs_SAN17",0,"_Phylum",3,"861299_Phylum"
861299,0,"p",13070.8497917303,"DEN16","SAO17","DEN16_vs_SAO17",0,"_Phylum",3,"861299_Phylum"
861299,0,"p",20908.3665788325,"DEN16","TOK17","DEN16_vs_TOK17",0,"_Phylum",3,"861299_Phylum"
861299,0,"p",6743.88686049144,"DEN16","VIE17","DEN16_vs_VIE17",0,"_Phylum",3,"861299_Phylum"
861299,0,"p",32021.7489365315,"DEN16","ZRH17","DEN16_vs_ZRH17",0,"_Phylum",2,"861299_Phylum"
861299,0,"p",14170.2752447008,"DEN17","DOH17","DEN17_vs_DOH17",0,"_Phylum",3,"861299_Phylum"
861299,0,"p",6264.70039780596,"DEN17","MIN17","DEN17_vs_MIN17",0,"_Phylum",3,"861299_Phylum"
861299,0,"p",12120.3260427993,"DEN17","NYC17","DEN17_vs_NYC17",0,"_Phylum",3,"861299_Phylum"
861299,0,"p",6862.33190242415,"DEN17","SAN17","DEN17_vs_SAN17",0,"_Phylum",3,"861299_Phylum"
861299,0,"p",17007.8809202397,"DEN17","SAO17","DEN17_vs_SAO17",0,"_Phylum",3,"861299_Phylum"
861299,0,"p",24845.3977073418,"DEN17","TOK17","DEN17_vs_TOK17",0,"_Phylum",3,"861299_Phylum"
861299,0,"p",10680.9179890008,"DEN17","VIE17","DEN17_vs_VIE17",0,"_Phylum",2,"861299_Phylum"
861299,0,"p",6563.4619690535,"DOH16","DEN17","DOH16_vs_DEN17",0,"_Phylum",3,"861299_Phylum"
861299,0,"p",6033.68110475179,"DOH16","ILR16","DOH16_vs_ILR16",0,"_Phylum",3,"861299_Phylum"
861299,0,"p",23131.544495389,"DOH16","ILR17","DOH16_vs_ILR17",0,"_Phylum",3,"861299_Phylum"
861299,0,"p",3162.79115505925,"DOH16","LIS16","DOH16_vs_LIS16",0,"_Phylum",3,"861299_Phylum"
861299,0,"p",3659.33005347688,"DOH16","MIN17","DOH16_vs_MIN17",0,"_Phylum",3,"861299_Phylum"
861299,0,"p",6056.60036105031,"DOH16","SAC16","DOH16_vs_SAC16",0,"_Phylum",3,"861299_Phylum"
861299,0,"p",4256.96155809507,"DOH16","SAN17","DOH16_vs_SAN17",0,"_Phylum",3,"861299_Phylum"
861299,0,"p",33353.4097207118,"DOH16","ZRH17","DOH16_vs_ZRH17",0,"_Phylum",3,"861299_Phylum"
861299,0,"p",30738.3577710363,"DOH17","ILR17","DOH17_vs_ILR17",0,"_Phylum",3,"861299_Phylum"
861299,0,"p",11266.1433291242,"DOH17","MIN17","DOH17_vs_MIN17",0,"_Phylum",3,"861299_Phylum"
861299,0,"p",11863.7748337424,"DOH17","SAN17","DOH17_vs_SAN17",0,"_Phylum",3,"861299_Phylum"
861299,0,"p",40960.2229963591,"DOH17","ZRH17","DOH17_vs_ZRH17",0,"_Phylum",3,"861299_Phylum"
861299,0,"p",4801.47744496984,"ILR16","BAL17","ILR16_vs_BAL17",0,"_Phylum",3,"861299_Phylum"
861299,0,"p",8639.05144908087,"ILR16","DEN17","ILR16_vs_DEN17",0,"_Phylum",3,"861299_Phylum"
861299,0,"p",13640.4943803991,"ILR16","DOH17","ILR16_vs_DOH17",0,"_Phylum",3,"861299_Phylum"
861299,0,"p",25207.1339754164,"ILR16","ILR17","ILR16_vs_ILR17",0,"_Phylum",4,"861299_Phylum"
861299,0,"p",5734.91953350426,"ILR16","MIN17","ILR16_vs_MIN17",0,"_Phylum",4,"861299_Phylum"
861299,0,"p",25998.4620465454,"ILR16","NYC16","ILR16_vs_NYC16",0,"_Phylum",3,"861299_Phylum"
861299,0,"p",11590.5451784976,"ILR16","NYC17","ILR16_vs_NYC17",0,"_Phylum",4,"861299_Phylum"
861299,0,"p",8132.18984107769,"ILR16","SAC16","ILR16_vs_SAC16",0,"_Phylum",4,"861299_Phylum"
861299,0,"p",6332.55103812244,"ILR16","SAN17","ILR16_vs_SAN17",0,"_Phylum",4,"861299_Phylum"
861299,0,"p",16478.100055938,"ILR16","SAO17","ILR16_vs_SAO17",0,"_Phylum",2,"861299_Phylum"
861299,0,"p",102066.665338613,"ILR16","TOK16","ILR16_vs_TOK16",0,"_Phylum",3,"861299_Phylum"
861299,0,"p",24315.6168430401,"ILR16","TOK17","ILR16_vs_TOK17",0,"_Phylum",3,"861299_Phylum"
861299,0,"p",10151.1371246991,"ILR16","VIE17","ILR16_vs_VIE17",0,"_Phylum",4,"861299_Phylum"
861299,0,"p",35428.9992007392,"ILR16","ZRH17","ILR16_vs_ZRH17",0,"_Phylum",3,"861299_Phylum"
861299,0,"p",28688.4085691348,"ILR17","NYC17","ILR17_vs_NYC17",0,"_Phylum",3,"861299_Phylum"
861299,0,"p",23430.4144287597,"ILR17","SAN17","ILR17_vs_SAN17",0,"_Phylum",3,"861299_Phylum"
861299,0,"p",33575.9634465752,"ILR17","SAO17","ILR17_vs_SAO17",0,"_Phylum",3,"861299_Phylum"
861299,0,"p",41413.4802336773,"ILR17","TOK17","ILR17_vs_TOK17",0,"_Phylum",3,"861299_Phylum"
861299,0,"p",27249.0005153363,"ILR17","VIE17","ILR17_vs_VIE17",0,"_Phylum",3,"861299_Phylum"
861299,0,"p",52526.8625913764,"ILR17","ZRH17","ILR17_vs_ZRH17",0,"_Phylum",3,"861299_Phylum"
861299,0,"p",1930.58749527731,"LIS16","BAL17","LIS16_vs_BAL17",0,"_Phylum",3,"861299_Phylum"
861299,0,"p",5768.16149938834,"LIS16","DEN17","LIS16_vs_DEN17",0,"_Phylum",3,"861299_Phylum"
861299,0,"p",10769.6044307066,"LIS16","DOH17","LIS16_vs_DOH17",0,"_Phylum",3,"861299_Phylum"
861299,0,"p",22336.2440257238,"LIS16","ILR17","LIS16_vs_ILR17",0,"_Phylum",3,"861299_Phylum"
861299,0,"p",2864.02958381172,"LIS16","MIN17","LIS16_vs_MIN17",0,"_Phylum",4,"861299_Phylum"
861299,0,"p",23127.5720968528,"LIS16","NYC16","LIS16_vs_NYC16",0,"_Phylum",2,"861299_Phylum"
861299,0,"p",8719.6552288051,"LIS16","NYC17","LIS16_vs_NYC17",0,"_Phylum",3,"861299_Phylum"
861299,0,"p",5261.29989138515,"LIS16","SAC16","LIS16_vs_SAC16",0,"_Phylum",4,"861299_Phylum"
861299,0,"p",3461.66108842991,"LIS16","SAN17","LIS16_vs_SAN17",0,"_Phylum",4,"861299_Phylum"
861299,0,"p",13607.2101062454,"LIS16","SAO17","LIS16_vs_SAO17",0,"_Phylum",3,"861299_Phylum"
861299,0,"p",99195.7753889204,"LIS16","TOK16","LIS16_vs_TOK16",0,"_Phylum",3,"861299_Phylum"
861299,0,"p",21444.7268933476,"LIS16","TOK17","LIS16_vs_TOK17",0,"_Phylum",3,"861299_Phylum"
861299,0,"p",7280.24717500655,"LIS16","VIE17","LIS16_vs_VIE17",0,"_Phylum",3,"861299_Phylum"
861299,0,"p",32558.1092510466,"LIS16","ZRH17","LIS16_vs_ZRH17",0,"_Phylum",3,"861299_Phylum"
861299,0,"p",9216.19412722273,"MIN17","NYC17","MIN17_vs_NYC17",0,"_Phylum",2,"861299_Phylum"
861299,0,"p",14103.7490046631,"MIN17","SAO17","MIN17_vs_SAO17",0,"_Phylum",3,"861299_Phylum"
861299,0,"p",21941.2657917652,"MIN17","TOK17","MIN17_vs_TOK17",0,"_Phylum",3,"861299_Phylum"
861299,0,"p",7776.78607342418,"MIN17","VIE17","MIN17_vs_VIE17",0,"_Phylum",3,"861299_Phylum"
861299,0,"p",33054.6481494643,"MIN17","ZRH17","MIN17_vs_ZRH17",0,"_Phylum",3,"861299_Phylum"
861299,0,"p",22690.668906736,"NYC16","BAL17","NYC16_vs_BAL17",0,"_Phylum",3,"861299_Phylum"
861299,0,"p",26528.2429108471,"NYC16","DEN17","NYC16_vs_DEN17",0,"_Phylum",3,"861299_Phylum"
861299,0,"p",31529.6858421653,"NYC16","DOH17","NYC16_vs_DOH17",0,"_Phylum",3,"861299_Phylum"
861299,0,"p",43096.3254371826,"NYC16","ILR17","NYC16_vs_ILR17",0,"_Phylum",4,"861299_Phylum"
861299,0,"p",23624.1109952705,"NYC16","MIN17","NYC16_vs_MIN17",0,"_Phylum",4,"861299_Phylum"
861299,0,"p",29479.7366402638,"NYC16","NYC17","NYC16_vs_NYC17",0,"_Phylum",3,"861299_Phylum"
861299,0,"p",26021.3813028439,"NYC16","SAC16","NYC16_vs_SAC16",0,"_Phylum",4,"861299_Phylum"
861299,0,"p",24221.7424998886,"NYC16","SAN17","NYC16_vs_SAN17",0,"_Phylum",4,"861299_Phylum"
861299,0,"p",34367.2915177042,"NYC16","SAO17","NYC16_vs_SAO17",0,"_Phylum",3,"861299_Phylum"
861299,0,"p",119955.856800379,"NYC16","TOK16","NYC16_vs_TOK16",0,"_Phylum",3,"861299_Phylum"
861299,0,"p",42204.8083048063,"NYC16","TOK17","NYC16_vs_TOK17",0,"_Phylum",3,"861299_Phylum"
861299,0,"p",28040.3285864653,"NYC16","VIE17","NYC16_vs_VIE17",0,"_Phylum",3,"861299_Phylum"
861299,0,"p",53318.1906625054,"NYC16","ZRH17","NYC16_vs_ZRH17",0,"_Phylum",3,"861299_Phylum"
861299,0,"p",9813.82563184091,"NYC17","SAN17","NYC17_vs_SAN17",0,"_Phylum",3,"861299_Phylum"
861299,0,"p",38910.2737944577,"NYC17","ZRH17","NYC17_vs_ZRH17",0,"_Phylum",3,"861299_Phylum"
861299,0,"p",4824.39670126837,"SAC16","BAL17","SAC16_vs_BAL17",0,"_Phylum",3,"861299_Phylum"
861299,0,"p",8661.97070537939,"SAC16","DEN17","SAC16_vs_DEN17",0,"_Phylum",3,"861299_Phylum"
861299,0,"p",13663.4136366976,"SAC16","DOH17","SAC16_vs_DOH17",0,"_Phylum",3,"861299_Phylum"
861299,0,"p",25230.0532317149,"SAC16","ILR17","SAC16_vs_ILR17",0,"_Phylum",3,"861299_Phylum"
861299,0,"p",11613.4644347962,"SAC16","NYC17","SAC16_vs_NYC17",0,"_Phylum",3,"861299_Phylum"
861299,0,"p",16501.0193122365,"SAC16","SAO17","SAC16_vs_SAO17",0,"_Phylum",3,"861299_Phylum"
861299,0,"p",102089.584594911,"SAC16","TOK16","SAC16_vs_TOK16",0,"_Phylum",4,"861299_Phylum"
861299,0,"p",24338.5360993387,"SAC16","TOK17","SAC16_vs_TOK17",0,"_Phylum",3,"861299_Phylum"
861299,0,"p",10174.0563809976,"SAC16","VIE17","SAC16_vs_VIE17",0,"_Phylum",3,"861299_Phylum"
861299,0,"p",35451.9184570377,"SAC16","ZRH17","SAC16_vs_ZRH17",0,"_Phylum",3,"861299_Phylum"
861299,0,"p",14701.3805092812,"SAN17","SAO17","SAN17_vs_SAO17",0,"_Phylum",3,"861299_Phylum"
861299,0,"p",22538.8972963834,"SAN17","TOK17","SAN17_vs_TOK17",0,"_Phylum",3,"861299_Phylum"
861299,0,"p",8374.41757804237,"SAN17","VIE17","SAN17_vs_VIE17",0,"_Phylum",3,"861299_Phylum"
861299,0,"p",33652.2796540825,"SAN17","ZRH17","SAN17_vs_ZRH17",0,"_Phylum",3,"861299_Phylum"
861299,0,"p",43797.828671898,"SAO17","ZRH17","SAO17_vs_ZRH17",0,"_Phylum",3,"861299_Phylum"
861299,0,"p",102596.446202915,"TOK16","DEN17","TOK16_vs_DEN17",0,"_Phylum",3,"861299_Phylum"
861299,0,"p",119164.52872925,"TOK16","ILR17","TOK16_vs_ILR17",0,"_Phylum",4,"861299_Phylum"
861299,0,"p",99692.314287338,"TOK16","MIN17","TOK16_vs_MIN17",0,"_Phylum",4,"861299_Phylum"
861299,0,"p",100289.945791956,"TOK16","SAN17","TOK16_vs_SAN17",0,"_Phylum",4,"861299_Phylum"
861299,0,"p",118273.011596874,"TOK16","TOK17","TOK16_vs_TOK17",0,"_Phylum",2,"861299_Phylum"
861299,0,"p",104108.531878533,"TOK16","VIE17","TOK16_vs_VIE17",0,"_Phylum",4,"861299_Phylum"
861299,0,"p",129386.393954573,"TOK16","ZRH17","TOK16_vs_ZRH17",0,"_Phylum",3,"861299_Phylum"
861299,0,"p",51635.3454590001,"TOK17","ZRH17","TOK17_vs_ZRH17",0,"_Phylum",3,"861299_Phylum"
861299,0,"p",37470.8657406591,"VIE17","ZRH17","VIE17_vs_ZRH17",0,"_Phylum",3,"861299_Phylum"
980427,0,"p",24970.791141412,"BAL17","DEN17","BAL17_vs_DEN17",0,"_Phylum",5,"980427_Phylum"
980427,0,"p",118698.562106296,"BAL17","VIE17","BAL17_vs_VIE17",0,"_Phylum",5,"980427_Phylum"
980427,0,"p",466928.927910997,"BAL17","ZRH17","BAL17_vs_ZRH17",0,"_Phylum",5,"980427_Phylum"
980427,0,"p",247805.364182369,"BER16","DEN16","BER16_vs_DEN16",0,"_Phylum",4,"980427_Phylum"
980427,0,"p",253155.59861666,"BER16","DEN17","BER16_vs_DEN17",0,"_Phylum",5,"980427_Phylum"
980427,0,"p",505092.995040713,"BER16","SAO17","BER16_vs_SAO17",0,"_Phylum",5,"980427_Phylum"
980427,0,"p",621595.216753634,"BOG16","DEN17","BOG16_vs_DEN17",0,"_Phylum",5,"980427_Phylum"
980427,0,"p",7897.22509214596,"DEN16","LIS16","DEN16_vs_LIS16",0,"_Phylum",5,"980427_Phylum"
980427,0,"p",723509.734845665,"DEN16","NYC16","DEN16_vs_NYC16",0,"_Phylum",5,"980427_Phylum"
980427,0,"p",42185.9800965958,"DEN17","ILR17","DEN17_vs_ILR17",0,"_Phylum",5,"980427_Phylum"
980427,0,"p",271610.391807077,"DEN17","SAO17","DEN17_vs_SAO17",0,"_Phylum",5,"980427_Phylum"
980427,0,"p",113400.766347908,"DEN17","VIE17","DEN17_vs_VIE17",0,"_Phylum",4,"980427_Phylum"
980427,0,"p",461631.132152609,"DEN17","ZRH17","DEN17_vs_ZRH17",0,"_Phylum",3,"980427_Phylum"
980427,0,"p",23530.0359789745,"DOH16","BAL17","DOH16_vs_BAL17",0,"_Phylum",5,"980427_Phylum"
980427,0,"p",263978.395150291,"DOH16","DOH17","DOH16_vs_DOH17",0,"_Phylum",4,"980427_Phylum"
980427,0,"p",727419.214117519,"DOH16","NYC16","DOH16_vs_NYC16",0,"_Phylum",5,"980427_Phylum"
980427,0,"p",655480.906769736,"DOH16","NYC17","DOH16_vs_NYC17",0,"_Phylum",5,"980427_Phylum"
980427,0,"p",208231.242359415,"DOH16","TOK17","DOH16_vs_TOK17",0,"_Phylum",5,"980427_Phylum"
980427,0,"p",902667.816861878,"DOH17","NYC17","DOH17_vs_NYC17",0,"_Phylum",5,"980427_Phylum"
980427,0,"p",455418.152451557,"DOH17","TOK17","DOH17_vs_TOK17",0,"_Phylum",5,"980427_Phylum"
980427,0,"p",58352.165654938,"ILR17","MIN17","ILR17_vs_MIN17",0,"_Phylum",5,"980427_Phylum"
980427,0,"p",154830.306696668,"ILR17","SAN17","ILR17_vs_SAN17",0,"_Phylum",5,"980427_Phylum"
980427,0,"p",365338.162771961,"SAO17","VIE17","SAO17_vs_VIE17",0,"_Phylum",4,"980427_Phylum"
980427,0,"p",713568.528576662,"SAO17","ZRH17","SAO17_vs_ZRH17",0,"_Phylum",5,"980427_Phylum"
980427,0,"p",303399.768486737,"TOK17","VIE17","TOK17_vs_VIE17",0,"_Phylum",5,"980427_Phylum"
980427,0,"p",555358.903117493,"VIE17","ZRH17","VIE17_vs_ZRH17",0,"_Phylum",5,"980427_Phylum"
1806508,0,"p",3371.78490748585,"MIN17","NYC17","MIN17_vs_NYC17",0,"_Phylum",4,"1806508_Phylum"
2528023,0,"p",48449.4883913489,"DEN17","ZRH17","DEN17_vs_ZRH17",0,"_Phylum",4,"2528023_Phylum"
2528023,0,"p",41234.9433135956,"DOH16","DOH17","DOH16_vs_DOH17",0,"_Phylum",5,"2528023_Phylum"
2528023,0,"p",60710.2821157234,"SAO17","VIE17","SAO17_vs_VIE17",0,"_Phylum",5,"2528023_Phylum"
